====================================================================================================
TRANSFORMATION PROTOTYP LOG
====================================================================================================
/home/ljd/wsMA_prototyp/transform_projects/transform_riot/RIOT_log/transform6.log
====================================================================================================
Root: /home/ljd/riot/RIOT
Main file: Kconfig
Output dir: /home/ljd/wsMA_prototyp/transform_projects/transform_riot/RIOT_output
====================================================================================================
<zrtos_parser.ZRTOSParser object at 0x7c864b179400>
Defined symbols: 851
Unique symbols: 843
Files: 166

2. Build ExtParserContext FROM PARSER RESULTS
 Transformer used: ZRTOS
 call different attributes on options found in parser_result['unique_defined_syms']
====================================================================================================
Build context finished
    get_all_source_files: 
    parser found: Kconfig
    parser found: kconfigs/Kconfig.consts
    parser found: examples/basic/hello-world/bin/native64/generated/Kconfig.dep
    parser found: boards/native64/Kconfig
    parser found: cpu/native/Kconfig
    parser found: boards/Kconfig
    parser found: cpu/Kconfig
    parser found: core/Kconfig
    parser found: drivers/Kconfig
    parser found: drivers/dfplayer/Kconfig
    parser found: drivers/motor_driver/Kconfig
    parser found: drivers/ili9341/Kconfig
    parser found: drivers/lcd/Kconfig
    parser found: drivers/st77xx/Kconfig
    parser found: drivers/st77xx/Kconfig.st7735
    parser found: drivers/st77xx/Kconfig.st7789
    parser found: drivers/st77xx/Kconfig.st7796
    parser found: drivers/touch_dev_gestures/Kconfig
    parser found: drivers/at/Kconfig
    parser found: drivers/Kconfig.net
    parser found: drivers/netdev/Kconfig
    parser found: drivers/at86rf215/Kconfig
    parser found: drivers/cc110x/Kconfig
    parser found: cpu/nrf5x_common/radio/Kconfig.nrf5x
    parser found: cpu/nrf52/radio/nrf802154/Kconfig
    parser found: drivers/dose/Kconfig
    parser found: drivers/mrf24j40/Kconfig
    parser found: drivers/pn532/Kconfig
    parser found: drivers/rn2xx3/Kconfig
    parser found: drivers/slipdev/Kconfig
    parser found: drivers/periph_common/Kconfig
    parser found: drivers/periph_common/Kconfig.gpio
    parser found: drivers/periph_common/Kconfig.i2c
    parser found: drivers/periph_common/Kconfig.rtc
    parser found: drivers/periph_common/Kconfig.spi
    parser found: drivers/periph_common/Kconfig.timer
    parser found: drivers/periph_common/Kconfig.vbat
    parser found: drivers/periph_common/Kconfig.wdt
    parser found: drivers/ads1x1x/Kconfig
    parser found: drivers/bmx055/Kconfig
    parser found: drivers/fxos8700/Kconfig
    parser found: drivers/gp2y10xx/Kconfig
    parser found: drivers/hdc1000/Kconfig
    parser found: drivers/hm330x/Kconfig
    parser found: drivers/hsc/Kconfig
    parser found: drivers/isl29020/Kconfig
    parser found: drivers/l3g4200d/Kconfig
    parser found: drivers/l3gxxxx/Kconfig
    parser found: drivers/lm75/Kconfig
    parser found: drivers/lpsxxx/Kconfig
    parser found: drivers/mag3110/Kconfig
    parser found: drivers/matrix_keypad/Kconfig
    parser found: drivers/mma8x5x/Kconfig
    parser found: drivers/opt3001/Kconfig
    parser found: drivers/paa5100je/Kconfig
    parser found: drivers/seesaw_soil/Kconfig
    parser found: drivers/sht2x/Kconfig
    parser found: drivers/sm_pwm_01c/Kconfig
    parser found: drivers/sps30/Kconfig
    parser found: drivers/tcs37727/Kconfig
    parser found: drivers/tmp00x/Kconfig
    parser found: drivers/vl6180x/Kconfig
    parser found: drivers/mtd_sdcard/Kconfig
    parser found: sys/Kconfig
    parser found: sys/auto_init/Kconfig
    parser found: sys/can/Kconfig
    parser found: sys/chunked_ringbuffer/Kconfig
    parser found: sys/congure/Kconfig
    parser found: sys/congure/abe/Kconfig
    parser found: sys/congure/abe/Kconfig.config
    parser found: sys/congure/test/Kconfig
    parser found: sys/congure/test/Kconfig.config
    parser found: sys/debug_irq_disable/Kconfig
    parser found: sys/entropy_source/Kconfig
    parser found: sys/entropy_source/adc_noise/Kconfig
    parser found: sys/entropy_source/zero_entropy/Kconfig
    parser found: sys/fido2/Kconfig
    parser found: sys/fido2/ctap/Kconfig
    parser found: sys/fido2/ctap/transport/Kconfig
    parser found: sys/fido2/ctap/transport/hid/Kconfig
    parser found: sys/net/Kconfig
    parser found: sys/net/application_layer/Kconfig
    parser found: sys/net/application_layer/unicoap/Kconfig
    parser found: sys/net/application_layer/Kconfig.coap
    parser found: sys/net/application_layer/gcoap/Kconfig
    parser found: sys/net/application_layer/nanocoap/Kconfig
    parser found: sys/net/application_layer/cord/Kconfig
    parser found: sys/net/application_layer/dhcpv6/Kconfig
    parser found: sys/net/application_layer/dns/Kconfig
    parser found: sys/net/application_layer/sock_dodtls/Kconfig
    parser found: sys/net/application_layer/asymcute/Kconfig
    parser found: sys/net/application_layer/emcute/Kconfig
    parser found: sys/net/application_layer/telnet/Kconfig
    parser found: sys/net/ble/Kconfig
    parser found: sys/net/ble/skald/Kconfig
    parser found: sys/net/credman/Kconfig
    parser found: sys/net/gnrc/Kconfig
    parser found: sys/net/gnrc/application_layer/dhcpv6/Kconfig
    parser found: sys/net/gnrc/link_layer/lorawan/Kconfig
    parser found: sys/net/gnrc/netif/Kconfig
    parser found: sys/net/gnrc/netif/pktq/Kconfig
    parser found: sys/net/gnrc/network_layer/ipv6/Kconfig
    parser found: sys/net/gnrc/network_layer/ipv6/blacklist/Kconfig
    parser found: sys/net/gnrc/network_layer/ipv6/ext/frag/Kconfig
    parser found: sys/net/gnrc/network_layer/ipv6/nib/Kconfig
    parser found: sys/net/gnrc/network_layer/ipv6/whitelist/Kconfig
    parser found: sys/net/gnrc/network_layer/ipv6/static_addr/Kconfig
    parser found: sys/net/gnrc/network_layer/sixlowpan/Kconfig
    parser found: sys/net/gnrc/network_layer/sixlowpan/frag/Kconfig
    parser found: sys/net/gnrc/network_layer/sixlowpan/frag/fb/Kconfig
    parser found: sys/net/gnrc/network_layer/sixlowpan/frag/rb/Kconfig
    parser found: sys/net/gnrc/network_layer/sixlowpan/frag/vrb/Kconfig
    parser found: sys/net/gnrc/network_layer/sixlowpan/frag/sfr/Kconfig
    parser found: sys/net/gnrc/network_layer/sixlowpan/nd/Kconfig
    parser found: sys/net/gnrc/pktbuf/Kconfig
    parser found: sys/net/gnrc/pktdump/Kconfig
    parser found: sys/net/gnrc/routing/rpl/Kconfig
    parser found: sys/net/gnrc/transport_layer/tcp/Kconfig
    parser found: sys/net/sock/Kconfig
    parser found: sys/net/link_layer/Kconfig
    parser found: sys/net/link_layer/csma_sender/Kconfig
    parser found: sys/net/link_layer/ieee802154/Kconfig
    parser found: sys/net/link_layer/l2filter/Kconfig
    parser found: sys/net/link_layer/Kconfig.lorawan
    parser found: sys/net/lora/Kconfig
    parser found: sys/net/netif/Kconfig
    parser found: sys/progress_bar/Kconfig
    parser found: sys/psa_crypto/Kconfig
    parser found: sys/psa_crypto/Kconfig.keys
    parser found: sys/psa_crypto/psa_se_mgmt/Kconfig
    parser found: sys/shell/Kconfig
    parser found: sys/shell/Kconfig.config
    parser found: sys/shell_lock/Kconfig
    parser found: sys/usb/Kconfig
    parser found: sys/usb/usbus/Kconfig
    parser found: sys/usb/usbus/cdc/Kconfig
    parser found: sys/usb/usbus/cdc/acm/Kconfig
    parser found: sys/usb/usbus/cdc/ecm/Kconfig
    parser found: sys/usb/usbus/dfu/Kconfig
    parser found: sys/usb/usbus/hid/Kconfig
    parser found: sys/usb/usbus/msc/Kconfig
    parser found: pkg/Kconfig
    parser found: pkg/flashdb/Kconfig
    parser found: pkg/libfixmath/Kconfig
    parser found: pkg/libschc/Kconfig
    parser found: pkg/littlefs2/Kconfig
    parser found: pkg/lvgl/Kconfig
    parser found: pkg/mbedtls/Kconfig
    parser found: pkg/mbedtls/contrib/entropy/Kconfig
    parser found: pkg/semtech-loramac/Kconfig
    parser found: pkg/tinydtls/Kconfig
    parser found: pkg/tinyusb/Kconfig
    parser found: pkg/tinyusb/Kconfig.cdc
    parser found: pkg/tinyusb/dfu/Kconfig.dfu
    parser found: pkg/tinyusb/dfu/Kconfig.dfu_rt
    parser found: pkg/tinyusb/Kconfig.hid
    parser found: pkg/tinyusb/Kconfig.msc
    parser found: pkg/tinyvcdiff/Kconfig
    parser found: pkg/wakaama/Kconfig
    parser found: pkg/wakaama/contrib/objects/Kconfig
    parser found: pkg/wakaama/contrib/objects/Kconfig.device
    parser found: pkg/wakaama/contrib/objects/Kconfig.security
    parser found: pkg/wakaama/contrib/objects/Kconfig.ipso
    parser found: pkg/wakaama/contrib/objects/Kconfig.light_control
    parser found: examples/basic/hello-world/bin/native64/generated/Kconfig.external_modules
    parser found: examples/basic/hello-world/bin/native64/generated/Kconfig.external_pkgs

3. Filter ExtParserContext
extract all configdefault options and for each get transformed lines and last config
extract infos for named choices - their definition & entries
def dependencies extr: [['USEMODULE_AT'], ['AT86RF215_OQPSK', 'USEMODULE_AT86RF215'], ['AT86RF215_MR_OFDM', 'USEMODULE_AT86RF215'], ['AT86RF215_MR_FSK', 'USEMODULE_AT86RF215'], ['AT86RF215_MR_FSK', 'USEMODULE_AT86RF215'], ['AT86RF215_MR_FSK', 'USEMODULE_AT86RF215'], ['USEMODULE_L3GXXXX'], ['USEMODULE_L3GXXXX'], ['USEMODULE_L3GXXXX'], ['USEMODULE_L3GXXXX_FIFO', 'USEMODULE_L3GXXXX'], ['USEMODULE_L3GXXXX_IRQ_EVENT', 'USEMODULE_L3GXXXX'], ['USEMODULE_LM75'], ['USEMODULE_LM75'], ['USEMODULE_LM75'], ['USEMODULE_LM75'], ['USEMODULE_TMP1075', 'USEMODULE_LM75'], ['USEMODULE_OPT3001'], ['USEMODULE_SHT2X'], ['USEMODULE_SHT2X'], ['USEMODULE_TMP00X'], ['USEMODULE_VL6180X_RNG', 'USEMODULE_VL6180X_IRQ', 'USEMODULE_VL6180X'], ['USEMODULE_VL6180X_ALS', 'USEMODULE_VL6180X_IRQ', 'USEMODULE_VL6180X'], ['USEMODULE_ENTROPY_SOURCE_ADC_NOISE', 'USEMODULE_ENTROPY_SOURCE'], ['FIDO2_CTAP_DISABLE_UP', 'USEMODULE_FIDO2_CTAP', 'USEMODULE_FIDO2'], ['FIDO2_CTAP_DISABLE_UP', 'USEMODULE_FIDO2_CTAP', 'USEMODULE_FIDO2'], ['USEMODULE_GNRC_RPL', 'USEMODULE_GNRC'], ['USEMODULE_IEEE802154'], ['USEMODULE_GNRC_LORAWAN', 'USEPKG_SEMTECH_LORAMAC', 'USEMODULE_LORAWAN'], ['USEMODULE_GNRC_LORAWAN', 'USEMODULE_LORAWAN'], ['USEMODULE_GNRC_LORAWAN', 'USEPKG_SEMTECH_LORAMAC', 'USEMODULE_LORAWAN'], ['USEMODULE_LORAWAN'], ['USEMODULE_RN2XX3', 'USEMODULE_LORAWAN'], ['USEMODULE_LORAWAN'], ['LORAMAC_REGION_EU_868', 'USEMODULE_GNRC_LORAWAN', 'USEMODULE_RN2XX3', 'USEMODULE_LORAWAN'], ['LORAMAC_REGION_IN_865', 'USEMODULE_GNRC_LORAWAN', 'USEMODULE_RN2XX3', 'USEMODULE_LORAWAN'], ['USEMODULE_LORA'], ['USEMODULE_LORA'], ['USEMODULE_LORA'], ['USEMODULE_USBUS', 'USEMODULE_PERIPH_USBDEV', 'USEMODULE_TINYUSB_DEVICE', 'USEMODULE_USBDEV_MOCK'], ['USEMODULE_USBUS_CDC_ACM', 'USEMODULE_PERIPH_USBDEV', 'USEMODULE_TINYUSB_DEVICE', 'USEMODULE_USBDEV_MOCK'], ['USEPKG_WAKAAMA']]
dep dependencies extr: [['USEMODULE_AT'], ['AT86RF215_OQPSK', 'USEMODULE_AT86RF215'], ['AT86RF215_MR_OQPSK', 'USEMODULE_AT86RF215'], ['AT86RF215_MR_OFDM', 'USEMODULE_AT86RF215'], ['AT86RF215_MR_FSK', 'USEMODULE_AT86RF215'], ['AT86RF215_MR_FSK', 'USEMODULE_AT86RF215'], ['AT86RF215_MR_FSK', 'USEMODULE_AT86RF215'], ['USEMODULE_AT86RF215'], ['USEMODULE_L3GXXXX'], ['USEMODULE_L3GXXXX'], ['USEMODULE_L3GXXXX'], ['L3GXXXX_HPF_ONLY', 'L3GXXXX_HPF_AND_LPF2', 'L3GXXXX_INT1_HPF_ONLY', 'L3GXXXX_INT1_HPF_AND_LPF2', 'USEMODULE_L3GXXXX'], ['USEMODULE_L3GXXXX_FIFO', 'USEMODULE_L3GXXXX'], ['USEMODULE_L3GXXXX_IRQ_EVENT', 'USEMODULE_L3GXXXX'], ['USEMODULE_LM75'], ['USEMODULE_LM75'], ['USEMODULE_LM75'], ['USEMODULE_LM75'], ['USEMODULE_TMP1075', 'USEMODULE_LM75'], ['USEMODULE_OPT3001'], ['USEMODULE_SHT2X'], ['USEMODULE_SHT2X'], ['USEMODULE_TMP00X'], ['USEMODULE_VL6180X_RNG', 'USEMODULE_VL6180X_IRQ', 'USEMODULE_VL6180X'], ['USEMODULE_VL6180X_ALS', 'USEMODULE_VL6180X_IRQ', 'USEMODULE_VL6180X'], ['USEMODULE_ENTROPY_SOURCE_ADC_NOISE', 'USEMODULE_ENTROPY_SOURCE'], ['FIDO2_CTAP_DISABLE_UP', 'USEMODULE_FIDO2_CTAP', 'USEMODULE_FIDO2'], ['FIDO2_CTAP_DISABLE_UP', 'USEMODULE_FIDO2_CTAP', 'USEMODULE_FIDO2'], ['USEMODULE_GNRC_RPL', 'USEMODULE_GNRC'], ['USEMODULE_IEEE802154'], ['USEMODULE_GNRC_LORAWAN', 'USEPKG_SEMTECH_LORAMAC', 'USEMODULE_LORAWAN'], ['USEMODULE_GNRC_LORAWAN', 'USEMODULE_LORAWAN'], ['USEMODULE_GNRC_LORAWAN', 'USEPKG_SEMTECH_LORAMAC', 'USEMODULE_LORAWAN'], ['USEMODULE_LORAWAN'], ['USEMODULE_RN2XX3', 'USEMODULE_LORAWAN'], ['USEMODULE_LORAWAN'], ['USEMODULE_GNRC_LORAWAN', 'USEMODULE_RN2XX3', 'USEMODULE_LORAWAN'], ['USEMODULE_LORA'], ['USEMODULE_LORA'], ['USEMODULE_LORA'], ['USEMODULE_USBUS', 'USEMODULE_PERIPH_USBDEV', 'USEMODULE_TINYUSB_DEVICE', 'USEMODULE_USBDEV_MOCK'], ['USEMODULE_USBUS_CDC_ACM', 'USEMODULE_PERIPH_USBDEV', 'USEMODULE_TINYUSB_DEVICE', 'USEMODULE_USBDEV_MOCK'], ['USEMODULE_PERIPH_USBDEV', 'USEMODULE_TINYUSB_DEVICE', 'USEMODULE_USBDEV_MOCK'], ['USEPKG_WAKAAMA']]


=== _get_all_choice_configs for None ===
  Found 44 definitions:
    [0] file=drivers/at/Kconfig, line=11
    [1] file=drivers/at86rf215/Kconfig, line=19
    [2] file=drivers/at86rf215/Kconfig, line=56
    [3] file=drivers/at86rf215/Kconfig, line=89
    [4] file=drivers/at86rf215/Kconfig, line=137
    [5] file=drivers/at86rf215/Kconfig, line=180
    [6] file=drivers/at86rf215/Kconfig, line=197
    [7] file=drivers/at86rf215/Kconfig, line=220
    [8] file=drivers/l3gxxxx/Kconfig, line=11
    [9] file=drivers/l3gxxxx/Kconfig, line=62
    [10] file=drivers/l3gxxxx/Kconfig, line=91
    [11] file=drivers/l3gxxxx/Kconfig, line=123
    [12] file=drivers/l3gxxxx/Kconfig, line=162
    [13] file=drivers/l3gxxxx/Kconfig, line=283
    [14] file=drivers/lm75/Kconfig, line=14
    [15] file=drivers/lm75/Kconfig, line=29
    [16] file=drivers/lm75/Kconfig, line=50
    [17] file=drivers/lm75/Kconfig, line=65
    [18] file=drivers/lm75/Kconfig, line=91
    [19] file=drivers/opt3001/Kconfig, line=22
    [20] file=drivers/sht2x/Kconfig, line=10
    [21] file=drivers/sht2x/Kconfig, line=26
    [22] file=drivers/tmp00x/Kconfig, line=22
    [23] file=drivers/vl6180x/Kconfig, line=75
    [24] file=drivers/vl6180x/Kconfig, line=121
    [25] file=sys/entropy_source/adc_noise/Kconfig, line=10
    [26] file=sys/fido2/ctap/Kconfig, line=47
    [27] file=sys/fido2/ctap/Kconfig, line=69
    [28] file=sys/net/gnrc/routing/rpl/Kconfig, line=81
    [29] file=sys/net/link_layer/ieee802154/Kconfig, line=10
    [30] file=sys/net/link_layer/Kconfig.lorawan, line=4
    [31] file=sys/net/link_layer/Kconfig.lorawan, line=54
    [32] file=sys/net/link_layer/Kconfig.lorawan, line=179
    [33] file=sys/net/link_layer/Kconfig.lorawan, line=230
    [34] file=sys/net/link_layer/Kconfig.lorawan, line=294
    [35] file=sys/net/link_layer/Kconfig.lorawan, line=369
    [36] file=sys/net/link_layer/Kconfig.lorawan, line=442
    [37] file=sys/net/lora/Kconfig, line=32
    [38] file=sys/net/lora/Kconfig, line=50
    [39] file=sys/net/lora/Kconfig, line=85
    [40] file=sys/usb/usbus/Kconfig, line=18
    [41] file=sys/usb/usbus/cdc/acm/Kconfig, line=21
    [42] file=sys/usb/Kconfig, line=27
    [43] file=pkg/wakaama/contrib/objects/Kconfig.device, line=10
  Extracted node_deps: [['USEMODULE_AT'], ['AT86RF215_OQPSK', 'USEMODULE_AT86RF215'], ['AT86RF215_MR_OQPSK', 'USEMODULE_AT86RF215'], ['AT86RF215_MR_OFDM', 'USEMODULE_AT86RF215'], ['AT86RF215_MR_FSK', 'USEMODULE_AT86RF215'], ['AT86RF215_MR_FSK', 'USEMODULE_AT86RF215'], ['AT86RF215_MR_FSK', 'USEMODULE_AT86RF215'], ['USEMODULE_AT86RF215'], ['USEMODULE_L3GXXXX'], ['USEMODULE_L3GXXXX'], ['USEMODULE_L3GXXXX'], ['L3GXXXX_HPF_ONLY', 'L3GXXXX_HPF_AND_LPF2', 'L3GXXXX_INT1_HPF_ONLY', 'L3GXXXX_INT1_HPF_AND_LPF2', 'USEMODULE_L3GXXXX'], ['USEMODULE_L3GXXXX_FIFO', 'USEMODULE_L3GXXXX'], ['USEMODULE_L3GXXXX_IRQ_EVENT', 'USEMODULE_L3GXXXX'], ['USEMODULE_LM75'], ['USEMODULE_LM75'], ['USEMODULE_LM75'], ['USEMODULE_LM75'], ['USEMODULE_TMP1075', 'USEMODULE_LM75'], ['USEMODULE_OPT3001'], ['USEMODULE_SHT2X'], ['USEMODULE_SHT2X'], ['USEMODULE_TMP00X'], ['USEMODULE_VL6180X_RNG', 'USEMODULE_VL6180X_IRQ', 'USEMODULE_VL6180X'], ['USEMODULE_VL6180X_ALS', 'USEMODULE_VL6180X_IRQ', 'USEMODULE_VL6180X'], ['USEMODULE_ENTROPY_SOURCE_ADC_NOISE', 'USEMODULE_ENTROPY_SOURCE'], ['FIDO2_CTAP_DISABLE_UP', 'USEMODULE_FIDO2_CTAP', 'USEMODULE_FIDO2'], ['FIDO2_CTAP_DISABLE_UP', 'USEMODULE_FIDO2_CTAP', 'USEMODULE_FIDO2'], ['USEMODULE_GNRC_RPL', 'USEMODULE_GNRC'], ['USEMODULE_IEEE802154'], ['USEMODULE_GNRC_LORAWAN', 'USEPKG_SEMTECH_LORAMAC', 'USEMODULE_LORAWAN'], ['USEMODULE_GNRC_LORAWAN', 'USEMODULE_LORAWAN'], ['USEMODULE_GNRC_LORAWAN', 'USEPKG_SEMTECH_LORAMAC', 'USEMODULE_LORAWAN'], ['USEMODULE_LORAWAN'], ['USEMODULE_RN2XX3', 'USEMODULE_LORAWAN'], ['USEMODULE_LORAWAN'], ['USEMODULE_GNRC_LORAWAN', 'USEMODULE_RN2XX3', 'USEMODULE_LORAWAN'], ['USEMODULE_LORA'], ['USEMODULE_LORA'], ['USEMODULE_LORA'], ['USEMODULE_USBUS', 'USEMODULE_PERIPH_USBDEV', 'USEMODULE_TINYUSB_DEVICE', 'USEMODULE_USBDEV_MOCK'], ['USEMODULE_USBUS_CDC_ACM', 'USEMODULE_PERIPH_USBDEV', 'USEMODULE_TINYUSB_DEVICE', 'USEMODULE_USBDEV_MOCK'], ['USEMODULE_PERIPH_USBDEV', 'USEMODULE_TINYUSB_DEVICE', 'USEMODULE_USBDEV_MOCK'], ['USEPKG_WAKAAMA']]
  Extracted default_deps: [['USEMODULE_AT'], ['AT86RF215_OQPSK', 'USEMODULE_AT86RF215'], ['AT86RF215_MR_OFDM', 'USEMODULE_AT86RF215'], ['AT86RF215_MR_FSK', 'USEMODULE_AT86RF215'], ['AT86RF215_MR_FSK', 'USEMODULE_AT86RF215'], ['AT86RF215_MR_FSK', 'USEMODULE_AT86RF215'], ['USEMODULE_L3GXXXX'], ['USEMODULE_L3GXXXX'], ['USEMODULE_L3GXXXX'], ['USEMODULE_L3GXXXX_FIFO', 'USEMODULE_L3GXXXX'], ['USEMODULE_L3GXXXX_IRQ_EVENT', 'USEMODULE_L3GXXXX'], ['USEMODULE_LM75'], ['USEMODULE_LM75'], ['USEMODULE_LM75'], ['USEMODULE_LM75'], ['USEMODULE_TMP1075', 'USEMODULE_LM75'], ['USEMODULE_OPT3001'], ['USEMODULE_SHT2X'], ['USEMODULE_SHT2X'], ['USEMODULE_TMP00X'], ['USEMODULE_VL6180X_RNG', 'USEMODULE_VL6180X_IRQ', 'USEMODULE_VL6180X'], ['USEMODULE_VL6180X_ALS', 'USEMODULE_VL6180X_IRQ', 'USEMODULE_VL6180X'], ['USEMODULE_ENTROPY_SOURCE_ADC_NOISE', 'USEMODULE_ENTROPY_SOURCE'], ['FIDO2_CTAP_DISABLE_UP', 'USEMODULE_FIDO2_CTAP', 'USEMODULE_FIDO2'], ['FIDO2_CTAP_DISABLE_UP', 'USEMODULE_FIDO2_CTAP', 'USEMODULE_FIDO2'], ['USEMODULE_GNRC_RPL', 'USEMODULE_GNRC'], ['USEMODULE_IEEE802154'], ['USEMODULE_GNRC_LORAWAN', 'USEPKG_SEMTECH_LORAMAC', 'USEMODULE_LORAWAN'], ['USEMODULE_GNRC_LORAWAN', 'USEMODULE_LORAWAN'], ['USEMODULE_GNRC_LORAWAN', 'USEPKG_SEMTECH_LORAMAC', 'USEMODULE_LORAWAN'], ['USEMODULE_LORAWAN'], ['USEMODULE_RN2XX3', 'USEMODULE_LORAWAN'], ['USEMODULE_LORAWAN'], ['LORAMAC_REGION_EU_868', 'USEMODULE_GNRC_LORAWAN', 'USEMODULE_RN2XX3', 'USEMODULE_LORAWAN'], ['LORAMAC_REGION_IN_865', 'USEMODULE_GNRC_LORAWAN', 'USEMODULE_RN2XX3', 'USEMODULE_LORAWAN'], ['USEMODULE_LORA'], ['USEMODULE_LORA'], ['USEMODULE_LORA'], ['USEMODULE_USBUS', 'USEMODULE_PERIPH_USBDEV', 'USEMODULE_TINYUSB_DEVICE', 'USEMODULE_USBDEV_MOCK'], ['USEMODULE_USBUS_CDC_ACM', 'USEMODULE_PERIPH_USBDEV', 'USEMODULE_TINYUSB_DEVICE', 'USEMODULE_USBDEV_MOCK'], ['USEPKG_WAKAAMA']]

  Processing definition [0]: drivers/at/Kconfig:11
    Looking for file: /home/ljd/riot/RIOT/drivers/at/Kconfig
    File exists, reading...


Reader found: 59 lines in /home/ljd/riot/RIOT/drivers/at/Kconfig
    Read 59 lines
    node_deps for definition [0]: ['USEMODULE_AT']
    Found choice at line index 10, line_number=11
  DEBUG: Found choice None at drivers/at/Kconfig:11
  Finished processing definition [0]

  Processing definition [1]: drivers/at86rf215/Kconfig:19
    Looking for file: /home/ljd/riot/RIOT/drivers/at86rf215/Kconfig
    File exists, reading...


Reader found: 309 lines in /home/ljd/riot/RIOT/drivers/at86rf215/Kconfig
    Read 309 lines
    node_deps for definition [1]: ['AT86RF215_OQPSK', 'USEMODULE_AT86RF215']
    Found choice at line index 18, line_number=19
  DEBUG: Found choice None at drivers/at86rf215/Kconfig:19
  Finished processing definition [1]

  Processing definition [2]: drivers/at86rf215/Kconfig:56
    Looking for file: /home/ljd/riot/RIOT/drivers/at86rf215/Kconfig
    File exists, reading...


Reader found: 309 lines in /home/ljd/riot/RIOT/drivers/at86rf215/Kconfig
    Read 309 lines
    node_deps for definition [2]: ['AT86RF215_MR_OQPSK', 'USEMODULE_AT86RF215']
    Found choice at line index 55, line_number=56
  DEBUG: Found choice None at drivers/at86rf215/Kconfig:56
  Finished processing definition [2]

  Processing definition [3]: drivers/at86rf215/Kconfig:89
    Looking for file: /home/ljd/riot/RIOT/drivers/at86rf215/Kconfig
    File exists, reading...


Reader found: 309 lines in /home/ljd/riot/RIOT/drivers/at86rf215/Kconfig
    Read 309 lines
    node_deps for definition [3]: ['AT86RF215_MR_OFDM', 'USEMODULE_AT86RF215']
    Found choice at line index 88, line_number=89
  DEBUG: Found choice None at drivers/at86rf215/Kconfig:89
  Finished processing definition [3]

  Processing definition [4]: drivers/at86rf215/Kconfig:137
    Looking for file: /home/ljd/riot/RIOT/drivers/at86rf215/Kconfig
    File exists, reading...


Reader found: 309 lines in /home/ljd/riot/RIOT/drivers/at86rf215/Kconfig
    Read 309 lines
    node_deps for definition [4]: ['AT86RF215_MR_FSK', 'USEMODULE_AT86RF215']
    Found choice at line index 136, line_number=137
  DEBUG: Found choice None at drivers/at86rf215/Kconfig:137
  Finished processing definition [4]

  Processing definition [5]: drivers/at86rf215/Kconfig:180
    Looking for file: /home/ljd/riot/RIOT/drivers/at86rf215/Kconfig
    File exists, reading...


Reader found: 309 lines in /home/ljd/riot/RIOT/drivers/at86rf215/Kconfig
    Read 309 lines
    node_deps for definition [5]: ['AT86RF215_MR_FSK', 'USEMODULE_AT86RF215']
    Found choice at line index 179, line_number=180
  DEBUG: Found choice None at drivers/at86rf215/Kconfig:180
  Finished processing definition [5]

  Processing definition [6]: drivers/at86rf215/Kconfig:197
    Looking for file: /home/ljd/riot/RIOT/drivers/at86rf215/Kconfig
    File exists, reading...


Reader found: 309 lines in /home/ljd/riot/RIOT/drivers/at86rf215/Kconfig
    Read 309 lines
    node_deps for definition [6]: ['AT86RF215_MR_FSK', 'USEMODULE_AT86RF215']
    Found choice at line index 196, line_number=197
  DEBUG: Found choice None at drivers/at86rf215/Kconfig:197
  Finished processing definition [6]

  Processing definition [7]: drivers/at86rf215/Kconfig:220
    Looking for file: /home/ljd/riot/RIOT/drivers/at86rf215/Kconfig
    File exists, reading...


Reader found: 309 lines in /home/ljd/riot/RIOT/drivers/at86rf215/Kconfig
    Read 309 lines
    node_deps for definition [7]: ['USEMODULE_AT86RF215']
    Found choice at line index 219, line_number=220
  DEBUG: Found choice None at drivers/at86rf215/Kconfig:220
  Finished processing definition [7]

  Processing definition [8]: drivers/l3gxxxx/Kconfig:11
    Looking for file: /home/ljd/riot/RIOT/drivers/l3gxxxx/Kconfig
    File exists, reading...


Reader found: 325 lines in /home/ljd/riot/RIOT/drivers/l3gxxxx/Kconfig
    Read 325 lines
    node_deps for definition [8]: ['USEMODULE_L3GXXXX']
    Found choice at line index 10, line_number=11
  DEBUG: Found choice None at drivers/l3gxxxx/Kconfig:11
  Finished processing definition [8]

  Processing definition [9]: drivers/l3gxxxx/Kconfig:62
    Looking for file: /home/ljd/riot/RIOT/drivers/l3gxxxx/Kconfig
    File exists, reading...


Reader found: 325 lines in /home/ljd/riot/RIOT/drivers/l3gxxxx/Kconfig
    Read 325 lines
    node_deps for definition [9]: ['USEMODULE_L3GXXXX']
    Found choice at line index 61, line_number=62
  DEBUG: Found choice None at drivers/l3gxxxx/Kconfig:62
  Finished processing definition [9]

  Processing definition [10]: drivers/l3gxxxx/Kconfig:91
    Looking for file: /home/ljd/riot/RIOT/drivers/l3gxxxx/Kconfig
    File exists, reading...


Reader found: 325 lines in /home/ljd/riot/RIOT/drivers/l3gxxxx/Kconfig
    Read 325 lines
    node_deps for definition [10]: ['USEMODULE_L3GXXXX']
    Found choice at line index 90, line_number=91
  DEBUG: Found choice None at drivers/l3gxxxx/Kconfig:91
  Finished processing definition [10]

  Processing definition [11]: drivers/l3gxxxx/Kconfig:123
    Looking for file: /home/ljd/riot/RIOT/drivers/l3gxxxx/Kconfig
    File exists, reading...


Reader found: 325 lines in /home/ljd/riot/RIOT/drivers/l3gxxxx/Kconfig
    Read 325 lines
    node_deps for definition [11]: ['L3GXXXX_HPF_ONLY', 'L3GXXXX_HPF_AND_LPF2', 'L3GXXXX_INT1_HPF_ONLY', 'L3GXXXX_INT1_HPF_AND_LPF2', 'USEMODULE_L3GXXXX']
    Found choice at line index 122, line_number=123
  DEBUG: Found choice None at drivers/l3gxxxx/Kconfig:123
  Finished processing definition [11]

  Processing definition [12]: drivers/l3gxxxx/Kconfig:162
    Looking for file: /home/ljd/riot/RIOT/drivers/l3gxxxx/Kconfig
    File exists, reading...


Reader found: 325 lines in /home/ljd/riot/RIOT/drivers/l3gxxxx/Kconfig
    Read 325 lines
    node_deps for definition [12]: ['USEMODULE_L3GXXXX_FIFO', 'USEMODULE_L3GXXXX']
    Found choice at line index 161, line_number=162
  DEBUG: Found choice None at drivers/l3gxxxx/Kconfig:162
  Finished processing definition [12]

  Processing definition [13]: drivers/l3gxxxx/Kconfig:283
    Looking for file: /home/ljd/riot/RIOT/drivers/l3gxxxx/Kconfig
    File exists, reading...


Reader found: 325 lines in /home/ljd/riot/RIOT/drivers/l3gxxxx/Kconfig
    Read 325 lines
    node_deps for definition [13]: ['USEMODULE_L3GXXXX_IRQ_EVENT', 'USEMODULE_L3GXXXX']
    Found choice at line index 282, line_number=283
  DEBUG: Found choice None at drivers/l3gxxxx/Kconfig:283
  Finished processing definition [13]

  Processing definition [14]: drivers/lm75/Kconfig:14
    Looking for file: /home/ljd/riot/RIOT/drivers/lm75/Kconfig
    File exists, reading...


Reader found: 114 lines in /home/ljd/riot/RIOT/drivers/lm75/Kconfig
    Read 114 lines
    node_deps for definition [14]: ['USEMODULE_LM75']
    Found choice at line index 13, line_number=14
  DEBUG: Found choice None at drivers/lm75/Kconfig:14
  Finished processing definition [14]

  Processing definition [15]: drivers/lm75/Kconfig:29
    Looking for file: /home/ljd/riot/RIOT/drivers/lm75/Kconfig
    File exists, reading...


Reader found: 114 lines in /home/ljd/riot/RIOT/drivers/lm75/Kconfig
    Read 114 lines
    node_deps for definition [15]: ['USEMODULE_LM75']
    Found choice at line index 28, line_number=29
  DEBUG: Found choice None at drivers/lm75/Kconfig:29
  Finished processing definition [15]

  Processing definition [16]: drivers/lm75/Kconfig:50
    Looking for file: /home/ljd/riot/RIOT/drivers/lm75/Kconfig
    File exists, reading...


Reader found: 114 lines in /home/ljd/riot/RIOT/drivers/lm75/Kconfig
    Read 114 lines
    node_deps for definition [16]: ['USEMODULE_LM75']
    Found choice at line index 49, line_number=50
  DEBUG: Found choice None at drivers/lm75/Kconfig:50
  Finished processing definition [16]

  Processing definition [17]: drivers/lm75/Kconfig:65
    Looking for file: /home/ljd/riot/RIOT/drivers/lm75/Kconfig
    File exists, reading...


Reader found: 114 lines in /home/ljd/riot/RIOT/drivers/lm75/Kconfig
    Read 114 lines
    node_deps for definition [17]: ['USEMODULE_LM75']
    Found choice at line index 64, line_number=65
  DEBUG: Found choice None at drivers/lm75/Kconfig:65
  Finished processing definition [17]

  Processing definition [18]: drivers/lm75/Kconfig:91
    Looking for file: /home/ljd/riot/RIOT/drivers/lm75/Kconfig
    File exists, reading...


Reader found: 114 lines in /home/ljd/riot/RIOT/drivers/lm75/Kconfig
    Read 114 lines
    node_deps for definition [18]: ['USEMODULE_TMP1075', 'USEMODULE_LM75']
    Found choice at line index 90, line_number=91
  DEBUG: Found choice None at drivers/lm75/Kconfig:91
  Finished processing definition [18]

  Processing definition [19]: drivers/opt3001/Kconfig:22
    Looking for file: /home/ljd/riot/RIOT/drivers/opt3001/Kconfig
    File exists, reading...


Reader found: 38 lines in /home/ljd/riot/RIOT/drivers/opt3001/Kconfig
    Read 38 lines
    node_deps for definition [19]: ['USEMODULE_OPT3001']
    Found choice at line index 21, line_number=22
  DEBUG: Found choice None at drivers/opt3001/Kconfig:22
  Finished processing definition [19]

  Processing definition [20]: drivers/sht2x/Kconfig:10
    Looking for file: /home/ljd/riot/RIOT/drivers/sht2x/Kconfig
    File exists, reading...


Reader found: 56 lines in /home/ljd/riot/RIOT/drivers/sht2x/Kconfig
    Read 56 lines
    node_deps for definition [20]: ['USEMODULE_SHT2X']
    Found choice at line index 9, line_number=10
  DEBUG: Found choice None at drivers/sht2x/Kconfig:10
  Finished processing definition [20]

  Processing definition [21]: drivers/sht2x/Kconfig:26
    Looking for file: /home/ljd/riot/RIOT/drivers/sht2x/Kconfig
    File exists, reading...


Reader found: 56 lines in /home/ljd/riot/RIOT/drivers/sht2x/Kconfig
    Read 56 lines
    node_deps for definition [21]: ['USEMODULE_SHT2X']
    Found choice at line index 25, line_number=26
  DEBUG: Found choice None at drivers/sht2x/Kconfig:26
  Finished processing definition [21]

  Processing definition [22]: drivers/tmp00x/Kconfig:22
    Looking for file: /home/ljd/riot/RIOT/drivers/tmp00x/Kconfig
    File exists, reading...


Reader found: 61 lines in /home/ljd/riot/RIOT/drivers/tmp00x/Kconfig
    Read 61 lines
    node_deps for definition [22]: ['USEMODULE_TMP00X']
    Found choice at line index 21, line_number=22
  DEBUG: Found choice None at drivers/tmp00x/Kconfig:22
  Finished processing definition [22]

  Processing definition [23]: drivers/vl6180x/Kconfig:75
    Looking for file: /home/ljd/riot/RIOT/drivers/vl6180x/Kconfig
    File exists, reading...


Reader found: 169 lines in /home/ljd/riot/RIOT/drivers/vl6180x/Kconfig
    Read 169 lines
    node_deps for definition [23]: ['USEMODULE_VL6180X_RNG', 'USEMODULE_VL6180X_IRQ', 'USEMODULE_VL6180X']
    Found choice at line index 74, line_number=75
  DEBUG: Found choice None at drivers/vl6180x/Kconfig:75
  Finished processing definition [23]

  Processing definition [24]: drivers/vl6180x/Kconfig:121
    Looking for file: /home/ljd/riot/RIOT/drivers/vl6180x/Kconfig
    File exists, reading...


Reader found: 169 lines in /home/ljd/riot/RIOT/drivers/vl6180x/Kconfig
    Read 169 lines
    node_deps for definition [24]: ['USEMODULE_VL6180X_ALS', 'USEMODULE_VL6180X_IRQ', 'USEMODULE_VL6180X']
    Found choice at line index 120, line_number=121
  DEBUG: Found choice None at drivers/vl6180x/Kconfig:121
  Finished processing definition [24]

  Processing definition [25]: sys/entropy_source/adc_noise/Kconfig:10
    Looking for file: /home/ljd/riot/RIOT/sys/entropy_source/adc_noise/Kconfig
    File exists, reading...


Reader found: 72 lines in /home/ljd/riot/RIOT/sys/entropy_source/adc_noise/Kconfig
    Read 72 lines
    node_deps for definition [25]: ['USEMODULE_ENTROPY_SOURCE_ADC_NOISE', 'USEMODULE_ENTROPY_SOURCE']
    Found choice at line index 9, line_number=10
  DEBUG: Found choice None at sys/entropy_source/adc_noise/Kconfig:10
  Finished processing definition [25]

  Processing definition [26]: sys/fido2/ctap/Kconfig:47
    Looking for file: /home/ljd/riot/RIOT/sys/fido2/ctap/Kconfig
    File exists, reading...


Reader found: 98 lines in /home/ljd/riot/RIOT/sys/fido2/ctap/Kconfig
    Read 98 lines
    node_deps for definition [26]: ['FIDO2_CTAP_DISABLE_UP', 'USEMODULE_FIDO2_CTAP', 'USEMODULE_FIDO2']
    Found choice at line index 46, line_number=47
  DEBUG: Found choice None at sys/fido2/ctap/Kconfig:47
  Finished processing definition [26]

  Processing definition [27]: sys/fido2/ctap/Kconfig:69
    Looking for file: /home/ljd/riot/RIOT/sys/fido2/ctap/Kconfig
    File exists, reading...


Reader found: 98 lines in /home/ljd/riot/RIOT/sys/fido2/ctap/Kconfig
    Read 98 lines
    node_deps for definition [27]: ['FIDO2_CTAP_DISABLE_UP', 'USEMODULE_FIDO2_CTAP', 'USEMODULE_FIDO2']
    Found choice at line index 68, line_number=69
  DEBUG: Found choice None at sys/fido2/ctap/Kconfig:69
  Finished processing definition [27]

  Processing definition [28]: sys/net/gnrc/routing/rpl/Kconfig:81
    Looking for file: /home/ljd/riot/RIOT/sys/net/gnrc/routing/rpl/Kconfig
    File exists, reading...


Reader found: 151 lines in /home/ljd/riot/RIOT/sys/net/gnrc/routing/rpl/Kconfig
    Read 151 lines
    node_deps for definition [28]: ['USEMODULE_GNRC_RPL', 'USEMODULE_GNRC']
    Found choice at line index 80, line_number=81
  DEBUG: Found choice None at sys/net/gnrc/routing/rpl/Kconfig:81
  Finished processing definition [28]

  Processing definition [29]: sys/net/link_layer/ieee802154/Kconfig:10
    Looking for file: /home/ljd/riot/RIOT/sys/net/link_layer/ieee802154/Kconfig
    File exists, reading...


Reader found: 161 lines in /home/ljd/riot/RIOT/sys/net/link_layer/ieee802154/Kconfig
    Read 161 lines
    node_deps for definition [29]: ['USEMODULE_IEEE802154']
    Found choice at line index 9, line_number=10
  DEBUG: Found choice None at sys/net/link_layer/ieee802154/Kconfig:10
  Finished processing definition [29]

  Processing definition [30]: sys/net/link_layer/Kconfig.lorawan:4
    Looking for file: /home/ljd/riot/RIOT/sys/net/link_layer/Kconfig.lorawan
    File exists, reading...


Reader found: 574 lines in /home/ljd/riot/RIOT/sys/net/link_layer/Kconfig.lorawan
    Read 574 lines
    node_deps for definition [30]: ['USEMODULE_GNRC_LORAWAN', 'USEPKG_SEMTECH_LORAMAC', 'USEMODULE_LORAWAN']
    Found choice at line index 3, line_number=4
  DEBUG: Found choice None at sys/net/link_layer/Kconfig.lorawan:4
  Finished processing definition [30]

  Processing definition [31]: sys/net/link_layer/Kconfig.lorawan:54
    Looking for file: /home/ljd/riot/RIOT/sys/net/link_layer/Kconfig.lorawan
    File exists, reading...


Reader found: 574 lines in /home/ljd/riot/RIOT/sys/net/link_layer/Kconfig.lorawan
    Read 574 lines
    node_deps for definition [31]: ['USEMODULE_GNRC_LORAWAN', 'USEMODULE_LORAWAN']
    Found choice at line index 53, line_number=54
  DEBUG: Found choice None at sys/net/link_layer/Kconfig.lorawan:54
  Finished processing definition [31]

  Processing definition [32]: sys/net/link_layer/Kconfig.lorawan:179
    Looking for file: /home/ljd/riot/RIOT/sys/net/link_layer/Kconfig.lorawan
    File exists, reading...


Reader found: 574 lines in /home/ljd/riot/RIOT/sys/net/link_layer/Kconfig.lorawan
    Read 574 lines
    node_deps for definition [32]: ['USEMODULE_GNRC_LORAWAN', 'USEPKG_SEMTECH_LORAMAC', 'USEMODULE_LORAWAN']
    Found choice at line index 178, line_number=179
  DEBUG: Found choice None at sys/net/link_layer/Kconfig.lorawan:179
  Finished processing definition [32]

  Processing definition [33]: sys/net/link_layer/Kconfig.lorawan:230
    Looking for file: /home/ljd/riot/RIOT/sys/net/link_layer/Kconfig.lorawan
    File exists, reading...


Reader found: 574 lines in /home/ljd/riot/RIOT/sys/net/link_layer/Kconfig.lorawan
    Read 574 lines
    node_deps for definition [33]: ['USEMODULE_LORAWAN']
    Found choice at line index 229, line_number=230
  DEBUG: Found choice None at sys/net/link_layer/Kconfig.lorawan:230
  Finished processing definition [33]

  Processing definition [34]: sys/net/link_layer/Kconfig.lorawan:294
    Looking for file: /home/ljd/riot/RIOT/sys/net/link_layer/Kconfig.lorawan
    File exists, reading...


Reader found: 574 lines in /home/ljd/riot/RIOT/sys/net/link_layer/Kconfig.lorawan
    Read 574 lines
    node_deps for definition [34]: ['USEMODULE_RN2XX3', 'USEMODULE_LORAWAN']
    Found choice at line index 293, line_number=294
  DEBUG: Found choice None at sys/net/link_layer/Kconfig.lorawan:294
  Finished processing definition [34]

  Processing definition [35]: sys/net/link_layer/Kconfig.lorawan:369
    Looking for file: /home/ljd/riot/RIOT/sys/net/link_layer/Kconfig.lorawan
    File exists, reading...


Reader found: 574 lines in /home/ljd/riot/RIOT/sys/net/link_layer/Kconfig.lorawan
    Read 574 lines
    node_deps for definition [35]: ['USEMODULE_LORAWAN']
    Found choice at line index 368, line_number=369
  DEBUG: Found choice None at sys/net/link_layer/Kconfig.lorawan:369
  Finished processing definition [35]

  Processing definition [36]: sys/net/link_layer/Kconfig.lorawan:442
    Looking for file: /home/ljd/riot/RIOT/sys/net/link_layer/Kconfig.lorawan
    File exists, reading...


Reader found: 574 lines in /home/ljd/riot/RIOT/sys/net/link_layer/Kconfig.lorawan
    Read 574 lines
    node_deps for definition [36]: ['USEMODULE_GNRC_LORAWAN', 'USEMODULE_RN2XX3', 'USEMODULE_LORAWAN']
    Found choice at line index 441, line_number=442
  DEBUG: Found choice None at sys/net/link_layer/Kconfig.lorawan:442
  Finished processing definition [36]

  Processing definition [37]: sys/net/lora/Kconfig:32
    Looking for file: /home/ljd/riot/RIOT/sys/net/lora/Kconfig
    File exists, reading...


Reader found: 151 lines in /home/ljd/riot/RIOT/sys/net/lora/Kconfig
    Read 151 lines
    node_deps for definition [37]: ['USEMODULE_LORA']
    Found choice at line index 31, line_number=32
  DEBUG: Found choice None at sys/net/lora/Kconfig:32
  Finished processing definition [37]

  Processing definition [38]: sys/net/lora/Kconfig:50
    Looking for file: /home/ljd/riot/RIOT/sys/net/lora/Kconfig
    File exists, reading...


Reader found: 151 lines in /home/ljd/riot/RIOT/sys/net/lora/Kconfig
    Read 151 lines
    node_deps for definition [38]: ['USEMODULE_LORA']
    Found choice at line index 49, line_number=50
  DEBUG: Found choice None at sys/net/lora/Kconfig:50
  Finished processing definition [38]

  Processing definition [39]: sys/net/lora/Kconfig:85
    Looking for file: /home/ljd/riot/RIOT/sys/net/lora/Kconfig
    File exists, reading...


Reader found: 151 lines in /home/ljd/riot/RIOT/sys/net/lora/Kconfig
    Read 151 lines
    node_deps for definition [39]: ['USEMODULE_LORA']
    Found choice at line index 84, line_number=85
  DEBUG: Found choice None at sys/net/lora/Kconfig:85
  Finished processing definition [39]

  Processing definition [40]: sys/usb/usbus/Kconfig:18
    Looking for file: /home/ljd/riot/RIOT/sys/usb/usbus/Kconfig
    File exists, reading...


Reader found: 44 lines in /home/ljd/riot/RIOT/sys/usb/usbus/Kconfig
    Read 44 lines
    node_deps for definition [40]: ['USEMODULE_USBUS', 'USEMODULE_PERIPH_USBDEV', 'USEMODULE_TINYUSB_DEVICE', 'USEMODULE_USBDEV_MOCK']
    Found choice at line index 17, line_number=18
  DEBUG: Found choice None at sys/usb/usbus/Kconfig:18
  Finished processing definition [40]

  Processing definition [41]: sys/usb/usbus/cdc/acm/Kconfig:21
    Looking for file: /home/ljd/riot/RIOT/sys/usb/usbus/cdc/acm/Kconfig
    File exists, reading...


Reader found: 42 lines in /home/ljd/riot/RIOT/sys/usb/usbus/cdc/acm/Kconfig
    Read 42 lines
    node_deps for definition [41]: ['USEMODULE_USBUS_CDC_ACM', 'USEMODULE_PERIPH_USBDEV', 'USEMODULE_TINYUSB_DEVICE', 'USEMODULE_USBDEV_MOCK']
    Found choice at line index 20, line_number=21
  DEBUG: Found choice None at sys/usb/usbus/cdc/acm/Kconfig:21
  Finished processing definition [41]

  Processing definition [42]: sys/usb/Kconfig:27
    Looking for file: /home/ljd/riot/RIOT/sys/usb/Kconfig
    File exists, reading...


Reader found: 117 lines in /home/ljd/riot/RIOT/sys/usb/Kconfig
    Read 117 lines
    node_deps for definition [42]: ['USEMODULE_PERIPH_USBDEV', 'USEMODULE_TINYUSB_DEVICE', 'USEMODULE_USBDEV_MOCK']
    Found choice at line index 26, line_number=27
  DEBUG: Found choice None at sys/usb/Kconfig:27
  Finished processing definition [42]

  Processing definition [43]: pkg/wakaama/contrib/objects/Kconfig.device:10
    Looking for file: /home/ljd/riot/RIOT/pkg/wakaama/contrib/objects/Kconfig.device
    File exists, reading...


Reader found: 68 lines in /home/ljd/riot/RIOT/pkg/wakaama/contrib/objects/Kconfig.device
    Read 68 lines
    node_deps for definition [43]: ['USEPKG_WAKAAMA']
    Found choice at line index 9, line_number=10
  DEBUG: Found choice None at pkg/wakaama/contrib/objects/Kconfig.device:10
  Finished processing definition [43]
  DEBUG: Total entries collected: 192
  DEBUG: Total prompts collected: 43
  DEBUG: Total helps collected: 143 + [KconfigLine(help, line=22, indent=4), KconfigLine(other, line=23, indent=8), KconfigLine(other, line=24, indent=8), KconfigLine(other, line=25, indent=8), KconfigLine(help, line=92, indent=4), KconfigLine(other, line=93, indent=8), KconfigLine(other, line=94, indent=8), KconfigLine(help, line=140, indent=4), KconfigLine(other, line=141, indent=8), KconfigLine(help, line=14, indent=4), KconfigLine(other, line=15, indent=8), KconfigLine(other, line=16, indent=8), KconfigLine(other, line=17, indent=8), KconfigLine(other, line=18, indent=8), KconfigLine(help, line=65, indent=4), KconfigLine(other, line=66, indent=8), KconfigLine(other, line=67, indent=8), KconfigLine(other, line=68, indent=8), KconfigLine(help, line=94, indent=4), KconfigLine(other, line=95, indent=8), KconfigLine(other, line=96, indent=8), KconfigLine(other, line=97, indent=8), KconfigLine(other, line=98, indent=8), KconfigLine(other, line=99, indent=8), KconfigLine(other, line=100, indent=8), KconfigLine(other, line=101, indent=8), KconfigLine(other, line=102, indent=8), KconfigLine(other, line=103, indent=8), KconfigLine(other, line=104, indent=8), KconfigLine(type_int, line=105, indent=8), KconfigLine(help, line=125, indent=4), KconfigLine(other, line=126, indent=8), KconfigLine(other, line=127, indent=8), KconfigLine(help, line=165, indent=4), KconfigLine(other, line=166, indent=8), KconfigLine(other, line=167, indent=8), KconfigLine(other, line=168, indent=8), KconfigLine(help, line=286, indent=4), KconfigLine(other, line=287, indent=8), KconfigLine(other, line=288, indent=8), KconfigLine(other, line=289, indent=8), KconfigLine(other, line=290, indent=8), KconfigLine(other, line=291, indent=8), KconfigLine(other, line=292, indent=8), KconfigLine(other, line=293, indent=8), KconfigLine(help, line=17, indent=4), KconfigLine(other, line=18, indent=8), KconfigLine(help, line=32, indent=4), KconfigLine(other, line=33, indent=8), KconfigLine(other, line=34, indent=8), KconfigLine(other, line=35, indent=8), KconfigLine(other, line=36, indent=8), KconfigLine(other, line=37, indent=8), KconfigLine(other, line=38, indent=8), KconfigLine(other, line=39, indent=8), KconfigLine(help, line=53, indent=4), KconfigLine(other, line=54, indent=8), KconfigLine(help, line=68, indent=4), KconfigLine(other, line=69, indent=8), KconfigLine(help, line=94, indent=4), KconfigLine(other, line=95, indent=8), KconfigLine(help, line=25, indent=4), KconfigLine(other, line=26, indent=8), KconfigLine(other, line=27, indent=8), KconfigLine(other, line=28, indent=8), KconfigLine(help, line=25, indent=4), KconfigLine(other, line=26, indent=8), KconfigLine(other, line=27, indent=8), KconfigLine(other, line=28, indent=8), KconfigLine(help, line=79, indent=4), KconfigLine(other, line=80, indent=8), KconfigLine(help, line=125, indent=4), KconfigLine(other, line=126, indent=8), KconfigLine(help, line=13, indent=4), KconfigLine(other, line=14, indent=8), KconfigLine(other, line=15, indent=8), KconfigLine(help, line=13, indent=4), KconfigLine(other, line=14, indent=8), KconfigLine(help, line=8, indent=4), KconfigLine(other, line=9, indent=8), KconfigLine(help, line=58, indent=4), KconfigLine(other, line=59, indent=8), KconfigLine(other, line=60, indent=8), KconfigLine(other, line=61, indent=8), KconfigLine(other, line=62, indent=8), KconfigLine(other, line=63, indent=8), KconfigLine(other, line=64, indent=8), KconfigLine(other, line=65, indent=8), KconfigLine(help, line=183, indent=4), KconfigLine(other, line=184, indent=8), KconfigLine(other, line=185, indent=8), KconfigLine(other, line=186, indent=8), KconfigLine(other, line=187, indent=8), KconfigLine(other, line=188, indent=8), KconfigLine(other, line=189, indent=8), KconfigLine(other, line=190, indent=8), KconfigLine(help, line=233, indent=4), KconfigLine(other, line=234, indent=8), KconfigLine(other, line=235, indent=8), KconfigLine(other, line=236, indent=8), KconfigLine(other, line=237, indent=8), KconfigLine(other, line=238, indent=8), KconfigLine(help, line=298, indent=4), KconfigLine(other, line=299, indent=8), KconfigLine(other, line=300, indent=8), KconfigLine(other, line=301, indent=8), KconfigLine(help, line=372, indent=4), KconfigLine(other, line=373, indent=8), KconfigLine(other, line=374, indent=8), KconfigLine(other, line=375, indent=8), KconfigLine(other, line=376, indent=8), KconfigLine(other, line=377, indent=8), KconfigLine(help, line=447, indent=4), KconfigLine(other, line=448, indent=8), KconfigLine(other, line=449, indent=8), KconfigLine(help, line=35, indent=4), KconfigLine(other, line=36, indent=8), KconfigLine(other, line=37, indent=8), KconfigLine(help, line=53, indent=4), KconfigLine(other, line=54, indent=8), KconfigLine(other, line=55, indent=8), KconfigLine(other, line=56, indent=8), KconfigLine(other, line=57, indent=8), KconfigLine(other, line=58, indent=8), KconfigLine(other, line=59, indent=8), KconfigLine(other, line=60, indent=8), KconfigLine(help, line=88, indent=4), KconfigLine(other, line=89, indent=8), KconfigLine(other, line=90, indent=8), KconfigLine(other, line=91, indent=8), KconfigLine(other, line=92, indent=8), KconfigLine(other, line=93, indent=8), KconfigLine(other, line=94, indent=8), KconfigLine(other, line=95, indent=8), KconfigLine(other, line=96, indent=8), KconfigLine(other, line=97, indent=8), KconfigLine(help, line=21, indent=4), KconfigLine(other, line=22, indent=8), KconfigLine(other, line=23, indent=8), KconfigLine(other, line=24, indent=8), KconfigLine(help, line=24, indent=4), KconfigLine(other, line=25, indent=8), KconfigLine(other, line=26, indent=8)]
def dependencies extr: [['USEMODULE_VL6180X_ALS', 'USEMODULE_VL6180X']]
dep dependencies extr: [['USEMODULE_VL6180X_ALS', 'USEMODULE_VL6180X']]


=== _get_all_choice_configs for VL6180X_ALS_GAIN ===
  Found 1 definitions:
    [0] file=drivers/vl6180x/Kconfig, line=23
  Extracted node_deps: [['USEMODULE_VL6180X_ALS', 'USEMODULE_VL6180X']]
  Extracted default_deps: [['USEMODULE_VL6180X_ALS', 'USEMODULE_VL6180X']]

  Processing definition [0]: drivers/vl6180x/Kconfig:23
    Looking for file: /home/ljd/riot/RIOT/drivers/vl6180x/Kconfig
    File exists, reading...


Reader found: 169 lines in /home/ljd/riot/RIOT/drivers/vl6180x/Kconfig
    Read 169 lines
    node_deps for definition [0]: ['USEMODULE_VL6180X_ALS', 'USEMODULE_VL6180X']
    Found choice at line index 22, line_number=23
  DEBUG: Found choice VL6180X_ALS_GAIN at drivers/vl6180x/Kconfig:23
  Finished processing definition [0]
  DEBUG: Total entries collected: 8
  DEBUG: Total prompts collected: 0
  DEBUG: Total helps collected: 0 + []

for each given file at source_files start building path output structur and call reader and writer

4. Transform all files - needs reader & writer


Reader found: 39 lines in /home/ljd/riot/RIOT/Kconfig
call _transform_lines(lines from reader, input, configdefault dict info)
start transforming 39 input lines
    GLOB LOG ----------------------------------------------------------------------------
    Resolve rsource: kconfigs/Kconfig.consts at line 10
      no files found for the: kconfigs/Kconfig.consts
    GLOB LOG ----------------------------------------------------------------------------
    Resolve osource: $(KCONFIG_GENERATED_DEPENDENCIES) at line 13
      -> examples/basic/hello-world/bin/native64/generated/Kconfig.dep
    Files matching: 1 (using osource)
    GLOB LOG ----------------------------------------------------------------------------
    Resolve osource: $(APPDIR)/Kconfig at line 16
      no files found for the: $(APPDIR)/Kconfig
    GLOB LOG ----------------------------------------------------------------------------
    Resolve orsource: $(BOARDDIR)/Kconfig at line 19
      -> boards/native64/Kconfig
    Files matching: 1 (using orsource)
    GLOB LOG ----------------------------------------------------------------------------
    Resolve orsource: $(RIOTCPU)/$(CPU)/Kconfig at line 20
      -> cpu/native/Kconfig
    Files matching: 1 (using orsource)
    GLOB LOG ----------------------------------------------------------------------------
    Resolve rsource: $(RIOTBOARD)/Kconfig at line 22
      -> boards/Kconfig
    Files matching: 1 (using rsource)
    GLOB LOG ----------------------------------------------------------------------------
    Resolve rsource: $(RIOTCPU)/Kconfig at line 23
      -> cpu/Kconfig
    Files matching: 1 (using rsource)
    GLOB LOG ----------------------------------------------------------------------------
    Resolve rsource: core/Kconfig at line 25
      -> core/Kconfig
    Files matching: 1 (using rsource)
    GLOB LOG ----------------------------------------------------------------------------
    Resolve rsource: drivers/Kconfig at line 26
      -> drivers/Kconfig
    Files matching: 1 (using rsource)
    GLOB LOG ----------------------------------------------------------------------------
    Resolve rsource: sys/Kconfig at line 27
      -> sys/Kconfig
    Files matching: 1 (using rsource)
    GLOB LOG ----------------------------------------------------------------------------
    Resolve rsource: pkg/Kconfig at line 28
      -> pkg/Kconfig
    Files matching: 1 (using rsource)
    GLOB LOG ----------------------------------------------------------------------------
    Resolve osource: $(KCONFIG_EXTERNAL_MODULE_CONFIGS) at line 31
      no files found for the: $(KCONFIG_EXTERNAL_MODULE_CONFIGS)
    GLOB LOG ----------------------------------------------------------------------------
    Resolve osource: $(KCONFIG_EXTERNAL_PKG_CONFIGS) at line 35
      no files found for the: $(KCONFIG_EXTERNAL_PKG_CONFIGS)
    FILE LOG --------------------------------------------------------------
    Reader input                39 lines
    -----------------------------------------------------------------------
    All source without glob:    0
    All source using glob:      0
    All osource_keywords:       4
    All rsource_keywords:       7
    All orsource_keywords:      2
    SUM (r/or/o)source lines:   13
    All "option env" attr:      0
    -----------------------------------------------------------------------
    Transformer Output:         35 lines
    -----------------------------------------------------------------------
        Added new bc of def_*:           0
        Added new bc of glob:            0
        Added new bc of config_default:  0
        Added new bc of named choice:    0
        Removed bc of config_default:    0
        Removed bc of named choice:      0
        Removed no match for o(r)source: 4
        Removed optional choice attr:    0
        Removed bool     choice attr:    0
        Removed tristate choice attr:    0
Excel saved: /home/ljd/wsMA_prototyp/transform_projects/transform_riot/RIOT_log/results6.xlsx
        Done writting 35 lines in /home/ljd/wsMA_prototyp/transform_projects/transform_riot/RIOT_output/Kconfig


Reader found: 7 lines in /home/ljd/riot/RIOT/kconfigs/Kconfig.consts
call _transform_lines(lines from reader, input, configdefault dict info)
start transforming 7 input lines
    FILE LOG --------------------------------------------------------------
    Reader input                7 lines
    -----------------------------------------------------------------------
    All source without glob:    0
    All source using glob:      0
    All osource_keywords:       0
    All rsource_keywords:       0
    All orsource_keywords:      0
    SUM (r/or/o)source lines:   0
    All "option env" attr:      0
    -----------------------------------------------------------------------
    Transformer Output:         7 lines
    -----------------------------------------------------------------------
        Added new bc of def_*:           0
        Added new bc of glob:            0
        Added new bc of config_default:  0
        Added new bc of named choice:    0
        Removed bc of config_default:    0
        Removed bc of named choice:      0
        Removed no match for o(r)source: 0
        Removed optional choice attr:    0
        Removed bool     choice attr:    0
        Removed tristate choice attr:    0
Excel saved: /home/ljd/wsMA_prototyp/transform_projects/transform_riot/RIOT_log/results6.xlsx
        Done writting 7 lines in /home/ljd/wsMA_prototyp/transform_projects/transform_riot/RIOT_output/kconfigs/Kconfig.consts


Reader found: 126 lines in /home/ljd/riot/RIOT/examples/basic/hello-world/bin/native64/generated/Kconfig.dep
call _transform_lines(lines from reader, input, configdefault dict info)
start transforming 126 input lines
    FILE LOG --------------------------------------------------------------
    Reader input                126 lines
    -----------------------------------------------------------------------
    All source without glob:    0
    All source using glob:      0
    All osource_keywords:       0
    All rsource_keywords:       0
    All orsource_keywords:      0
    SUM (r/or/o)source lines:   0
    All "option env" attr:      0
    -----------------------------------------------------------------------
    Transformer Output:         126 lines
    -----------------------------------------------------------------------
        Added new bc of def_*:           0
        Added new bc of glob:            0
        Added new bc of config_default:  0
        Added new bc of named choice:    0
        Removed bc of config_default:    0
        Removed bc of named choice:      0
        Removed no match for o(r)source: 0
        Removed optional choice attr:    0
        Removed bool     choice attr:    0
        Removed tristate choice attr:    0
Excel saved: /home/ljd/wsMA_prototyp/transform_projects/transform_riot/RIOT_log/results6.xlsx
        Done writting 126 lines in /home/ljd/wsMA_prototyp/transform_projects/transform_riot/RIOT_output/examples/basic/hello-world/bin/native64/generated/Kconfig.dep


Reader found: 10 lines in /home/ljd/riot/RIOT/boards/native64/Kconfig
call _transform_lines(lines from reader, input, configdefault dict info)
start transforming 10 input lines
    FILE LOG --------------------------------------------------------------
    Reader input                10 lines
    -----------------------------------------------------------------------
    All source without glob:    0
    All source using glob:      0
    All osource_keywords:       0
    All rsource_keywords:       0
    All orsource_keywords:      0
    SUM (r/or/o)source lines:   0
    All "option env" attr:      0
    -----------------------------------------------------------------------
    Transformer Output:         10 lines
    -----------------------------------------------------------------------
        Added new bc of def_*:           0
        Added new bc of glob:            0
        Added new bc of config_default:  0
        Added new bc of named choice:    0
        Removed bc of config_default:    0
        Removed bc of named choice:      0
        Removed no match for o(r)source: 0
        Removed optional choice attr:    0
        Removed bool     choice attr:    0
        Removed tristate choice attr:    0
Excel saved: /home/ljd/wsMA_prototyp/transform_projects/transform_riot/RIOT_log/results6.xlsx
        Done writting 10 lines in /home/ljd/wsMA_prototyp/transform_projects/transform_riot/RIOT_output/boards/native64/Kconfig


Reader found: 42 lines in /home/ljd/riot/RIOT/cpu/native/Kconfig
call _transform_lines(lines from reader, input, configdefault dict info)
start transforming 42 input lines
    FILE LOG --------------------------------------------------------------
    Reader input                42 lines
    -----------------------------------------------------------------------
    All source without glob:    0
    All source using glob:      0
    All osource_keywords:       0
    All rsource_keywords:       0
    All orsource_keywords:      0
    SUM (r/or/o)source lines:   0
    All "option env" attr:      0
    -----------------------------------------------------------------------
    Transformer Output:         42 lines
    -----------------------------------------------------------------------
        Added new bc of def_*:           0
        Added new bc of glob:            0
        Added new bc of config_default:  0
        Added new bc of named choice:    0
        Removed bc of config_default:    0
        Removed bc of named choice:      0
        Removed no match for o(r)source: 0
        Removed optional choice attr:    0
        Removed bool     choice attr:    0
        Removed tristate choice attr:    0
Excel saved: /home/ljd/wsMA_prototyp/transform_projects/transform_riot/RIOT_log/results6.xlsx
        Done writting 42 lines in /home/ljd/wsMA_prototyp/transform_projects/transform_riot/RIOT_output/cpu/native/Kconfig


Reader found: 10 lines in /home/ljd/riot/RIOT/boards/Kconfig
call _transform_lines(lines from reader, input, configdefault dict info)
start transforming 10 input lines
    FILE LOG --------------------------------------------------------------
    Reader input                10 lines
    -----------------------------------------------------------------------
    All source without glob:    0
    All source using glob:      0
    All osource_keywords:       0
    All rsource_keywords:       0
    All orsource_keywords:      0
    SUM (r/or/o)source lines:   0
    All "option env" attr:      0
    -----------------------------------------------------------------------
    Transformer Output:         10 lines
    -----------------------------------------------------------------------
        Added new bc of def_*:           0
        Added new bc of glob:            0
        Added new bc of config_default:  0
        Added new bc of named choice:    0
        Removed bc of config_default:    0
        Removed bc of named choice:      0
        Removed no match for o(r)source: 0
        Removed optional choice attr:    0
        Removed bool     choice attr:    0
        Removed tristate choice attr:    0
Excel saved: /home/ljd/wsMA_prototyp/transform_projects/transform_riot/RIOT_log/results6.xlsx
        Done writting 10 lines in /home/ljd/wsMA_prototyp/transform_projects/transform_riot/RIOT_output/boards/Kconfig


Reader found: 50 lines in /home/ljd/riot/RIOT/cpu/Kconfig
call _transform_lines(lines from reader, input, configdefault dict info)
start transforming 50 input lines
    FILE LOG --------------------------------------------------------------
    Reader input                50 lines
    -----------------------------------------------------------------------
    All source without glob:    0
    All source using glob:      0
    All osource_keywords:       0
    All rsource_keywords:       0
    All orsource_keywords:      0
    SUM (r/or/o)source lines:   0
    All "option env" attr:      0
    -----------------------------------------------------------------------
    Transformer Output:         50 lines
    -----------------------------------------------------------------------
        Added new bc of def_*:           0
        Added new bc of glob:            0
        Added new bc of config_default:  0
        Added new bc of named choice:    0
        Removed bc of config_default:    0
        Removed bc of named choice:      0
        Removed no match for o(r)source: 0
        Removed optional choice attr:    0
        Removed bool     choice attr:    0
        Removed tristate choice attr:    0
Excel saved: /home/ljd/wsMA_prototyp/transform_projects/transform_riot/RIOT_log/results6.xlsx
        Done writting 50 lines in /home/ljd/wsMA_prototyp/transform_projects/transform_riot/RIOT_output/cpu/Kconfig


Reader found: 16 lines in /home/ljd/riot/RIOT/core/Kconfig
call _transform_lines(lines from reader, input, configdefault dict info)
start transforming 16 input lines
    FILE LOG --------------------------------------------------------------
    Reader input                16 lines
    -----------------------------------------------------------------------
    All source without glob:    0
    All source using glob:      0
    All osource_keywords:       0
    All rsource_keywords:       0
    All orsource_keywords:      0
    SUM (r/or/o)source lines:   0
    All "option env" attr:      0
    -----------------------------------------------------------------------
    Transformer Output:         16 lines
    -----------------------------------------------------------------------
        Added new bc of def_*:           0
        Added new bc of glob:            0
        Added new bc of config_default:  0
        Added new bc of named choice:    0
        Removed bc of config_default:    0
        Removed bc of named choice:      0
        Removed no match for o(r)source: 0
        Removed optional choice attr:    0
        Removed bool     choice attr:    0
        Removed tristate choice attr:    0
Excel saved: /home/ljd/wsMA_prototyp/transform_projects/transform_riot/RIOT_log/results6.xlsx
        Done writting 16 lines in /home/ljd/wsMA_prototyp/transform_projects/transform_riot/RIOT_output/core/Kconfig


Reader found: 62 lines in /home/ljd/riot/RIOT/drivers/Kconfig
call _transform_lines(lines from reader, input, configdefault dict info)
start transforming 62 input lines
    GLOB LOG ----------------------------------------------------------------------------
    Resolve rsource: dfplayer/Kconfig at line 10
      -> drivers/dfplayer/Kconfig
    Files matching: 1 (using rsource)
    GLOB LOG ----------------------------------------------------------------------------
    Resolve rsource: motor_driver/Kconfig at line 11
      -> drivers/motor_driver/Kconfig
    Files matching: 1 (using rsource)
    GLOB LOG ----------------------------------------------------------------------------
    Resolve rsource: ili9341/Kconfig at line 15
      -> drivers/ili9341/Kconfig
    Files matching: 1 (using rsource)
    GLOB LOG ----------------------------------------------------------------------------
    Resolve rsource: lcd/Kconfig at line 16
      -> drivers/lcd/Kconfig
    Files matching: 1 (using rsource)
    GLOB LOG ----------------------------------------------------------------------------
    Resolve rsource: st77xx/Kconfig at line 17
      no files found for the: st77xx/Kconfig
    GLOB LOG ----------------------------------------------------------------------------
    Resolve rsource: touch_dev_gestures/Kconfig at line 18
      -> drivers/touch_dev_gestures/Kconfig
    Files matching: 1 (using rsource)
    GLOB LOG ----------------------------------------------------------------------------
    Resolve rsource: at/Kconfig at line 22
      -> drivers/at/Kconfig
    Files matching: 1 (using rsource)
    GLOB LOG ----------------------------------------------------------------------------
    Resolve rsource: Kconfig.net at line 25
      -> drivers/Kconfig.net
    Files matching: 1 (using rsource)
    GLOB LOG ----------------------------------------------------------------------------
    Resolve rsource: periph_common/Kconfig at line 28
      no files found for the: periph_common/Kconfig
    GLOB LOG ----------------------------------------------------------------------------
    Resolve rsource: ads1x1x/Kconfig at line 32
      -> drivers/ads1x1x/Kconfig
    Files matching: 1 (using rsource)
    GLOB LOG ----------------------------------------------------------------------------
    Resolve rsource: bmx055/Kconfig at line 33
      -> drivers/bmx055/Kconfig
    Files matching: 1 (using rsource)
    GLOB LOG ----------------------------------------------------------------------------
    Resolve rsource: fxos8700/Kconfig at line 34
      -> drivers/fxos8700/Kconfig
    Files matching: 1 (using rsource)
    GLOB LOG ----------------------------------------------------------------------------
    Resolve rsource: gp2y10xx/Kconfig at line 35
      -> drivers/gp2y10xx/Kconfig
    Files matching: 1 (using rsource)
    GLOB LOG ----------------------------------------------------------------------------
    Resolve rsource: hdc1000/Kconfig at line 36
      -> drivers/hdc1000/Kconfig
    Files matching: 1 (using rsource)
    GLOB LOG ----------------------------------------------------------------------------
    Resolve rsource: hm330x/Kconfig at line 37
      -> drivers/hm330x/Kconfig
    Files matching: 1 (using rsource)
    GLOB LOG ----------------------------------------------------------------------------
    Resolve rsource: hsc/Kconfig at line 38
      -> drivers/hsc/Kconfig
    Files matching: 1 (using rsource)
    GLOB LOG ----------------------------------------------------------------------------
    Resolve rsource: isl29020/Kconfig at line 39
      -> drivers/isl29020/Kconfig
    Files matching: 1 (using rsource)
    GLOB LOG ----------------------------------------------------------------------------
    Resolve rsource: l3g4200d/Kconfig at line 40
      -> drivers/l3g4200d/Kconfig
    Files matching: 1 (using rsource)
    GLOB LOG ----------------------------------------------------------------------------
    Resolve rsource: l3gxxxx/Kconfig at line 41
      -> drivers/l3gxxxx/Kconfig
    Files matching: 1 (using rsource)
    GLOB LOG ----------------------------------------------------------------------------
    Resolve rsource: lm75/Kconfig at line 42
      -> drivers/lm75/Kconfig
    Files matching: 1 (using rsource)
    GLOB LOG ----------------------------------------------------------------------------
    Resolve rsource: lpsxxx/Kconfig at line 43
      -> drivers/lpsxxx/Kconfig
    Files matching: 1 (using rsource)
    GLOB LOG ----------------------------------------------------------------------------
    Resolve rsource: mag3110/Kconfig at line 44
      -> drivers/mag3110/Kconfig
    Files matching: 1 (using rsource)
    GLOB LOG ----------------------------------------------------------------------------
    Resolve rsource: matrix_keypad/Kconfig at line 45
      -> drivers/matrix_keypad/Kconfig
    Files matching: 1 (using rsource)
    GLOB LOG ----------------------------------------------------------------------------
    Resolve rsource: mma8x5x/Kconfig at line 46
      -> drivers/mma8x5x/Kconfig
    Files matching: 1 (using rsource)
    GLOB LOG ----------------------------------------------------------------------------
    Resolve rsource: opt3001/Kconfig at line 47
      -> drivers/opt3001/Kconfig
    Files matching: 1 (using rsource)
    GLOB LOG ----------------------------------------------------------------------------
    Resolve rsource: paa5100je/Kconfig at line 48
      -> drivers/paa5100je/Kconfig
    Files matching: 1 (using rsource)
    GLOB LOG ----------------------------------------------------------------------------
    Resolve rsource: seesaw_soil/Kconfig at line 49
      -> drivers/seesaw_soil/Kconfig
    Files matching: 1 (using rsource)
    GLOB LOG ----------------------------------------------------------------------------
    Resolve rsource: sht2x/Kconfig at line 50
      -> drivers/sht2x/Kconfig
    Files matching: 1 (using rsource)
    GLOB LOG ----------------------------------------------------------------------------
    Resolve rsource: sm_pwm_01c/Kconfig at line 51
      -> drivers/sm_pwm_01c/Kconfig
    Files matching: 1 (using rsource)
    GLOB LOG ----------------------------------------------------------------------------
    Resolve rsource: sps30/Kconfig at line 52
      -> drivers/sps30/Kconfig
    Files matching: 1 (using rsource)
    GLOB LOG ----------------------------------------------------------------------------
    Resolve rsource: tcs37727/Kconfig at line 53
      -> drivers/tcs37727/Kconfig
    Files matching: 1 (using rsource)
    GLOB LOG ----------------------------------------------------------------------------
    Resolve rsource: tmp00x/Kconfig at line 54
      -> drivers/tmp00x/Kconfig
    Files matching: 1 (using rsource)
    GLOB LOG ----------------------------------------------------------------------------
    Resolve rsource: vl6180x/Kconfig at line 55
      -> drivers/vl6180x/Kconfig
    Files matching: 1 (using rsource)
    GLOB LOG ----------------------------------------------------------------------------
    Resolve rsource: mtd_sdcard/Kconfig at line 59
      -> drivers/mtd_sdcard/Kconfig
    Files matching: 1 (using rsource)
    FILE LOG --------------------------------------------------------------
    Reader input                62 lines
    -----------------------------------------------------------------------
    All source without glob:    0
    All source using glob:      0
    All osource_keywords:       0
    All rsource_keywords:       34
    All orsource_keywords:      0
    SUM (r/or/o)source lines:   34
    All "option env" attr:      0
    -----------------------------------------------------------------------
    Transformer Output:         60 lines
    -----------------------------------------------------------------------
        Added new bc of def_*:           0
        Added new bc of glob:            0
        Added new bc of config_default:  0
        Added new bc of named choice:    0
        Removed bc of config_default:    0
        Removed bc of named choice:      0
        Removed no match for o(r)source: 2
        Removed optional choice attr:    0
        Removed bool     choice attr:    0
        Removed tristate choice attr:    0
Excel saved: /home/ljd/wsMA_prototyp/transform_projects/transform_riot/RIOT_log/results6.xlsx
        Done writting 60 lines in /home/ljd/wsMA_prototyp/transform_projects/transform_riot/RIOT_output/drivers/Kconfig


Reader found: 15 lines in /home/ljd/riot/RIOT/drivers/dfplayer/Kconfig
call _transform_lines(lines from reader, input, configdefault dict info)
start transforming 15 input lines
    FILE LOG --------------------------------------------------------------
    Reader input                15 lines
    -----------------------------------------------------------------------
    All source without glob:    0
    All source using glob:      0
    All osource_keywords:       0
    All rsource_keywords:       0
    All orsource_keywords:      0
    SUM (r/or/o)source lines:   0
    All "option env" attr:      0
    -----------------------------------------------------------------------
    Transformer Output:         15 lines
    -----------------------------------------------------------------------
        Added new bc of def_*:           0
        Added new bc of glob:            0
        Added new bc of config_default:  0
        Added new bc of named choice:    0
        Removed bc of config_default:    0
        Removed bc of named choice:      0
        Removed no match for o(r)source: 0
        Removed optional choice attr:    0
        Removed bool     choice attr:    0
        Removed tristate choice attr:    0
Excel saved: /home/ljd/wsMA_prototyp/transform_projects/transform_riot/RIOT_log/results6.xlsx
        Done writting 15 lines in /home/ljd/wsMA_prototyp/transform_projects/transform_riot/RIOT_output/drivers/dfplayer/Kconfig


Reader found: 20 lines in /home/ljd/riot/RIOT/drivers/motor_driver/Kconfig
call _transform_lines(lines from reader, input, configdefault dict info)
start transforming 20 input lines
    FILE LOG --------------------------------------------------------------
    Reader input                20 lines
    -----------------------------------------------------------------------
    All source without glob:    0
    All source using glob:      0
    All osource_keywords:       0
    All rsource_keywords:       0
    All orsource_keywords:      0
    SUM (r/or/o)source lines:   0
    All "option env" attr:      0
    -----------------------------------------------------------------------
    Transformer Output:         20 lines
    -----------------------------------------------------------------------
        Added new bc of def_*:           0
        Added new bc of glob:            0
        Added new bc of config_default:  0
        Added new bc of named choice:    0
        Removed bc of config_default:    0
        Removed bc of named choice:      0
        Removed no match for o(r)source: 0
        Removed optional choice attr:    0
        Removed bool     choice attr:    0
        Removed tristate choice attr:    0
Excel saved: /home/ljd/wsMA_prototyp/transform_projects/transform_riot/RIOT_log/results6.xlsx
        Done writting 20 lines in /home/ljd/wsMA_prototyp/transform_projects/transform_riot/RIOT_output/drivers/motor_driver/Kconfig


Reader found: 37 lines in /home/ljd/riot/RIOT/drivers/ili9341/Kconfig
call _transform_lines(lines from reader, input, configdefault dict info)
start transforming 37 input lines
    FILE LOG --------------------------------------------------------------
    Reader input                37 lines
    -----------------------------------------------------------------------
    All source without glob:    0
    All source using glob:      0
    All osource_keywords:       0
    All rsource_keywords:       0
    All orsource_keywords:      0
    SUM (r/or/o)source lines:   0
    All "option env" attr:      0
    -----------------------------------------------------------------------
    Transformer Output:         37 lines
    -----------------------------------------------------------------------
        Added new bc of def_*:           0
        Added new bc of glob:            0
        Added new bc of config_default:  0
        Added new bc of named choice:    0
        Removed bc of config_default:    0
        Removed bc of named choice:      0
        Removed no match for o(r)source: 0
        Removed optional choice attr:    0
        Removed bool     choice attr:    0
        Removed tristate choice attr:    0
Excel saved: /home/ljd/wsMA_prototyp/transform_projects/transform_riot/RIOT_log/results6.xlsx
        Done writting 37 lines in /home/ljd/wsMA_prototyp/transform_projects/transform_riot/RIOT_output/drivers/ili9341/Kconfig


Reader found: 19 lines in /home/ljd/riot/RIOT/drivers/lcd/Kconfig
call _transform_lines(lines from reader, input, configdefault dict info)
start transforming 19 input lines
    FILE LOG --------------------------------------------------------------
    Reader input                19 lines
    -----------------------------------------------------------------------
    All source without glob:    0
    All source using glob:      0
    All osource_keywords:       0
    All rsource_keywords:       0
    All orsource_keywords:      0
    SUM (r/or/o)source lines:   0
    All "option env" attr:      0
    -----------------------------------------------------------------------
    Transformer Output:         19 lines
    -----------------------------------------------------------------------
        Added new bc of def_*:           0
        Added new bc of glob:            0
        Added new bc of config_default:  0
        Added new bc of named choice:    0
        Removed bc of config_default:    0
        Removed bc of named choice:      0
        Removed no match for o(r)source: 0
        Removed optional choice attr:    0
        Removed bool     choice attr:    0
        Removed tristate choice attr:    0
Excel saved: /home/ljd/wsMA_prototyp/transform_projects/transform_riot/RIOT_log/results6.xlsx
        Done writting 19 lines in /home/ljd/wsMA_prototyp/transform_projects/transform_riot/RIOT_output/drivers/lcd/Kconfig


Reader found: 10 lines in /home/ljd/riot/RIOT/drivers/st77xx/Kconfig
call _transform_lines(lines from reader, input, configdefault dict info)
start transforming 10 input lines
    GLOB LOG ----------------------------------------------------------------------------
    Resolve rsource: Kconfig.st7735 at line 8
      -> drivers/st77xx/Kconfig.st7735
    Files matching: 1 (using rsource)
    GLOB LOG ----------------------------------------------------------------------------
    Resolve rsource: Kconfig.st7789 at line 9
      -> drivers/st77xx/Kconfig.st7789
    Files matching: 1 (using rsource)
    GLOB LOG ----------------------------------------------------------------------------
    Resolve rsource: Kconfig.st7796 at line 10
      -> drivers/st77xx/Kconfig.st7796
    Files matching: 1 (using rsource)
    FILE LOG --------------------------------------------------------------
    Reader input                10 lines
    -----------------------------------------------------------------------
    All source without glob:    0
    All source using glob:      0
    All osource_keywords:       0
    All rsource_keywords:       3
    All orsource_keywords:      0
    SUM (r/or/o)source lines:   3
    All "option env" attr:      0
    -----------------------------------------------------------------------
    Transformer Output:         10 lines
    -----------------------------------------------------------------------
        Added new bc of def_*:           0
        Added new bc of glob:            0
        Added new bc of config_default:  0
        Added new bc of named choice:    0
        Removed bc of config_default:    0
        Removed bc of named choice:      0
        Removed no match for o(r)source: 0
        Removed optional choice attr:    0
        Removed bool     choice attr:    0
        Removed tristate choice attr:    0
Excel saved: /home/ljd/wsMA_prototyp/transform_projects/transform_riot/RIOT_log/results6.xlsx
        Done writting 10 lines in /home/ljd/wsMA_prototyp/transform_projects/transform_riot/RIOT_output/drivers/st77xx/Kconfig


Reader found: 78 lines in /home/ljd/riot/RIOT/drivers/st77xx/Kconfig.st7735
call _transform_lines(lines from reader, input, configdefault dict info)
start transforming 78 input lines
    FILE LOG --------------------------------------------------------------
    Reader input                78 lines
    -----------------------------------------------------------------------
    All source without glob:    0
    All source using glob:      0
    All osource_keywords:       0
    All rsource_keywords:       0
    All orsource_keywords:      0
    SUM (r/or/o)source lines:   0
    All "option env" attr:      0
    -----------------------------------------------------------------------
    Transformer Output:         78 lines
    -----------------------------------------------------------------------
        Added new bc of def_*:           0
        Added new bc of glob:            0
        Added new bc of config_default:  0
        Added new bc of named choice:    0
        Removed bc of config_default:    0
        Removed bc of named choice:      0
        Removed no match for o(r)source: 0
        Removed optional choice attr:    0
        Removed bool     choice attr:    0
        Removed tristate choice attr:    0
Excel saved: /home/ljd/wsMA_prototyp/transform_projects/transform_riot/RIOT_log/results6.xlsx
        Done writting 78 lines in /home/ljd/wsMA_prototyp/transform_projects/transform_riot/RIOT_output/drivers/st77xx/Kconfig.st7735


Reader found: 104 lines in /home/ljd/riot/RIOT/drivers/st77xx/Kconfig.st7789
call _transform_lines(lines from reader, input, configdefault dict info)
start transforming 104 input lines
    FILE LOG --------------------------------------------------------------
    Reader input                104 lines
    -----------------------------------------------------------------------
    All source without glob:    0
    All source using glob:      0
    All osource_keywords:       0
    All rsource_keywords:       0
    All orsource_keywords:      0
    SUM (r/or/o)source lines:   0
    All "option env" attr:      0
    -----------------------------------------------------------------------
    Transformer Output:         104 lines
    -----------------------------------------------------------------------
        Added new bc of def_*:           0
        Added new bc of glob:            0
        Added new bc of config_default:  0
        Added new bc of named choice:    0
        Removed bc of config_default:    0
        Removed bc of named choice:      0
        Removed no match for o(r)source: 0
        Removed optional choice attr:    0
        Removed bool     choice attr:    0
        Removed tristate choice attr:    0
Excel saved: /home/ljd/wsMA_prototyp/transform_projects/transform_riot/RIOT_log/results6.xlsx
        Done writting 104 lines in /home/ljd/wsMA_prototyp/transform_projects/transform_riot/RIOT_output/drivers/st77xx/Kconfig.st7789


Reader found: 89 lines in /home/ljd/riot/RIOT/drivers/st77xx/Kconfig.st7796
call _transform_lines(lines from reader, input, configdefault dict info)
start transforming 89 input lines
    FILE LOG --------------------------------------------------------------
    Reader input                89 lines
    -----------------------------------------------------------------------
    All source without glob:    0
    All source using glob:      0
    All osource_keywords:       0
    All rsource_keywords:       0
    All orsource_keywords:      0
    SUM (r/or/o)source lines:   0
    All "option env" attr:      0
    -----------------------------------------------------------------------
    Transformer Output:         89 lines
    -----------------------------------------------------------------------
        Added new bc of def_*:           0
        Added new bc of glob:            0
        Added new bc of config_default:  0
        Added new bc of named choice:    0
        Removed bc of config_default:    0
        Removed bc of named choice:      0
        Removed no match for o(r)source: 0
        Removed optional choice attr:    0
        Removed bool     choice attr:    0
        Removed tristate choice attr:    0
Excel saved: /home/ljd/wsMA_prototyp/transform_projects/transform_riot/RIOT_log/results6.xlsx
        Done writting 89 lines in /home/ljd/wsMA_prototyp/transform_projects/transform_riot/RIOT_output/drivers/st77xx/Kconfig.st7796


Reader found: 31 lines in /home/ljd/riot/RIOT/drivers/touch_dev_gestures/Kconfig
call _transform_lines(lines from reader, input, configdefault dict info)
start transforming 31 input lines
    FILE LOG --------------------------------------------------------------
    Reader input                31 lines
    -----------------------------------------------------------------------
    All source without glob:    0
    All source using glob:      0
    All osource_keywords:       0
    All rsource_keywords:       0
    All orsource_keywords:      0
    SUM (r/or/o)source lines:   0
    All "option env" attr:      0
    -----------------------------------------------------------------------
    Transformer Output:         31 lines
    -----------------------------------------------------------------------
        Added new bc of def_*:           0
        Added new bc of glob:            0
        Added new bc of config_default:  0
        Added new bc of named choice:    0
        Removed bc of config_default:    0
        Removed bc of named choice:      0
        Removed no match for o(r)source: 0
        Removed optional choice attr:    0
        Removed bool     choice attr:    0
        Removed tristate choice attr:    0
Excel saved: /home/ljd/wsMA_prototyp/transform_projects/transform_riot/RIOT_log/results6.xlsx
        Done writting 31 lines in /home/ljd/wsMA_prototyp/transform_projects/transform_riot/RIOT_output/drivers/touch_dev_gestures/Kconfig


Reader found: 59 lines in /home/ljd/riot/RIOT/drivers/at/Kconfig
call _transform_lines(lines from reader, input, configdefault dict info)
start transforming 59 input lines
    current_indx: 11 - choice_attr_end: 18
    FILE LOG --------------------------------------------------------------
    Reader input                59 lines
    -----------------------------------------------------------------------
    All source without glob:    0
    All source using glob:      0
    All osource_keywords:       0
    All rsource_keywords:       0
    All orsource_keywords:      0
    SUM (r/or/o)source lines:   0
    All "option env" attr:      0
    -----------------------------------------------------------------------
    Transformer Output:         59 lines
    -----------------------------------------------------------------------
        Added new bc of def_*:           0
        Added new bc of glob:            0
        Added new bc of config_default:  0
        Added new bc of named choice:    0
        Removed bc of config_default:    0
        Removed bc of named choice:      0
        Removed no match for o(r)source: 0
        Removed optional choice attr:    0
        Removed bool     choice attr:    0
        Removed tristate choice attr:    0
Excel saved: /home/ljd/wsMA_prototyp/transform_projects/transform_riot/RIOT_log/results6.xlsx
        Done writting 59 lines in /home/ljd/wsMA_prototyp/transform_projects/transform_riot/RIOT_output/drivers/at/Kconfig


Reader found: 19 lines in /home/ljd/riot/RIOT/drivers/Kconfig.net
call _transform_lines(lines from reader, input, configdefault dict info)
start transforming 19 input lines
    GLOB LOG ----------------------------------------------------------------------------
    Resolve rsource: netdev/Kconfig at line 9
      -> drivers/netdev/Kconfig
    Files matching: 1 (using rsource)
    GLOB LOG ----------------------------------------------------------------------------
    Resolve rsource: at86rf215/Kconfig at line 11
      -> drivers/at86rf215/Kconfig
    Files matching: 1 (using rsource)
    GLOB LOG ----------------------------------------------------------------------------
    Resolve rsource: cc110x/Kconfig at line 12
      -> drivers/cc110x/Kconfig
    Files matching: 1 (using rsource)
    GLOB LOG ----------------------------------------------------------------------------
    Resolve rsource: $(RIOTCPU)/nrf5x_common/radio/Kconfig.nrf5x at line 13
      no files found for the: $(RIOTCPU)/nrf5x_common/radio/Kconfig.nrf5x
    GLOB LOG ----------------------------------------------------------------------------
    Resolve rsource: dose/Kconfig at line 14
      -> drivers/dose/Kconfig
    Files matching: 1 (using rsource)
    GLOB LOG ----------------------------------------------------------------------------
    Resolve rsource: mrf24j40/Kconfig at line 15
      -> drivers/mrf24j40/Kconfig
    Files matching: 1 (using rsource)
    GLOB LOG ----------------------------------------------------------------------------
    Resolve rsource: pn532/Kconfig at line 16
      -> drivers/pn532/Kconfig
    Files matching: 1 (using rsource)
    GLOB LOG ----------------------------------------------------------------------------
    Resolve rsource: rn2xx3/Kconfig at line 17
      -> drivers/rn2xx3/Kconfig
    Files matching: 1 (using rsource)
    GLOB LOG ----------------------------------------------------------------------------
    Resolve rsource: slipdev/Kconfig at line 18
      -> drivers/slipdev/Kconfig
    Files matching: 1 (using rsource)
    FILE LOG --------------------------------------------------------------
    Reader input                19 lines
    -----------------------------------------------------------------------
    All source without glob:    0
    All source using glob:      0
    All osource_keywords:       0
    All rsource_keywords:       9
    All orsource_keywords:      0
    SUM (r/or/o)source lines:   9
    All "option env" attr:      0
    -----------------------------------------------------------------------
    Transformer Output:         18 lines
    -----------------------------------------------------------------------
        Added new bc of def_*:           0
        Added new bc of glob:            0
        Added new bc of config_default:  0
        Added new bc of named choice:    0
        Removed bc of config_default:    0
        Removed bc of named choice:      0
        Removed no match for o(r)source: 1
        Removed optional choice attr:    0
        Removed bool     choice attr:    0
        Removed tristate choice attr:    0
Excel saved: /home/ljd/wsMA_prototyp/transform_projects/transform_riot/RIOT_log/results6.xlsx
        Done writting 18 lines in /home/ljd/wsMA_prototyp/transform_projects/transform_riot/RIOT_output/drivers/Kconfig.net


Reader found: 13 lines in /home/ljd/riot/RIOT/drivers/netdev/Kconfig
call _transform_lines(lines from reader, input, configdefault dict info)
start transforming 13 input lines
    FILE LOG --------------------------------------------------------------
    Reader input                13 lines
    -----------------------------------------------------------------------
    All source without glob:    0
    All source using glob:      0
    All osource_keywords:       0
    All rsource_keywords:       0
    All orsource_keywords:      0
    SUM (r/or/o)source lines:   0
    All "option env" attr:      0
    -----------------------------------------------------------------------
    Transformer Output:         13 lines
    -----------------------------------------------------------------------
        Added new bc of def_*:           0
        Added new bc of glob:            0
        Added new bc of config_default:  0
        Added new bc of named choice:    0
        Removed bc of config_default:    0
        Removed bc of named choice:      0
        Removed no match for o(r)source: 0
        Removed optional choice attr:    0
        Removed bool     choice attr:    0
        Removed tristate choice attr:    0
Excel saved: /home/ljd/wsMA_prototyp/transform_projects/transform_riot/RIOT_log/results6.xlsx
        Done writting 13 lines in /home/ljd/wsMA_prototyp/transform_projects/transform_riot/RIOT_output/drivers/netdev/Kconfig


Reader found: 309 lines in /home/ljd/riot/RIOT/drivers/at86rf215/Kconfig
call _transform_lines(lines from reader, input, configdefault dict info)
start transforming 309 input lines
    current_indx: 19 - choice_attr_end: 26
    current_indx: 56 - choice_attr_end: 58
    current_indx: 89 - choice_attr_end: 95
    current_indx: 137 - choice_attr_end: 142
    current_indx: 180 - choice_attr_end: 183
    current_indx: 197 - choice_attr_end: 200
    current_indx: 220 - choice_attr_end: 222
    FILE LOG --------------------------------------------------------------
    Reader input                309 lines
    -----------------------------------------------------------------------
    All source without glob:    0
    All source using glob:      0
    All osource_keywords:       0
    All rsource_keywords:       0
    All orsource_keywords:      0
    SUM (r/or/o)source lines:   0
    All "option env" attr:      0
    -----------------------------------------------------------------------
    Transformer Output:         309 lines
    -----------------------------------------------------------------------
        Added new bc of def_*:           0
        Added new bc of glob:            0
        Added new bc of config_default:  0
        Added new bc of named choice:    0
        Removed bc of config_default:    0
        Removed bc of named choice:      0
        Removed no match for o(r)source: 0
        Removed optional choice attr:    0
        Removed bool     choice attr:    0
        Removed tristate choice attr:    0
Excel saved: /home/ljd/wsMA_prototyp/transform_projects/transform_riot/RIOT_log/results6.xlsx
        Done writting 309 lines in /home/ljd/wsMA_prototyp/transform_projects/transform_riot/RIOT_output/drivers/at86rf215/Kconfig


Reader found: 19 lines in /home/ljd/riot/RIOT/drivers/cc110x/Kconfig
call _transform_lines(lines from reader, input, configdefault dict info)
start transforming 19 input lines
    FILE LOG --------------------------------------------------------------
    Reader input                19 lines
    -----------------------------------------------------------------------
    All source without glob:    0
    All source using glob:      0
    All osource_keywords:       0
    All rsource_keywords:       0
    All orsource_keywords:      0
    SUM (r/or/o)source lines:   0
    All "option env" attr:      0
    -----------------------------------------------------------------------
    Transformer Output:         19 lines
    -----------------------------------------------------------------------
        Added new bc of def_*:           0
        Added new bc of glob:            0
        Added new bc of config_default:  0
        Added new bc of named choice:    0
        Removed bc of config_default:    0
        Removed bc of named choice:      0
        Removed no match for o(r)source: 0
        Removed optional choice attr:    0
        Removed bool     choice attr:    0
        Removed tristate choice attr:    0
Excel saved: /home/ljd/wsMA_prototyp/transform_projects/transform_riot/RIOT_log/results6.xlsx
        Done writting 19 lines in /home/ljd/wsMA_prototyp/transform_projects/transform_riot/RIOT_output/drivers/cc110x/Kconfig


Reader found: 8 lines in /home/ljd/riot/RIOT/cpu/nrf5x_common/radio/Kconfig.nrf5x
call _transform_lines(lines from reader, input, configdefault dict info)
start transforming 8 input lines
    GLOB LOG ----------------------------------------------------------------------------
    Resolve rsource: $(RIOTCPU)/nrf52/radio/nrf802154/Kconfig at line 8
      -> cpu/nrf52/radio/nrf802154/Kconfig
    Files matching: 1 (using rsource)
    FILE LOG --------------------------------------------------------------
    Reader input                8 lines
    -----------------------------------------------------------------------
    All source without glob:    0
    All source using glob:      0
    All osource_keywords:       0
    All rsource_keywords:       1
    All orsource_keywords:      0
    SUM (r/or/o)source lines:   1
    All "option env" attr:      0
    -----------------------------------------------------------------------
    Transformer Output:         8 lines
    -----------------------------------------------------------------------
        Added new bc of def_*:           0
        Added new bc of glob:            0
        Added new bc of config_default:  0
        Added new bc of named choice:    0
        Removed bc of config_default:    0
        Removed bc of named choice:      0
        Removed no match for o(r)source: 0
        Removed optional choice attr:    0
        Removed bool     choice attr:    0
        Removed tristate choice attr:    0
Excel saved: /home/ljd/wsMA_prototyp/transform_projects/transform_riot/RIOT_log/results6.xlsx
        Done writting 8 lines in /home/ljd/wsMA_prototyp/transform_projects/transform_riot/RIOT_output/cpu/nrf5x_common/radio/Kconfig.nrf5x


Reader found: 14 lines in /home/ljd/riot/RIOT/cpu/nrf52/radio/nrf802154/Kconfig
call _transform_lines(lines from reader, input, configdefault dict info)
start transforming 14 input lines
    FILE LOG --------------------------------------------------------------
    Reader input                14 lines
    -----------------------------------------------------------------------
    All source without glob:    0
    All source using glob:      0
    All osource_keywords:       0
    All rsource_keywords:       0
    All orsource_keywords:      0
    SUM (r/or/o)source lines:   0
    All "option env" attr:      0
    -----------------------------------------------------------------------
    Transformer Output:         14 lines
    -----------------------------------------------------------------------
        Added new bc of def_*:           0
        Added new bc of glob:            0
        Added new bc of config_default:  0
        Added new bc of named choice:    0
        Removed bc of config_default:    0
        Removed bc of named choice:      0
        Removed no match for o(r)source: 0
        Removed optional choice attr:    0
        Removed bool     choice attr:    0
        Removed tristate choice attr:    0
Excel saved: /home/ljd/wsMA_prototyp/transform_projects/transform_riot/RIOT_log/results6.xlsx
        Done writting 14 lines in /home/ljd/wsMA_prototyp/transform_projects/transform_riot/RIOT_output/cpu/nrf52/radio/nrf802154/Kconfig


Reader found: 17 lines in /home/ljd/riot/RIOT/drivers/dose/Kconfig
call _transform_lines(lines from reader, input, configdefault dict info)
start transforming 17 input lines
    FILE LOG --------------------------------------------------------------
    Reader input                17 lines
    -----------------------------------------------------------------------
    All source without glob:    0
    All source using glob:      0
    All osource_keywords:       0
    All rsource_keywords:       0
    All orsource_keywords:      0
    SUM (r/or/o)source lines:   0
    All "option env" attr:      0
    -----------------------------------------------------------------------
    Transformer Output:         17 lines
    -----------------------------------------------------------------------
        Added new bc of def_*:           0
        Added new bc of glob:            0
        Added new bc of config_default:  0
        Added new bc of named choice:    0
        Removed bc of config_default:    0
        Removed bc of named choice:      0
        Removed no match for o(r)source: 0
        Removed optional choice attr:    0
        Removed bool     choice attr:    0
        Removed tristate choice attr:    0
Excel saved: /home/ljd/wsMA_prototyp/transform_projects/transform_riot/RIOT_log/results6.xlsx
        Done writting 17 lines in /home/ljd/wsMA_prototyp/transform_projects/transform_riot/RIOT_output/drivers/dose/Kconfig


Reader found: 29 lines in /home/ljd/riot/RIOT/drivers/mrf24j40/Kconfig
call _transform_lines(lines from reader, input, configdefault dict info)
start transforming 29 input lines
    FILE LOG --------------------------------------------------------------
    Reader input                29 lines
    -----------------------------------------------------------------------
    All source without glob:    0
    All source using glob:      0
    All osource_keywords:       0
    All rsource_keywords:       0
    All orsource_keywords:      0
    SUM (r/or/o)source lines:   0
    All "option env" attr:      0
    -----------------------------------------------------------------------
    Transformer Output:         29 lines
    -----------------------------------------------------------------------
        Added new bc of def_*:           0
        Added new bc of glob:            0
        Added new bc of config_default:  0
        Added new bc of named choice:    0
        Removed bc of config_default:    0
        Removed bc of named choice:      0
        Removed no match for o(r)source: 0
        Removed optional choice attr:    0
        Removed bool     choice attr:    0
        Removed tristate choice attr:    0
Excel saved: /home/ljd/wsMA_prototyp/transform_projects/transform_riot/RIOT_log/results6.xlsx
        Done writting 29 lines in /home/ljd/wsMA_prototyp/transform_projects/transform_riot/RIOT_output/drivers/mrf24j40/Kconfig


Reader found: 20 lines in /home/ljd/riot/RIOT/drivers/pn532/Kconfig
call _transform_lines(lines from reader, input, configdefault dict info)
start transforming 20 input lines
    FILE LOG --------------------------------------------------------------
    Reader input                20 lines
    -----------------------------------------------------------------------
    All source without glob:    0
    All source using glob:      0
    All osource_keywords:       0
    All rsource_keywords:       0
    All orsource_keywords:      0
    SUM (r/or/o)source lines:   0
    All "option env" attr:      0
    -----------------------------------------------------------------------
    Transformer Output:         20 lines
    -----------------------------------------------------------------------
        Added new bc of def_*:           0
        Added new bc of glob:            0
        Added new bc of config_default:  0
        Added new bc of named choice:    0
        Removed bc of config_default:    0
        Removed bc of named choice:      0
        Removed no match for o(r)source: 0
        Removed optional choice attr:    0
        Removed bool     choice attr:    0
        Removed tristate choice attr:    0
Excel saved: /home/ljd/wsMA_prototyp/transform_projects/transform_riot/RIOT_log/results6.xlsx
        Done writting 20 lines in /home/ljd/wsMA_prototyp/transform_projects/transform_riot/RIOT_output/drivers/pn532/Kconfig


Reader found: 30 lines in /home/ljd/riot/RIOT/drivers/rn2xx3/Kconfig
call _transform_lines(lines from reader, input, configdefault dict info)
start transforming 30 input lines
    FILE LOG --------------------------------------------------------------
    Reader input                30 lines
    -----------------------------------------------------------------------
    All source without glob:    0
    All source using glob:      0
    All osource_keywords:       0
    All rsource_keywords:       0
    All orsource_keywords:      0
    SUM (r/or/o)source lines:   0
    All "option env" attr:      0
    -----------------------------------------------------------------------
    Transformer Output:         30 lines
    -----------------------------------------------------------------------
        Added new bc of def_*:           0
        Added new bc of glob:            0
        Added new bc of config_default:  0
        Added new bc of named choice:    0
        Removed bc of config_default:    0
        Removed bc of named choice:      0
        Removed no match for o(r)source: 0
        Removed optional choice attr:    0
        Removed bool     choice attr:    0
        Removed tristate choice attr:    0
Excel saved: /home/ljd/wsMA_prototyp/transform_projects/transform_riot/RIOT_log/results6.xlsx
        Done writting 30 lines in /home/ljd/wsMA_prototyp/transform_projects/transform_riot/RIOT_output/drivers/rn2xx3/Kconfig


Reader found: 22 lines in /home/ljd/riot/RIOT/drivers/slipdev/Kconfig
call _transform_lines(lines from reader, input, configdefault dict info)
start transforming 22 input lines
    FILE LOG --------------------------------------------------------------
    Reader input                22 lines
    -----------------------------------------------------------------------
    All source without glob:    0
    All source using glob:      0
    All osource_keywords:       0
    All rsource_keywords:       0
    All orsource_keywords:      0
    SUM (r/or/o)source lines:   0
    All "option env" attr:      0
    -----------------------------------------------------------------------
    Transformer Output:         22 lines
    -----------------------------------------------------------------------
        Added new bc of def_*:           0
        Added new bc of glob:            0
        Added new bc of config_default:  0
        Added new bc of named choice:    0
        Removed bc of config_default:    0
        Removed bc of named choice:      0
        Removed no match for o(r)source: 0
        Removed optional choice attr:    0
        Removed bool     choice attr:    0
        Removed tristate choice attr:    0
Excel saved: /home/ljd/wsMA_prototyp/transform_projects/transform_riot/RIOT_log/results6.xlsx
        Done writting 22 lines in /home/ljd/wsMA_prototyp/transform_projects/transform_riot/RIOT_output/drivers/slipdev/Kconfig


Reader found: 18 lines in /home/ljd/riot/RIOT/drivers/periph_common/Kconfig
call _transform_lines(lines from reader, input, configdefault dict info)
start transforming 18 input lines
    GLOB LOG ----------------------------------------------------------------------------
    Resolve rsource: Kconfig.gpio at line 7
      no files found for the: Kconfig.gpio
    GLOB LOG ----------------------------------------------------------------------------
    Resolve rsource: Kconfig.i2c at line 9
      no files found for the: Kconfig.i2c
    GLOB LOG ----------------------------------------------------------------------------
    Resolve rsource: Kconfig.rtc at line 11
      no files found for the: Kconfig.rtc
    GLOB LOG ----------------------------------------------------------------------------
    Resolve rsource: Kconfig.spi at line 13
      no files found for the: Kconfig.spi
    GLOB LOG ----------------------------------------------------------------------------
    Resolve rsource: Kconfig.timer at line 15
      -> drivers/periph_common/Kconfig.timer
    Files matching: 1 (using rsource)
    GLOB LOG ----------------------------------------------------------------------------
    Resolve rsource: Kconfig.vbat at line 17
      -> drivers/periph_common/Kconfig.vbat
    Files matching: 1 (using rsource)
    GLOB LOG ----------------------------------------------------------------------------
    Resolve rsource: Kconfig.wdt at line 18
      -> drivers/periph_common/Kconfig.wdt
    Files matching: 1 (using rsource)
    FILE LOG --------------------------------------------------------------
    Reader input                18 lines
    -----------------------------------------------------------------------
    All source without glob:    0
    All source using glob:      0
    All osource_keywords:       0
    All rsource_keywords:       7
    All orsource_keywords:      0
    SUM (r/or/o)source lines:   7
    All "option env" attr:      0
    -----------------------------------------------------------------------
    Transformer Output:         14 lines
    -----------------------------------------------------------------------
        Added new bc of def_*:           0
        Added new bc of glob:            0
        Added new bc of config_default:  0
        Added new bc of named choice:    0
        Removed bc of config_default:    0
        Removed bc of named choice:      0
        Removed no match for o(r)source: 4
        Removed optional choice attr:    0
        Removed bool     choice attr:    0
        Removed tristate choice attr:    0
Excel saved: /home/ljd/wsMA_prototyp/transform_projects/transform_riot/RIOT_log/results6.xlsx
        Done writting 14 lines in /home/ljd/wsMA_prototyp/transform_projects/transform_riot/RIOT_output/drivers/periph_common/Kconfig


Reader found: 16 lines in /home/ljd/riot/RIOT/drivers/periph_common/Kconfig.gpio
call _transform_lines(lines from reader, input, configdefault dict info)
start transforming 16 input lines
    GLOB LOG ----------------------------------------------------------------------------
    Resolve osource: $(RIOTCPU)/$(CPU)/periph/Kconfig.gpio at line 16
      no files found for the: $(RIOTCPU)/$(CPU)/periph/Kconfig.gpio
    FILE LOG --------------------------------------------------------------
    Reader input                16 lines
    -----------------------------------------------------------------------
    All source without glob:    0
    All source using glob:      0
    All osource_keywords:       1
    All rsource_keywords:       0
    All orsource_keywords:      0
    SUM (r/or/o)source lines:   1
    All "option env" attr:      0
    -----------------------------------------------------------------------
    Transformer Output:         15 lines
    -----------------------------------------------------------------------
        Added new bc of def_*:           0
        Added new bc of glob:            0
        Added new bc of config_default:  0
        Added new bc of named choice:    0
        Removed bc of config_default:    0
        Removed bc of named choice:      0
        Removed no match for o(r)source: 1
        Removed optional choice attr:    0
        Removed bool     choice attr:    0
        Removed tristate choice attr:    0
Excel saved: /home/ljd/wsMA_prototyp/transform_projects/transform_riot/RIOT_log/results6.xlsx
        Done writting 15 lines in /home/ljd/wsMA_prototyp/transform_projects/transform_riot/RIOT_output/drivers/periph_common/Kconfig.gpio


Reader found: 16 lines in /home/ljd/riot/RIOT/drivers/periph_common/Kconfig.i2c
call _transform_lines(lines from reader, input, configdefault dict info)
start transforming 16 input lines
    GLOB LOG ----------------------------------------------------------------------------
    Resolve osource: $(RIOTCPU)/$(CPU)/periph/Kconfig.i2c at line 16
      no files found for the: $(RIOTCPU)/$(CPU)/periph/Kconfig.i2c
    FILE LOG --------------------------------------------------------------
    Reader input                16 lines
    -----------------------------------------------------------------------
    All source without glob:    0
    All source using glob:      0
    All osource_keywords:       1
    All rsource_keywords:       0
    All orsource_keywords:      0
    SUM (r/or/o)source lines:   1
    All "option env" attr:      0
    -----------------------------------------------------------------------
    Transformer Output:         15 lines
    -----------------------------------------------------------------------
        Added new bc of def_*:           0
        Added new bc of glob:            0
        Added new bc of config_default:  0
        Added new bc of named choice:    0
        Removed bc of config_default:    0
        Removed bc of named choice:      0
        Removed no match for o(r)source: 1
        Removed optional choice attr:    0
        Removed bool     choice attr:    0
        Removed tristate choice attr:    0
Excel saved: /home/ljd/wsMA_prototyp/transform_projects/transform_riot/RIOT_log/results6.xlsx
        Done writting 15 lines in /home/ljd/wsMA_prototyp/transform_projects/transform_riot/RIOT_output/drivers/periph_common/Kconfig.i2c


Reader found: 17 lines in /home/ljd/riot/RIOT/drivers/periph_common/Kconfig.rtc
call _transform_lines(lines from reader, input, configdefault dict info)
start transforming 17 input lines
    GLOB LOG ----------------------------------------------------------------------------
    Resolve osource: $(RIOTCPU)/$(CPU)/periph/Kconfig.rtc at line 17
      no files found for the: $(RIOTCPU)/$(CPU)/periph/Kconfig.rtc
    FILE LOG --------------------------------------------------------------
    Reader input                17 lines
    -----------------------------------------------------------------------
    All source without glob:    0
    All source using glob:      0
    All osource_keywords:       1
    All rsource_keywords:       0
    All orsource_keywords:      0
    SUM (r/or/o)source lines:   1
    All "option env" attr:      0
    -----------------------------------------------------------------------
    Transformer Output:         16 lines
    -----------------------------------------------------------------------
        Added new bc of def_*:           0
        Added new bc of glob:            0
        Added new bc of config_default:  0
        Added new bc of named choice:    0
        Removed bc of config_default:    0
        Removed bc of named choice:      0
        Removed no match for o(r)source: 1
        Removed optional choice attr:    0
        Removed bool     choice attr:    0
        Removed tristate choice attr:    0
Excel saved: /home/ljd/wsMA_prototyp/transform_projects/transform_riot/RIOT_log/results6.xlsx
        Done writting 16 lines in /home/ljd/wsMA_prototyp/transform_projects/transform_riot/RIOT_output/drivers/periph_common/Kconfig.rtc


Reader found: 17 lines in /home/ljd/riot/RIOT/drivers/periph_common/Kconfig.spi
call _transform_lines(lines from reader, input, configdefault dict info)
start transforming 17 input lines
    GLOB LOG ----------------------------------------------------------------------------
    Resolve osource: $(RIOTCPU)/$(CPU)/periph/Kconfig.spi at line 15
      no files found for the: $(RIOTCPU)/$(CPU)/periph/Kconfig.spi
    FILE LOG --------------------------------------------------------------
    Reader input                17 lines
    -----------------------------------------------------------------------
    All source without glob:    0
    All source using glob:      0
    All osource_keywords:       1
    All rsource_keywords:       0
    All orsource_keywords:      0
    SUM (r/or/o)source lines:   1
    All "option env" attr:      0
    -----------------------------------------------------------------------
    Transformer Output:         16 lines
    -----------------------------------------------------------------------
        Added new bc of def_*:           0
        Added new bc of glob:            0
        Added new bc of config_default:  0
        Added new bc of named choice:    0
        Removed bc of config_default:    0
        Removed bc of named choice:      0
        Removed no match for o(r)source: 1
        Removed optional choice attr:    0
        Removed bool     choice attr:    0
        Removed tristate choice attr:    0
Excel saved: /home/ljd/wsMA_prototyp/transform_projects/transform_riot/RIOT_log/results6.xlsx
        Done writting 16 lines in /home/ljd/wsMA_prototyp/transform_projects/transform_riot/RIOT_output/drivers/periph_common/Kconfig.spi


Reader found: 14 lines in /home/ljd/riot/RIOT/drivers/periph_common/Kconfig.timer
call _transform_lines(lines from reader, input, configdefault dict info)
start transforming 14 input lines
    GLOB LOG ----------------------------------------------------------------------------
    Resolve osource: $(RIOTCPU)/$(CPU)/periph/Kconfig.timer at line 11
      no files found for the: $(RIOTCPU)/$(CPU)/periph/Kconfig.timer
    FILE LOG --------------------------------------------------------------
    Reader input                14 lines
    -----------------------------------------------------------------------
    All source without glob:    0
    All source using glob:      0
    All osource_keywords:       1
    All rsource_keywords:       0
    All orsource_keywords:      0
    SUM (r/or/o)source lines:   1
    All "option env" attr:      0
    -----------------------------------------------------------------------
    Transformer Output:         13 lines
    -----------------------------------------------------------------------
        Added new bc of def_*:           0
        Added new bc of glob:            0
        Added new bc of config_default:  0
        Added new bc of named choice:    0
        Removed bc of config_default:    0
        Removed bc of named choice:      0
        Removed no match for o(r)source: 1
        Removed optional choice attr:    0
        Removed bool     choice attr:    0
        Removed tristate choice attr:    0
Excel saved: /home/ljd/wsMA_prototyp/transform_projects/transform_riot/RIOT_log/results6.xlsx
        Done writting 13 lines in /home/ljd/wsMA_prototyp/transform_projects/transform_riot/RIOT_output/drivers/periph_common/Kconfig.timer


Reader found: 18 lines in /home/ljd/riot/RIOT/drivers/periph_common/Kconfig.vbat
call _transform_lines(lines from reader, input, configdefault dict info)
start transforming 18 input lines
    FILE LOG --------------------------------------------------------------
    Reader input                18 lines
    -----------------------------------------------------------------------
    All source without glob:    0
    All source using glob:      0
    All osource_keywords:       0
    All rsource_keywords:       0
    All orsource_keywords:      0
    SUM (r/or/o)source lines:   0
    All "option env" attr:      0
    -----------------------------------------------------------------------
    Transformer Output:         18 lines
    -----------------------------------------------------------------------
        Added new bc of def_*:           0
        Added new bc of glob:            0
        Added new bc of config_default:  0
        Added new bc of named choice:    0
        Removed bc of config_default:    0
        Removed bc of named choice:      0
        Removed no match for o(r)source: 0
        Removed optional choice attr:    0
        Removed bool     choice attr:    0
        Removed tristate choice attr:    0
Excel saved: /home/ljd/wsMA_prototyp/transform_projects/transform_riot/RIOT_log/results6.xlsx
        Done writting 18 lines in /home/ljd/wsMA_prototyp/transform_projects/transform_riot/RIOT_output/drivers/periph_common/Kconfig.vbat


Reader found: 11 lines in /home/ljd/riot/RIOT/drivers/periph_common/Kconfig.wdt
call _transform_lines(lines from reader, input, configdefault dict info)
start transforming 11 input lines
    FILE LOG --------------------------------------------------------------
    Reader input                11 lines
    -----------------------------------------------------------------------
    All source without glob:    0
    All source using glob:      0
    All osource_keywords:       0
    All rsource_keywords:       0
    All orsource_keywords:      0
    SUM (r/or/o)source lines:   0
    All "option env" attr:      0
    -----------------------------------------------------------------------
    Transformer Output:         11 lines
    -----------------------------------------------------------------------
        Added new bc of def_*:           0
        Added new bc of glob:            0
        Added new bc of config_default:  0
        Added new bc of named choice:    0
        Removed bc of config_default:    0
        Removed bc of named choice:      0
        Removed no match for o(r)source: 0
        Removed optional choice attr:    0
        Removed bool     choice attr:    0
        Removed tristate choice attr:    0
Excel saved: /home/ljd/wsMA_prototyp/transform_projects/transform_riot/RIOT_log/results6.xlsx
        Done writting 11 lines in /home/ljd/wsMA_prototyp/transform_projects/transform_riot/RIOT_output/drivers/periph_common/Kconfig.wdt


Reader found: 20 lines in /home/ljd/riot/RIOT/drivers/ads1x1x/Kconfig
call _transform_lines(lines from reader, input, configdefault dict info)
start transforming 20 input lines
    FILE LOG --------------------------------------------------------------
    Reader input                20 lines
    -----------------------------------------------------------------------
    All source without glob:    0
    All source using glob:      0
    All osource_keywords:       0
    All rsource_keywords:       0
    All orsource_keywords:      0
    SUM (r/or/o)source lines:   0
    All "option env" attr:      0
    -----------------------------------------------------------------------
    Transformer Output:         20 lines
    -----------------------------------------------------------------------
        Added new bc of def_*:           0
        Added new bc of glob:            0
        Added new bc of config_default:  0
        Added new bc of named choice:    0
        Removed bc of config_default:    0
        Removed bc of named choice:      0
        Removed no match for o(r)source: 0
        Removed optional choice attr:    0
        Removed bool     choice attr:    0
        Removed tristate choice attr:    0
Excel saved: /home/ljd/wsMA_prototyp/transform_projects/transform_riot/RIOT_log/results6.xlsx
        Done writting 20 lines in /home/ljd/wsMA_prototyp/transform_projects/transform_riot/RIOT_output/drivers/ads1x1x/Kconfig


Reader found: 39 lines in /home/ljd/riot/RIOT/drivers/bmx055/Kconfig
call _transform_lines(lines from reader, input, configdefault dict info)
start transforming 39 input lines
    FILE LOG --------------------------------------------------------------
    Reader input                39 lines
    -----------------------------------------------------------------------
    All source without glob:    0
    All source using glob:      0
    All osource_keywords:       0
    All rsource_keywords:       0
    All orsource_keywords:      0
    SUM (r/or/o)source lines:   0
    All "option env" attr:      0
    -----------------------------------------------------------------------
    Transformer Output:         39 lines
    -----------------------------------------------------------------------
        Added new bc of def_*:           0
        Added new bc of glob:            0
        Added new bc of config_default:  0
        Added new bc of named choice:    0
        Removed bc of config_default:    0
        Removed bc of named choice:      0
        Removed no match for o(r)source: 0
        Removed optional choice attr:    0
        Removed bool     choice attr:    0
        Removed tristate choice attr:    0
Excel saved: /home/ljd/wsMA_prototyp/transform_projects/transform_riot/RIOT_log/results6.xlsx
        Done writting 39 lines in /home/ljd/wsMA_prototyp/transform_projects/transform_riot/RIOT_output/drivers/bmx055/Kconfig


Reader found: 18 lines in /home/ljd/riot/RIOT/drivers/fxos8700/Kconfig
call _transform_lines(lines from reader, input, configdefault dict info)
start transforming 18 input lines
    FILE LOG --------------------------------------------------------------
    Reader input                18 lines
    -----------------------------------------------------------------------
    All source without glob:    0
    All source using glob:      0
    All osource_keywords:       0
    All rsource_keywords:       0
    All orsource_keywords:      0
    SUM (r/or/o)source lines:   0
    All "option env" attr:      0
    -----------------------------------------------------------------------
    Transformer Output:         18 lines
    -----------------------------------------------------------------------
        Added new bc of def_*:           0
        Added new bc of glob:            0
        Added new bc of config_default:  0
        Added new bc of named choice:    0
        Removed bc of config_default:    0
        Removed bc of named choice:      0
        Removed no match for o(r)source: 0
        Removed optional choice attr:    0
        Removed bool     choice attr:    0
        Removed tristate choice attr:    0
Excel saved: /home/ljd/wsMA_prototyp/transform_projects/transform_riot/RIOT_log/results6.xlsx
        Done writting 18 lines in /home/ljd/wsMA_prototyp/transform_projects/transform_riot/RIOT_output/drivers/fxos8700/Kconfig


Reader found: 18 lines in /home/ljd/riot/RIOT/drivers/gp2y10xx/Kconfig
call _transform_lines(lines from reader, input, configdefault dict info)
start transforming 18 input lines
    FILE LOG --------------------------------------------------------------
    Reader input                18 lines
    -----------------------------------------------------------------------
    All source without glob:    0
    All source using glob:      0
    All osource_keywords:       0
    All rsource_keywords:       0
    All orsource_keywords:      0
    SUM (r/or/o)source lines:   0
    All "option env" attr:      0
    -----------------------------------------------------------------------
    Transformer Output:         18 lines
    -----------------------------------------------------------------------
        Added new bc of def_*:           0
        Added new bc of glob:            0
        Added new bc of config_default:  0
        Added new bc of named choice:    0
        Removed bc of config_default:    0
        Removed bc of named choice:      0
        Removed no match for o(r)source: 0
        Removed optional choice attr:    0
        Removed bool     choice attr:    0
        Removed tristate choice attr:    0
Excel saved: /home/ljd/wsMA_prototyp/transform_projects/transform_riot/RIOT_log/results6.xlsx
        Done writting 18 lines in /home/ljd/wsMA_prototyp/transform_projects/transform_riot/RIOT_output/drivers/gp2y10xx/Kconfig


Reader found: 28 lines in /home/ljd/riot/RIOT/drivers/hdc1000/Kconfig
call _transform_lines(lines from reader, input, configdefault dict info)
start transforming 28 input lines
    FILE LOG --------------------------------------------------------------
    Reader input                28 lines
    -----------------------------------------------------------------------
    All source without glob:    0
    All source using glob:      0
    All osource_keywords:       0
    All rsource_keywords:       0
    All orsource_keywords:      0
    SUM (r/or/o)source lines:   0
    All "option env" attr:      0
    -----------------------------------------------------------------------
    Transformer Output:         28 lines
    -----------------------------------------------------------------------
        Added new bc of def_*:           0
        Added new bc of glob:            0
        Added new bc of config_default:  0
        Added new bc of named choice:    0
        Removed bc of config_default:    0
        Removed bc of named choice:      0
        Removed no match for o(r)source: 0
        Removed optional choice attr:    0
        Removed bool     choice attr:    0
        Removed tristate choice attr:    0
Excel saved: /home/ljd/wsMA_prototyp/transform_projects/transform_riot/RIOT_log/results6.xlsx
        Done writting 28 lines in /home/ljd/wsMA_prototyp/transform_projects/transform_riot/RIOT_output/drivers/hdc1000/Kconfig


Reader found: 19 lines in /home/ljd/riot/RIOT/drivers/hm330x/Kconfig
call _transform_lines(lines from reader, input, configdefault dict info)
start transforming 19 input lines
    FILE LOG --------------------------------------------------------------
    Reader input                19 lines
    -----------------------------------------------------------------------
    All source without glob:    0
    All source using glob:      0
    All osource_keywords:       0
    All rsource_keywords:       0
    All orsource_keywords:      0
    SUM (r/or/o)source lines:   0
    All "option env" attr:      0
    -----------------------------------------------------------------------
    Transformer Output:         19 lines
    -----------------------------------------------------------------------
        Added new bc of def_*:           0
        Added new bc of glob:            0
        Added new bc of config_default:  0
        Added new bc of named choice:    0
        Removed bc of config_default:    0
        Removed bc of named choice:      0
        Removed no match for o(r)source: 0
        Removed optional choice attr:    0
        Removed bool     choice attr:    0
        Removed tristate choice attr:    0
Excel saved: /home/ljd/wsMA_prototyp/transform_projects/transform_riot/RIOT_log/results6.xlsx
        Done writting 19 lines in /home/ljd/wsMA_prototyp/transform_projects/transform_riot/RIOT_output/drivers/hm330x/Kconfig


Reader found: 27 lines in /home/ljd/riot/RIOT/drivers/hsc/Kconfig
call _transform_lines(lines from reader, input, configdefault dict info)
start transforming 27 input lines
    FILE LOG --------------------------------------------------------------
    Reader input                27 lines
    -----------------------------------------------------------------------
    All source without glob:    0
    All source using glob:      0
    All osource_keywords:       0
    All rsource_keywords:       0
    All orsource_keywords:      0
    SUM (r/or/o)source lines:   0
    All "option env" attr:      0
    -----------------------------------------------------------------------
    Transformer Output:         27 lines
    -----------------------------------------------------------------------
        Added new bc of def_*:           0
        Added new bc of glob:            0
        Added new bc of config_default:  0
        Added new bc of named choice:    0
        Removed bc of config_default:    0
        Removed bc of named choice:      0
        Removed no match for o(r)source: 0
        Removed optional choice attr:    0
        Removed bool     choice attr:    0
        Removed tristate choice attr:    0
Excel saved: /home/ljd/wsMA_prototyp/transform_projects/transform_riot/RIOT_log/results6.xlsx
        Done writting 27 lines in /home/ljd/wsMA_prototyp/transform_projects/transform_riot/RIOT_output/drivers/hsc/Kconfig


Reader found: 21 lines in /home/ljd/riot/RIOT/drivers/isl29020/Kconfig
call _transform_lines(lines from reader, input, configdefault dict info)
start transforming 21 input lines
    FILE LOG --------------------------------------------------------------
    Reader input                21 lines
    -----------------------------------------------------------------------
    All source without glob:    0
    All source using glob:      0
    All osource_keywords:       0
    All rsource_keywords:       0
    All orsource_keywords:      0
    SUM (r/or/o)source lines:   0
    All "option env" attr:      0
    -----------------------------------------------------------------------
    Transformer Output:         21 lines
    -----------------------------------------------------------------------
        Added new bc of def_*:           0
        Added new bc of glob:            0
        Added new bc of config_default:  0
        Added new bc of named choice:    0
        Removed bc of config_default:    0
        Removed bc of named choice:      0
        Removed no match for o(r)source: 0
        Removed optional choice attr:    0
        Removed bool     choice attr:    0
        Removed tristate choice attr:    0
Excel saved: /home/ljd/wsMA_prototyp/transform_projects/transform_riot/RIOT_log/results6.xlsx
        Done writting 21 lines in /home/ljd/wsMA_prototyp/transform_projects/transform_riot/RIOT_output/drivers/isl29020/Kconfig


Reader found: 22 lines in /home/ljd/riot/RIOT/drivers/l3g4200d/Kconfig
call _transform_lines(lines from reader, input, configdefault dict info)
start transforming 22 input lines
    FILE LOG --------------------------------------------------------------
    Reader input                22 lines
    -----------------------------------------------------------------------
    All source without glob:    0
    All source using glob:      0
    All osource_keywords:       0
    All rsource_keywords:       0
    All orsource_keywords:      0
    SUM (r/or/o)source lines:   0
    All "option env" attr:      0
    -----------------------------------------------------------------------
    Transformer Output:         22 lines
    -----------------------------------------------------------------------
        Added new bc of def_*:           0
        Added new bc of glob:            0
        Added new bc of config_default:  0
        Added new bc of named choice:    0
        Removed bc of config_default:    0
        Removed bc of named choice:      0
        Removed no match for o(r)source: 0
        Removed optional choice attr:    0
        Removed bool     choice attr:    0
        Removed tristate choice attr:    0
Excel saved: /home/ljd/wsMA_prototyp/transform_projects/transform_riot/RIOT_log/results6.xlsx
        Done writting 22 lines in /home/ljd/wsMA_prototyp/transform_projects/transform_riot/RIOT_output/drivers/l3g4200d/Kconfig


Reader found: 325 lines in /home/ljd/riot/RIOT/drivers/l3gxxxx/Kconfig
call _transform_lines(lines from reader, input, configdefault dict info)
start transforming 325 input lines
    current_indx: 11 - choice_attr_end: 19
    current_indx: 62 - choice_attr_end: 69
    current_indx: 91 - choice_attr_end: 106
    current_indx: 123 - choice_attr_end: 128
    current_indx: 162 - choice_attr_end: 169
    current_indx: 283 - choice_attr_end: 294
    FILE LOG --------------------------------------------------------------
    Reader input                325 lines
    -----------------------------------------------------------------------
    All source without glob:    0
    All source using glob:      0
    All osource_keywords:       0
    All rsource_keywords:       0
    All orsource_keywords:      0
    SUM (r/or/o)source lines:   0
    All "option env" attr:      0
    -----------------------------------------------------------------------
    Transformer Output:         325 lines
    -----------------------------------------------------------------------
        Added new bc of def_*:           0
        Added new bc of glob:            0
        Added new bc of config_default:  0
        Added new bc of named choice:    0
        Removed bc of config_default:    0
        Removed bc of named choice:      0
        Removed no match for o(r)source: 0
        Removed optional choice attr:    0
        Removed bool     choice attr:    0
        Removed tristate choice attr:    0
Excel saved: /home/ljd/wsMA_prototyp/transform_projects/transform_riot/RIOT_log/results6.xlsx
        Done writting 325 lines in /home/ljd/wsMA_prototyp/transform_projects/transform_riot/RIOT_output/drivers/l3gxxxx/Kconfig


Reader found: 114 lines in /home/ljd/riot/RIOT/drivers/lm75/Kconfig
call _transform_lines(lines from reader, input, configdefault dict info)
start transforming 114 input lines
    current_indx: 14 - choice_attr_end: 19
    current_indx: 29 - choice_attr_end: 40
    current_indx: 50 - choice_attr_end: 55
    current_indx: 65 - choice_attr_end: 70
    current_indx: 91 - choice_attr_end: 96
    FILE LOG --------------------------------------------------------------
    Reader input                114 lines
    -----------------------------------------------------------------------
    All source without glob:    0
    All source using glob:      0
    All osource_keywords:       0
    All rsource_keywords:       0
    All orsource_keywords:      0
    SUM (r/or/o)source lines:   0
    All "option env" attr:      0
    -----------------------------------------------------------------------
    Transformer Output:         114 lines
    -----------------------------------------------------------------------
        Added new bc of def_*:           0
        Added new bc of glob:            0
        Added new bc of config_default:  0
        Added new bc of named choice:    0
        Removed bc of config_default:    0
        Removed bc of named choice:      0
        Removed no match for o(r)source: 0
        Removed optional choice attr:    0
        Removed bool     choice attr:    0
        Removed tristate choice attr:    0
Excel saved: /home/ljd/wsMA_prototyp/transform_projects/transform_riot/RIOT_log/results6.xlsx
        Done writting 114 lines in /home/ljd/wsMA_prototyp/transform_projects/transform_riot/RIOT_output/drivers/lm75/Kconfig


Reader found: 22 lines in /home/ljd/riot/RIOT/drivers/lpsxxx/Kconfig
call _transform_lines(lines from reader, input, configdefault dict info)
start transforming 22 input lines
    FILE LOG --------------------------------------------------------------
    Reader input                22 lines
    -----------------------------------------------------------------------
    All source without glob:    0
    All source using glob:      0
    All osource_keywords:       0
    All rsource_keywords:       0
    All orsource_keywords:      0
    SUM (r/or/o)source lines:   0
    All "option env" attr:      0
    -----------------------------------------------------------------------
    Transformer Output:         22 lines
    -----------------------------------------------------------------------
        Added new bc of def_*:           0
        Added new bc of glob:            0
        Added new bc of config_default:  0
        Added new bc of named choice:    0
        Removed bc of config_default:    0
        Removed bc of named choice:      0
        Removed no match for o(r)source: 0
        Removed optional choice attr:    0
        Removed bool     choice attr:    0
        Removed tristate choice attr:    0
Excel saved: /home/ljd/wsMA_prototyp/transform_projects/transform_riot/RIOT_log/results6.xlsx
        Done writting 22 lines in /home/ljd/wsMA_prototyp/transform_projects/transform_riot/RIOT_output/drivers/lpsxxx/Kconfig


Reader found: 20 lines in /home/ljd/riot/RIOT/drivers/mag3110/Kconfig
call _transform_lines(lines from reader, input, configdefault dict info)
start transforming 20 input lines
    FILE LOG --------------------------------------------------------------
    Reader input                20 lines
    -----------------------------------------------------------------------
    All source without glob:    0
    All source using glob:      0
    All osource_keywords:       0
    All rsource_keywords:       0
    All orsource_keywords:      0
    SUM (r/or/o)source lines:   0
    All "option env" attr:      0
    -----------------------------------------------------------------------
    Transformer Output:         20 lines
    -----------------------------------------------------------------------
        Added new bc of def_*:           0
        Added new bc of glob:            0
        Added new bc of config_default:  0
        Added new bc of named choice:    0
        Removed bc of config_default:    0
        Removed bc of named choice:      0
        Removed no match for o(r)source: 0
        Removed optional choice attr:    0
        Removed bool     choice attr:    0
        Removed tristate choice attr:    0
Excel saved: /home/ljd/wsMA_prototyp/transform_projects/transform_riot/RIOT_log/results6.xlsx
        Done writting 20 lines in /home/ljd/wsMA_prototyp/transform_projects/transform_riot/RIOT_output/drivers/mag3110/Kconfig


Reader found: 36 lines in /home/ljd/riot/RIOT/drivers/matrix_keypad/Kconfig
call _transform_lines(lines from reader, input, configdefault dict info)
start transforming 36 input lines
    FILE LOG --------------------------------------------------------------
    Reader input                36 lines
    -----------------------------------------------------------------------
    All source without glob:    0
    All source using glob:      0
    All osource_keywords:       0
    All rsource_keywords:       0
    All orsource_keywords:      0
    SUM (r/or/o)source lines:   0
    All "option env" attr:      0
    -----------------------------------------------------------------------
    Transformer Output:         36 lines
    -----------------------------------------------------------------------
        Added new bc of def_*:           0
        Added new bc of glob:            0
        Added new bc of config_default:  0
        Added new bc of named choice:    0
        Removed bc of config_default:    0
        Removed bc of named choice:      0
        Removed no match for o(r)source: 0
        Removed optional choice attr:    0
        Removed bool     choice attr:    0
        Removed tristate choice attr:    0
Excel saved: /home/ljd/wsMA_prototyp/transform_projects/transform_riot/RIOT_log/results6.xlsx
        Done writting 36 lines in /home/ljd/wsMA_prototyp/transform_projects/transform_riot/RIOT_output/drivers/matrix_keypad/Kconfig


Reader found: 23 lines in /home/ljd/riot/RIOT/drivers/mma8x5x/Kconfig
call _transform_lines(lines from reader, input, configdefault dict info)
start transforming 23 input lines
    FILE LOG --------------------------------------------------------------
    Reader input                23 lines
    -----------------------------------------------------------------------
    All source without glob:    0
    All source using glob:      0
    All osource_keywords:       0
    All rsource_keywords:       0
    All orsource_keywords:      0
    SUM (r/or/o)source lines:   0
    All "option env" attr:      0
    -----------------------------------------------------------------------
    Transformer Output:         23 lines
    -----------------------------------------------------------------------
        Added new bc of def_*:           0
        Added new bc of glob:            0
        Added new bc of config_default:  0
        Added new bc of named choice:    0
        Removed bc of config_default:    0
        Removed bc of named choice:      0
        Removed no match for o(r)source: 0
        Removed optional choice attr:    0
        Removed bool     choice attr:    0
        Removed tristate choice attr:    0
Excel saved: /home/ljd/wsMA_prototyp/transform_projects/transform_riot/RIOT_log/results6.xlsx
        Done writting 23 lines in /home/ljd/wsMA_prototyp/transform_projects/transform_riot/RIOT_output/drivers/mma8x5x/Kconfig


Reader found: 38 lines in /home/ljd/riot/RIOT/drivers/opt3001/Kconfig
call _transform_lines(lines from reader, input, configdefault dict info)
start transforming 38 input lines
    current_indx: 22 - choice_attr_end: 29
    FILE LOG --------------------------------------------------------------
    Reader input                38 lines
    -----------------------------------------------------------------------
    All source without glob:    0
    All source using glob:      0
    All osource_keywords:       0
    All rsource_keywords:       0
    All orsource_keywords:      0
    SUM (r/or/o)source lines:   0
    All "option env" attr:      0
    -----------------------------------------------------------------------
    Transformer Output:         38 lines
    -----------------------------------------------------------------------
        Added new bc of def_*:           0
        Added new bc of glob:            0
        Added new bc of config_default:  0
        Added new bc of named choice:    0
        Removed bc of config_default:    0
        Removed bc of named choice:      0
        Removed no match for o(r)source: 0
        Removed optional choice attr:    0
        Removed bool     choice attr:    0
        Removed tristate choice attr:    0
Excel saved: /home/ljd/wsMA_prototyp/transform_projects/transform_riot/RIOT_log/results6.xlsx
        Done writting 38 lines in /home/ljd/wsMA_prototyp/transform_projects/transform_riot/RIOT_output/drivers/opt3001/Kconfig


Reader found: 37 lines in /home/ljd/riot/RIOT/drivers/paa5100je/Kconfig
call _transform_lines(lines from reader, input, configdefault dict info)
start transforming 37 input lines
    FILE LOG --------------------------------------------------------------
    Reader input                37 lines
    -----------------------------------------------------------------------
    All source without glob:    0
    All source using glob:      0
    All osource_keywords:       0
    All rsource_keywords:       0
    All orsource_keywords:      0
    SUM (r/or/o)source lines:   0
    All "option env" attr:      0
    -----------------------------------------------------------------------
    Transformer Output:         37 lines
    -----------------------------------------------------------------------
        Added new bc of def_*:           0
        Added new bc of glob:            0
        Added new bc of config_default:  0
        Added new bc of named choice:    0
        Removed bc of config_default:    0
        Removed bc of named choice:      0
        Removed no match for o(r)source: 0
        Removed optional choice attr:    0
        Removed bool     choice attr:    0
        Removed tristate choice attr:    0
Excel saved: /home/ljd/wsMA_prototyp/transform_projects/transform_riot/RIOT_log/results6.xlsx
        Done writting 37 lines in /home/ljd/wsMA_prototyp/transform_projects/transform_riot/RIOT_output/drivers/paa5100je/Kconfig


Reader found: 20 lines in /home/ljd/riot/RIOT/drivers/seesaw_soil/Kconfig
call _transform_lines(lines from reader, input, configdefault dict info)
start transforming 20 input lines
    FILE LOG --------------------------------------------------------------
    Reader input                20 lines
    -----------------------------------------------------------------------
    All source without glob:    0
    All source using glob:      0
    All osource_keywords:       0
    All rsource_keywords:       0
    All orsource_keywords:      0
    SUM (r/or/o)source lines:   0
    All "option env" attr:      0
    -----------------------------------------------------------------------
    Transformer Output:         20 lines
    -----------------------------------------------------------------------
        Added new bc of def_*:           0
        Added new bc of glob:            0
        Added new bc of config_default:  0
        Added new bc of named choice:    0
        Removed bc of config_default:    0
        Removed bc of named choice:      0
        Removed no match for o(r)source: 0
        Removed optional choice attr:    0
        Removed bool     choice attr:    0
        Removed tristate choice attr:    0
Excel saved: /home/ljd/wsMA_prototyp/transform_projects/transform_riot/RIOT_log/results6.xlsx
        Done writting 20 lines in /home/ljd/wsMA_prototyp/transform_projects/transform_riot/RIOT_output/drivers/seesaw_soil/Kconfig


Reader found: 56 lines in /home/ljd/riot/RIOT/drivers/sht2x/Kconfig
call _transform_lines(lines from reader, input, configdefault dict info)
start transforming 56 input lines
    current_indx: 10 - choice_attr_end: 13
    current_indx: 26 - choice_attr_end: 29
    FILE LOG --------------------------------------------------------------
    Reader input                56 lines
    -----------------------------------------------------------------------
    All source without glob:    0
    All source using glob:      0
    All osource_keywords:       0
    All rsource_keywords:       0
    All orsource_keywords:      0
    SUM (r/or/o)source lines:   0
    All "option env" attr:      0
    -----------------------------------------------------------------------
    Transformer Output:         56 lines
    -----------------------------------------------------------------------
        Added new bc of def_*:           0
        Added new bc of glob:            0
        Added new bc of config_default:  0
        Added new bc of named choice:    0
        Removed bc of config_default:    0
        Removed bc of named choice:      0
        Removed no match for o(r)source: 0
        Removed optional choice attr:    0
        Removed bool     choice attr:    0
        Removed tristate choice attr:    0
Excel saved: /home/ljd/wsMA_prototyp/transform_projects/transform_riot/RIOT_log/results6.xlsx
        Done writting 56 lines in /home/ljd/wsMA_prototyp/transform_projects/transform_riot/RIOT_output/drivers/sht2x/Kconfig


Reader found: 33 lines in /home/ljd/riot/RIOT/drivers/sm_pwm_01c/Kconfig
call _transform_lines(lines from reader, input, configdefault dict info)
start transforming 33 input lines
    FILE LOG --------------------------------------------------------------
    Reader input                33 lines
    -----------------------------------------------------------------------
    All source without glob:    0
    All source using glob:      0
    All osource_keywords:       0
    All rsource_keywords:       0
    All orsource_keywords:      0
    SUM (r/or/o)source lines:   0
    All "option env" attr:      0
    -----------------------------------------------------------------------
    Transformer Output:         33 lines
    -----------------------------------------------------------------------
        Added new bc of def_*:           0
        Added new bc of glob:            0
        Added new bc of config_default:  0
        Added new bc of named choice:    0
        Removed bc of config_default:    0
        Removed bc of named choice:      0
        Removed no match for o(r)source: 0
        Removed optional choice attr:    0
        Removed bool     choice attr:    0
        Removed tristate choice attr:    0
Excel saved: /home/ljd/wsMA_prototyp/transform_projects/transform_riot/RIOT_log/results6.xlsx
        Done writting 33 lines in /home/ljd/wsMA_prototyp/transform_projects/transform_riot/RIOT_output/drivers/sm_pwm_01c/Kconfig


Reader found: 21 lines in /home/ljd/riot/RIOT/drivers/sps30/Kconfig
call _transform_lines(lines from reader, input, configdefault dict info)
start transforming 21 input lines
    FILE LOG --------------------------------------------------------------
    Reader input                21 lines
    -----------------------------------------------------------------------
    All source without glob:    0
    All source using glob:      0
    All osource_keywords:       0
    All rsource_keywords:       0
    All orsource_keywords:      0
    SUM (r/or/o)source lines:   0
    All "option env" attr:      0
    -----------------------------------------------------------------------
    Transformer Output:         21 lines
    -----------------------------------------------------------------------
        Added new bc of def_*:           0
        Added new bc of glob:            0
        Added new bc of config_default:  0
        Added new bc of named choice:    0
        Removed bc of config_default:    0
        Removed bc of named choice:      0
        Removed no match for o(r)source: 0
        Removed optional choice attr:    0
        Removed bool     choice attr:    0
        Removed tristate choice attr:    0
Excel saved: /home/ljd/wsMA_prototyp/transform_projects/transform_riot/RIOT_log/results6.xlsx
        Done writting 21 lines in /home/ljd/wsMA_prototyp/transform_projects/transform_riot/RIOT_output/drivers/sps30/Kconfig


Reader found: 21 lines in /home/ljd/riot/RIOT/drivers/tcs37727/Kconfig
call _transform_lines(lines from reader, input, configdefault dict info)
start transforming 21 input lines
    FILE LOG --------------------------------------------------------------
    Reader input                21 lines
    -----------------------------------------------------------------------
    All source without glob:    0
    All source using glob:      0
    All osource_keywords:       0
    All rsource_keywords:       0
    All orsource_keywords:      0
    SUM (r/or/o)source lines:   0
    All "option env" attr:      0
    -----------------------------------------------------------------------
    Transformer Output:         21 lines
    -----------------------------------------------------------------------
        Added new bc of def_*:           0
        Added new bc of glob:            0
        Added new bc of config_default:  0
        Added new bc of named choice:    0
        Removed bc of config_default:    0
        Removed bc of named choice:      0
        Removed no match for o(r)source: 0
        Removed optional choice attr:    0
        Removed bool     choice attr:    0
        Removed tristate choice attr:    0
Excel saved: /home/ljd/wsMA_prototyp/transform_projects/transform_riot/RIOT_log/results6.xlsx
        Done writting 21 lines in /home/ljd/wsMA_prototyp/transform_projects/transform_riot/RIOT_output/drivers/tcs37727/Kconfig


Reader found: 61 lines in /home/ljd/riot/RIOT/drivers/tmp00x/Kconfig
call _transform_lines(lines from reader, input, configdefault dict info)
start transforming 61 input lines
    current_indx: 22 - choice_attr_end: 29
    FILE LOG --------------------------------------------------------------
    Reader input                61 lines
    -----------------------------------------------------------------------
    All source without glob:    0
    All source using glob:      0
    All osource_keywords:       0
    All rsource_keywords:       0
    All orsource_keywords:      0
    SUM (r/or/o)source lines:   0
    All "option env" attr:      0
    -----------------------------------------------------------------------
    Transformer Output:         61 lines
    -----------------------------------------------------------------------
        Added new bc of def_*:           0
        Added new bc of glob:            0
        Added new bc of config_default:  0
        Added new bc of named choice:    0
        Removed bc of config_default:    0
        Removed bc of named choice:      0
        Removed no match for o(r)source: 0
        Removed optional choice attr:    0
        Removed bool     choice attr:    0
        Removed tristate choice attr:    0
Excel saved: /home/ljd/wsMA_prototyp/transform_projects/transform_riot/RIOT_log/results6.xlsx
        Done writting 61 lines in /home/ljd/wsMA_prototyp/transform_projects/transform_riot/RIOT_output/drivers/tmp00x/Kconfig


Reader found: 169 lines in /home/ljd/riot/RIOT/drivers/vl6180x/Kconfig
call _transform_lines(lines from reader, input, configdefault dict info)
start transforming 169 input lines
    current_indx: 75 - choice_attr_end: 81
    current_indx: 121 - choice_attr_end: 127
    FILE LOG --------------------------------------------------------------
    Reader input                169 lines
    -----------------------------------------------------------------------
    All source without glob:    0
    All source using glob:      0
    All osource_keywords:       0
    All rsource_keywords:       0
    All orsource_keywords:      0
    SUM (r/or/o)source lines:   0
    All "option env" attr:      0
    -----------------------------------------------------------------------
    Transformer Output:         169 lines
    -----------------------------------------------------------------------
        Added new bc of def_*:           0
        Added new bc of glob:            0
        Added new bc of config_default:  0
        Added new bc of named choice:    0
        Removed bc of config_default:    0
        Removed bc of named choice:      0
        Removed no match for o(r)source: 0
        Removed optional choice attr:    0
        Removed bool     choice attr:    0
        Removed tristate choice attr:    0
Excel saved: /home/ljd/wsMA_prototyp/transform_projects/transform_riot/RIOT_log/results6.xlsx
        Done writting 169 lines in /home/ljd/wsMA_prototyp/transform_projects/transform_riot/RIOT_output/drivers/vl6180x/Kconfig


Reader found: 27 lines in /home/ljd/riot/RIOT/drivers/mtd_sdcard/Kconfig
call _transform_lines(lines from reader, input, configdefault dict info)
start transforming 27 input lines
    FILE LOG --------------------------------------------------------------
    Reader input                27 lines
    -----------------------------------------------------------------------
    All source without glob:    0
    All source using glob:      0
    All osource_keywords:       0
    All rsource_keywords:       0
    All orsource_keywords:      0
    SUM (r/or/o)source lines:   0
    All "option env" attr:      0
    -----------------------------------------------------------------------
    Transformer Output:         27 lines
    -----------------------------------------------------------------------
        Added new bc of def_*:           0
        Added new bc of glob:            0
        Added new bc of config_default:  0
        Added new bc of named choice:    0
        Removed bc of config_default:    0
        Removed bc of named choice:      0
        Removed no match for o(r)source: 0
        Removed optional choice attr:    0
        Removed bool     choice attr:    0
        Removed tristate choice attr:    0
Excel saved: /home/ljd/wsMA_prototyp/transform_projects/transform_riot/RIOT_log/results6.xlsx
        Done writting 27 lines in /home/ljd/wsMA_prototyp/transform_projects/transform_riot/RIOT_output/drivers/mtd_sdcard/Kconfig


Reader found: 23 lines in /home/ljd/riot/RIOT/sys/Kconfig
call _transform_lines(lines from reader, input, configdefault dict info)
start transforming 23 input lines
    GLOB LOG ----------------------------------------------------------------------------
    Resolve rsource: auto_init/Kconfig at line 9
      -> sys/auto_init/Kconfig
    Files matching: 1 (using rsource)
    GLOB LOG ----------------------------------------------------------------------------
    Resolve rsource: can/Kconfig at line 10
      -> sys/can/Kconfig
    Files matching: 1 (using rsource)
    GLOB LOG ----------------------------------------------------------------------------
    Resolve rsource: chunked_ringbuffer/Kconfig at line 11
      -> sys/chunked_ringbuffer/Kconfig
    Files matching: 1 (using rsource)
    GLOB LOG ----------------------------------------------------------------------------
    Resolve rsource: congure/Kconfig at line 12
      -> sys/congure/Kconfig
    Files matching: 1 (using rsource)
    GLOB LOG ----------------------------------------------------------------------------
    Resolve rsource: debug_irq_disable/Kconfig at line 13
      -> sys/debug_irq_disable/Kconfig
    Files matching: 1 (using rsource)
    GLOB LOG ----------------------------------------------------------------------------
    Resolve rsource: entropy_source/Kconfig at line 14
      -> sys/entropy_source/Kconfig
    Files matching: 1 (using rsource)
    GLOB LOG ----------------------------------------------------------------------------
    Resolve rsource: fido2/Kconfig at line 15
      no files found for the: fido2/Kconfig
    GLOB LOG ----------------------------------------------------------------------------
    Resolve rsource: net/Kconfig at line 16
      -> sys/net/Kconfig
    Files matching: 1 (using rsource)
    GLOB LOG ----------------------------------------------------------------------------
    Resolve rsource: progress_bar/Kconfig at line 17
      -> sys/progress_bar/Kconfig
    Files matching: 1 (using rsource)
    GLOB LOG ----------------------------------------------------------------------------
    Resolve rsource: psa_crypto/Kconfig at line 18
      no files found for the: psa_crypto/Kconfig
    GLOB LOG ----------------------------------------------------------------------------
    Resolve rsource: shell/Kconfig at line 19
      -> sys/shell/Kconfig
    Files matching: 1 (using rsource)
    GLOB LOG ----------------------------------------------------------------------------
    Resolve rsource: shell_lock/Kconfig at line 20
      -> sys/shell_lock/Kconfig
    Files matching: 1 (using rsource)
    GLOB LOG ----------------------------------------------------------------------------
    Resolve rsource: usb/Kconfig at line 21
      -> sys/usb/Kconfig
    Files matching: 1 (using rsource)
    FILE LOG --------------------------------------------------------------
    Reader input                23 lines
    -----------------------------------------------------------------------
    All source without glob:    0
    All source using glob:      0
    All osource_keywords:       0
    All rsource_keywords:       13
    All orsource_keywords:      0
    SUM (r/or/o)source lines:   13
    All "option env" attr:      0
    -----------------------------------------------------------------------
    Transformer Output:         21 lines
    -----------------------------------------------------------------------
        Added new bc of def_*:           0
        Added new bc of glob:            0
        Added new bc of config_default:  0
        Added new bc of named choice:    0
        Removed bc of config_default:    0
        Removed bc of named choice:      0
        Removed no match for o(r)source: 2
        Removed optional choice attr:    0
        Removed bool     choice attr:    0
        Removed tristate choice attr:    0
Excel saved: /home/ljd/wsMA_prototyp/transform_projects/transform_riot/RIOT_log/results6.xlsx
        Done writting 21 lines in /home/ljd/wsMA_prototyp/transform_projects/transform_riot/RIOT_output/sys/Kconfig


Reader found: 14 lines in /home/ljd/riot/RIOT/sys/auto_init/Kconfig
call _transform_lines(lines from reader, input, configdefault dict info)
start transforming 14 input lines
    FILE LOG --------------------------------------------------------------
    Reader input                14 lines
    -----------------------------------------------------------------------
    All source without glob:    0
    All source using glob:      0
    All osource_keywords:       0
    All rsource_keywords:       0
    All orsource_keywords:      0
    SUM (r/or/o)source lines:   0
    All "option env" attr:      0
    -----------------------------------------------------------------------
    Transformer Output:         14 lines
    -----------------------------------------------------------------------
        Added new bc of def_*:           0
        Added new bc of glob:            0
        Added new bc of config_default:  0
        Added new bc of named choice:    0
        Removed bc of config_default:    0
        Removed bc of named choice:      0
        Removed no match for o(r)source: 0
        Removed optional choice attr:    0
        Removed bool     choice attr:    0
        Removed tristate choice attr:    0
Excel saved: /home/ljd/wsMA_prototyp/transform_projects/transform_riot/RIOT_log/results6.xlsx
        Done writting 14 lines in /home/ljd/wsMA_prototyp/transform_projects/transform_riot/RIOT_output/sys/auto_init/Kconfig


Reader found: 36 lines in /home/ljd/riot/RIOT/sys/can/Kconfig
call _transform_lines(lines from reader, input, configdefault dict info)
start transforming 36 input lines
    FILE LOG --------------------------------------------------------------
    Reader input                36 lines
    -----------------------------------------------------------------------
    All source without glob:    0
    All source using glob:      0
    All osource_keywords:       0
    All rsource_keywords:       0
    All orsource_keywords:      0
    SUM (r/or/o)source lines:   0
    All "option env" attr:      0
    -----------------------------------------------------------------------
    Transformer Output:         36 lines
    -----------------------------------------------------------------------
        Added new bc of def_*:           0
        Added new bc of glob:            0
        Added new bc of config_default:  0
        Added new bc of named choice:    0
        Removed bc of config_default:    0
        Removed bc of named choice:      0
        Removed no match for o(r)source: 0
        Removed optional choice attr:    0
        Removed bool     choice attr:    0
        Removed tristate choice attr:    0
Excel saved: /home/ljd/wsMA_prototyp/transform_projects/transform_riot/RIOT_log/results6.xlsx
        Done writting 36 lines in /home/ljd/wsMA_prototyp/transform_projects/transform_riot/RIOT_output/sys/can/Kconfig


Reader found: 11 lines in /home/ljd/riot/RIOT/sys/chunked_ringbuffer/Kconfig
call _transform_lines(lines from reader, input, configdefault dict info)
start transforming 11 input lines
    FILE LOG --------------------------------------------------------------
    Reader input                11 lines
    -----------------------------------------------------------------------
    All source without glob:    0
    All source using glob:      0
    All osource_keywords:       0
    All rsource_keywords:       0
    All orsource_keywords:      0
    SUM (r/or/o)source lines:   0
    All "option env" attr:      0
    -----------------------------------------------------------------------
    Transformer Output:         11 lines
    -----------------------------------------------------------------------
        Added new bc of def_*:           0
        Added new bc of glob:            0
        Added new bc of config_default:  0
        Added new bc of named choice:    0
        Removed bc of config_default:    0
        Removed bc of named choice:      0
        Removed no match for o(r)source: 0
        Removed optional choice attr:    0
        Removed bool     choice attr:    0
        Removed tristate choice attr:    0
Excel saved: /home/ljd/wsMA_prototyp/transform_projects/transform_riot/RIOT_log/results6.xlsx
        Done writting 11 lines in /home/ljd/wsMA_prototyp/transform_projects/transform_riot/RIOT_output/sys/chunked_ringbuffer/Kconfig


Reader found: 13 lines in /home/ljd/riot/RIOT/sys/congure/Kconfig
call _transform_lines(lines from reader, input, configdefault dict info)
start transforming 13 input lines
    GLOB LOG ----------------------------------------------------------------------------
    Resolve rsource: abe/Kconfig at line 10
      no files found for the: abe/Kconfig
    GLOB LOG ----------------------------------------------------------------------------
    Resolve rsource: test/Kconfig at line 11
      no files found for the: test/Kconfig
    FILE LOG --------------------------------------------------------------
    Reader input                13 lines
    -----------------------------------------------------------------------
    All source without glob:    0
    All source using glob:      0
    All osource_keywords:       0
    All rsource_keywords:       2
    All orsource_keywords:      0
    SUM (r/or/o)source lines:   2
    All "option env" attr:      0
    -----------------------------------------------------------------------
    Transformer Output:         11 lines
    -----------------------------------------------------------------------
        Added new bc of def_*:           0
        Added new bc of glob:            0
        Added new bc of config_default:  0
        Added new bc of named choice:    0
        Removed bc of config_default:    0
        Removed bc of named choice:      0
        Removed no match for o(r)source: 2
        Removed optional choice attr:    0
        Removed bool     choice attr:    0
        Removed tristate choice attr:    0
Excel saved: /home/ljd/wsMA_prototyp/transform_projects/transform_riot/RIOT_log/results6.xlsx
        Done writting 11 lines in /home/ljd/wsMA_prototyp/transform_projects/transform_riot/RIOT_output/sys/congure/Kconfig


Reader found: 9 lines in /home/ljd/riot/RIOT/sys/congure/abe/Kconfig
call _transform_lines(lines from reader, input, configdefault dict info)
start transforming 9 input lines
    GLOB LOG ----------------------------------------------------------------------------
    Resolve rsource: Kconfig.config at line 8
      -> sys/congure/abe/Kconfig.config
    Files matching: 1 (using rsource)
    FILE LOG --------------------------------------------------------------
    Reader input                9 lines
    -----------------------------------------------------------------------
    All source without glob:    0
    All source using glob:      0
    All osource_keywords:       0
    All rsource_keywords:       1
    All orsource_keywords:      0
    SUM (r/or/o)source lines:   1
    All "option env" attr:      0
    -----------------------------------------------------------------------
    Transformer Output:         9 lines
    -----------------------------------------------------------------------
        Added new bc of def_*:           0
        Added new bc of glob:            0
        Added new bc of config_default:  0
        Added new bc of named choice:    0
        Removed bc of config_default:    0
        Removed bc of named choice:      0
        Removed no match for o(r)source: 0
        Removed optional choice attr:    0
        Removed bool     choice attr:    0
        Removed tristate choice attr:    0
Excel saved: /home/ljd/wsMA_prototyp/transform_projects/transform_riot/RIOT_log/results6.xlsx
        Done writting 9 lines in /home/ljd/wsMA_prototyp/transform_projects/transform_riot/RIOT_output/sys/congure/abe/Kconfig


Reader found: 15 lines in /home/ljd/riot/RIOT/sys/congure/abe/Kconfig.config
call _transform_lines(lines from reader, input, configdefault dict info)
start transforming 15 input lines
    FILE LOG --------------------------------------------------------------
    Reader input                15 lines
    -----------------------------------------------------------------------
    All source without glob:    0
    All source using glob:      0
    All osource_keywords:       0
    All rsource_keywords:       0
    All orsource_keywords:      0
    SUM (r/or/o)source lines:   0
    All "option env" attr:      0
    -----------------------------------------------------------------------
    Transformer Output:         15 lines
    -----------------------------------------------------------------------
        Added new bc of def_*:           0
        Added new bc of glob:            0
        Added new bc of config_default:  0
        Added new bc of named choice:    0
        Removed bc of config_default:    0
        Removed bc of named choice:      0
        Removed no match for o(r)source: 0
        Removed optional choice attr:    0
        Removed bool     choice attr:    0
        Removed tristate choice attr:    0
Excel saved: /home/ljd/wsMA_prototyp/transform_projects/transform_riot/RIOT_log/results6.xlsx
        Done writting 15 lines in /home/ljd/wsMA_prototyp/transform_projects/transform_riot/RIOT_output/sys/congure/abe/Kconfig.config


Reader found: 9 lines in /home/ljd/riot/RIOT/sys/congure/test/Kconfig
call _transform_lines(lines from reader, input, configdefault dict info)
start transforming 9 input lines
    GLOB LOG ----------------------------------------------------------------------------
    Resolve rsource: Kconfig.config at line 8
      -> sys/congure/test/Kconfig.config
    Files matching: 1 (using rsource)
    FILE LOG --------------------------------------------------------------
    Reader input                9 lines
    -----------------------------------------------------------------------
    All source without glob:    0
    All source using glob:      0
    All osource_keywords:       0
    All rsource_keywords:       1
    All orsource_keywords:      0
    SUM (r/or/o)source lines:   1
    All "option env" attr:      0
    -----------------------------------------------------------------------
    Transformer Output:         9 lines
    -----------------------------------------------------------------------
        Added new bc of def_*:           0
        Added new bc of glob:            0
        Added new bc of config_default:  0
        Added new bc of named choice:    0
        Removed bc of config_default:    0
        Removed bc of named choice:      0
        Removed no match for o(r)source: 0
        Removed optional choice attr:    0
        Removed bool     choice attr:    0
        Removed tristate choice attr:    0
Excel saved: /home/ljd/wsMA_prototyp/transform_projects/transform_riot/RIOT_log/results6.xlsx
        Done writting 9 lines in /home/ljd/wsMA_prototyp/transform_projects/transform_riot/RIOT_output/sys/congure/test/Kconfig


Reader found: 14 lines in /home/ljd/riot/RIOT/sys/congure/test/Kconfig.config
call _transform_lines(lines from reader, input, configdefault dict info)
start transforming 14 input lines
    FILE LOG --------------------------------------------------------------
    Reader input                14 lines
    -----------------------------------------------------------------------
    All source without glob:    0
    All source using glob:      0
    All osource_keywords:       0
    All rsource_keywords:       0
    All orsource_keywords:      0
    SUM (r/or/o)source lines:   0
    All "option env" attr:      0
    -----------------------------------------------------------------------
    Transformer Output:         14 lines
    -----------------------------------------------------------------------
        Added new bc of def_*:           0
        Added new bc of glob:            0
        Added new bc of config_default:  0
        Added new bc of named choice:    0
        Removed bc of config_default:    0
        Removed bc of named choice:      0
        Removed no match for o(r)source: 0
        Removed optional choice attr:    0
        Removed bool     choice attr:    0
        Removed tristate choice attr:    0
Excel saved: /home/ljd/wsMA_prototyp/transform_projects/transform_riot/RIOT_log/results6.xlsx
        Done writting 14 lines in /home/ljd/wsMA_prototyp/transform_projects/transform_riot/RIOT_output/sys/congure/test/Kconfig.config


Reader found: 14 lines in /home/ljd/riot/RIOT/sys/debug_irq_disable/Kconfig
call _transform_lines(lines from reader, input, configdefault dict info)
start transforming 14 input lines
    FILE LOG --------------------------------------------------------------
    Reader input                14 lines
    -----------------------------------------------------------------------
    All source without glob:    0
    All source using glob:      0
    All osource_keywords:       0
    All rsource_keywords:       0
    All orsource_keywords:      0
    SUM (r/or/o)source lines:   0
    All "option env" attr:      0
    -----------------------------------------------------------------------
    Transformer Output:         14 lines
    -----------------------------------------------------------------------
        Added new bc of def_*:           0
        Added new bc of glob:            0
        Added new bc of config_default:  0
        Added new bc of named choice:    0
        Removed bc of config_default:    0
        Removed bc of named choice:      0
        Removed no match for o(r)source: 0
        Removed optional choice attr:    0
        Removed bool     choice attr:    0
        Removed tristate choice attr:    0
Excel saved: /home/ljd/wsMA_prototyp/transform_projects/transform_riot/RIOT_log/results6.xlsx
        Done writting 14 lines in /home/ljd/wsMA_prototyp/transform_projects/transform_riot/RIOT_output/sys/debug_irq_disable/Kconfig


Reader found: 32 lines in /home/ljd/riot/RIOT/sys/entropy_source/Kconfig
call _transform_lines(lines from reader, input, configdefault dict info)
start transforming 32 input lines
    GLOB LOG ----------------------------------------------------------------------------
    Resolve rsource: adc_noise/Kconfig at line 29
      -> sys/entropy_source/adc_noise/Kconfig
    Files matching: 1 (using rsource)
    GLOB LOG ----------------------------------------------------------------------------
    Resolve rsource: zero_entropy/Kconfig at line 30
      -> sys/entropy_source/zero_entropy/Kconfig
    Files matching: 1 (using rsource)
    FILE LOG --------------------------------------------------------------
    Reader input                32 lines
    -----------------------------------------------------------------------
    All source without glob:    0
    All source using glob:      0
    All osource_keywords:       0
    All rsource_keywords:       2
    All orsource_keywords:      0
    SUM (r/or/o)source lines:   2
    All "option env" attr:      0
    -----------------------------------------------------------------------
    Transformer Output:         32 lines
    -----------------------------------------------------------------------
        Added new bc of def_*:           0
        Added new bc of glob:            0
        Added new bc of config_default:  0
        Added new bc of named choice:    0
        Removed bc of config_default:    0
        Removed bc of named choice:      0
        Removed no match for o(r)source: 0
        Removed optional choice attr:    0
        Removed bool     choice attr:    0
        Removed tristate choice attr:    0
Excel saved: /home/ljd/wsMA_prototyp/transform_projects/transform_riot/RIOT_log/results6.xlsx
        Done writting 32 lines in /home/ljd/wsMA_prototyp/transform_projects/transform_riot/RIOT_output/sys/entropy_source/Kconfig


Reader found: 72 lines in /home/ljd/riot/RIOT/sys/entropy_source/adc_noise/Kconfig
call _transform_lines(lines from reader, input, configdefault dict info)
start transforming 72 input lines
    current_indx: 10 - choice_attr_end: 16
    FILE LOG --------------------------------------------------------------
    Reader input                72 lines
    -----------------------------------------------------------------------
    All source without glob:    0
    All source using glob:      0
    All osource_keywords:       0
    All rsource_keywords:       0
    All orsource_keywords:      0
    SUM (r/or/o)source lines:   0
    All "option env" attr:      0
    -----------------------------------------------------------------------
    Transformer Output:         72 lines
    -----------------------------------------------------------------------
        Added new bc of def_*:           0
        Added new bc of glob:            0
        Added new bc of config_default:  0
        Added new bc of named choice:    0
        Removed bc of config_default:    0
        Removed bc of named choice:      0
        Removed no match for o(r)source: 0
        Removed optional choice attr:    0
        Removed bool     choice attr:    0
        Removed tristate choice attr:    0
Excel saved: /home/ljd/wsMA_prototyp/transform_projects/transform_riot/RIOT_log/results6.xlsx
        Done writting 72 lines in /home/ljd/wsMA_prototyp/transform_projects/transform_riot/RIOT_output/sys/entropy_source/adc_noise/Kconfig


Reader found: 30 lines in /home/ljd/riot/RIOT/sys/entropy_source/zero_entropy/Kconfig
call _transform_lines(lines from reader, input, configdefault dict info)
start transforming 30 input lines
    FILE LOG --------------------------------------------------------------
    Reader input                30 lines
    -----------------------------------------------------------------------
    All source without glob:    0
    All source using glob:      0
    All osource_keywords:       0
    All rsource_keywords:       0
    All orsource_keywords:      0
    SUM (r/or/o)source lines:   0
    All "option env" attr:      0
    -----------------------------------------------------------------------
    Transformer Output:         30 lines
    -----------------------------------------------------------------------
        Added new bc of def_*:           0
        Added new bc of glob:            0
        Added new bc of config_default:  0
        Added new bc of named choice:    0
        Removed bc of config_default:    0
        Removed bc of named choice:      0
        Removed no match for o(r)source: 0
        Removed optional choice attr:    0
        Removed bool     choice attr:    0
        Removed tristate choice attr:    0
Excel saved: /home/ljd/wsMA_prototyp/transform_projects/transform_riot/RIOT_log/results6.xlsx
        Done writting 30 lines in /home/ljd/wsMA_prototyp/transform_projects/transform_riot/RIOT_output/sys/entropy_source/zero_entropy/Kconfig


Reader found: 11 lines in /home/ljd/riot/RIOT/sys/fido2/Kconfig
call _transform_lines(lines from reader, input, configdefault dict info)
start transforming 11 input lines
    GLOB LOG ----------------------------------------------------------------------------
    Resolve rsource: ctap/Kconfig at line 9
      -> sys/fido2/ctap/Kconfig
    Files matching: 1 (using rsource)
    FILE LOG --------------------------------------------------------------
    Reader input                11 lines
    -----------------------------------------------------------------------
    All source without glob:    0
    All source using glob:      0
    All osource_keywords:       0
    All rsource_keywords:       1
    All orsource_keywords:      0
    SUM (r/or/o)source lines:   1
    All "option env" attr:      0
    -----------------------------------------------------------------------
    Transformer Output:         11 lines
    -----------------------------------------------------------------------
        Added new bc of def_*:           0
        Added new bc of glob:            0
        Added new bc of config_default:  0
        Added new bc of named choice:    0
        Removed bc of config_default:    0
        Removed bc of named choice:      0
        Removed no match for o(r)source: 0
        Removed optional choice attr:    0
        Removed bool     choice attr:    0
        Removed tristate choice attr:    0
Excel saved: /home/ljd/wsMA_prototyp/transform_projects/transform_riot/RIOT_log/results6.xlsx
        Done writting 11 lines in /home/ljd/wsMA_prototyp/transform_projects/transform_riot/RIOT_output/sys/fido2/Kconfig


Reader found: 98 lines in /home/ljd/riot/RIOT/sys/fido2/ctap/Kconfig
call _transform_lines(lines from reader, input, configdefault dict info)
start transforming 98 input lines
    current_indx: 47 - choice_attr_end: 51
    current_indx: 69 - choice_attr_end: 73
    GLOB LOG ----------------------------------------------------------------------------
    Resolve rsource: transport/Kconfig at line 96
      no files found for the: transport/Kconfig
    FILE LOG --------------------------------------------------------------
    Reader input                98 lines
    -----------------------------------------------------------------------
    All source without glob:    0
    All source using glob:      0
    All osource_keywords:       0
    All rsource_keywords:       1
    All orsource_keywords:      0
    SUM (r/or/o)source lines:   1
    All "option env" attr:      0
    -----------------------------------------------------------------------
    Transformer Output:         97 lines
    -----------------------------------------------------------------------
        Added new bc of def_*:           0
        Added new bc of glob:            0
        Added new bc of config_default:  0
        Added new bc of named choice:    0
        Removed bc of config_default:    0
        Removed bc of named choice:      0
        Removed no match for o(r)source: 1
        Removed optional choice attr:    0
        Removed bool     choice attr:    0
        Removed tristate choice attr:    0
Excel saved: /home/ljd/wsMA_prototyp/transform_projects/transform_riot/RIOT_log/results6.xlsx
        Done writting 97 lines in /home/ljd/wsMA_prototyp/transform_projects/transform_riot/RIOT_output/sys/fido2/ctap/Kconfig


Reader found: 7 lines in /home/ljd/riot/RIOT/sys/fido2/ctap/transport/Kconfig
call _transform_lines(lines from reader, input, configdefault dict info)
start transforming 7 input lines
    GLOB LOG ----------------------------------------------------------------------------
    Resolve rsource: hid/Kconfig at line 7
      -> sys/fido2/ctap/transport/hid/Kconfig
    Files matching: 1 (using rsource)
    FILE LOG --------------------------------------------------------------
    Reader input                7 lines
    -----------------------------------------------------------------------
    All source without glob:    0
    All source using glob:      0
    All osource_keywords:       0
    All rsource_keywords:       1
    All orsource_keywords:      0
    SUM (r/or/o)source lines:   1
    All "option env" attr:      0
    -----------------------------------------------------------------------
    Transformer Output:         7 lines
    -----------------------------------------------------------------------
        Added new bc of def_*:           0
        Added new bc of glob:            0
        Added new bc of config_default:  0
        Added new bc of named choice:    0
        Removed bc of config_default:    0
        Removed bc of named choice:      0
        Removed no match for o(r)source: 0
        Removed optional choice attr:    0
        Removed bool     choice attr:    0
        Removed tristate choice attr:    0
Excel saved: /home/ljd/wsMA_prototyp/transform_projects/transform_riot/RIOT_log/results6.xlsx
        Done writting 7 lines in /home/ljd/wsMA_prototyp/transform_projects/transform_riot/RIOT_output/sys/fido2/ctap/transport/Kconfig


Reader found: 17 lines in /home/ljd/riot/RIOT/sys/fido2/ctap/transport/hid/Kconfig
call _transform_lines(lines from reader, input, configdefault dict info)
start transforming 17 input lines
    FILE LOG --------------------------------------------------------------
    Reader input                17 lines
    -----------------------------------------------------------------------
    All source without glob:    0
    All source using glob:      0
    All osource_keywords:       0
    All rsource_keywords:       0
    All orsource_keywords:      0
    SUM (r/or/o)source lines:   0
    All "option env" attr:      0
    -----------------------------------------------------------------------
    Transformer Output:         17 lines
    -----------------------------------------------------------------------
        Added new bc of def_*:           0
        Added new bc of glob:            0
        Added new bc of config_default:  0
        Added new bc of named choice:    0
        Removed bc of config_default:    0
        Removed bc of named choice:      0
        Removed no match for o(r)source: 0
        Removed optional choice attr:    0
        Removed bool     choice attr:    0
        Removed tristate choice attr:    0
Excel saved: /home/ljd/wsMA_prototyp/transform_projects/transform_riot/RIOT_log/results6.xlsx
        Done writting 17 lines in /home/ljd/wsMA_prototyp/transform_projects/transform_riot/RIOT_output/sys/fido2/ctap/transport/hid/Kconfig


Reader found: 18 lines in /home/ljd/riot/RIOT/sys/net/Kconfig
call _transform_lines(lines from reader, input, configdefault dict info)
start transforming 18 input lines
    GLOB LOG ----------------------------------------------------------------------------
    Resolve rsource: application_layer/Kconfig at line 9
      -> sys/net/application_layer/Kconfig
    Files matching: 1 (using rsource)
    GLOB LOG ----------------------------------------------------------------------------
    Resolve rsource: ble/Kconfig at line 10
      no files found for the: ble/Kconfig
    GLOB LOG ----------------------------------------------------------------------------
    Resolve rsource: credman/Kconfig at line 11
      -> sys/net/credman/Kconfig
    Files matching: 1 (using rsource)
    GLOB LOG ----------------------------------------------------------------------------
    Resolve rsource: gnrc/Kconfig at line 12
      -> sys/net/gnrc/Kconfig
    Files matching: 1 (using rsource)
    GLOB LOG ----------------------------------------------------------------------------
    Resolve rsource: sock/Kconfig at line 13
      -> sys/net/sock/Kconfig
    Files matching: 1 (using rsource)
    GLOB LOG ----------------------------------------------------------------------------
    Resolve rsource: link_layer/Kconfig at line 14
      no files found for the: link_layer/Kconfig
    GLOB LOG ----------------------------------------------------------------------------
    Resolve rsource: lora/Kconfig at line 15
      -> sys/net/lora/Kconfig
    Files matching: 1 (using rsource)
    GLOB LOG ----------------------------------------------------------------------------
    Resolve rsource: netif/Kconfig at line 16
      -> sys/net/netif/Kconfig
    Files matching: 1 (using rsource)
    FILE LOG --------------------------------------------------------------
    Reader input                18 lines
    -----------------------------------------------------------------------
    All source without glob:    0
    All source using glob:      0
    All osource_keywords:       0
    All rsource_keywords:       8
    All orsource_keywords:      0
    SUM (r/or/o)source lines:   8
    All "option env" attr:      0
    -----------------------------------------------------------------------
    Transformer Output:         16 lines
    -----------------------------------------------------------------------
        Added new bc of def_*:           0
        Added new bc of glob:            0
        Added new bc of config_default:  0
        Added new bc of named choice:    0
        Removed bc of config_default:    0
        Removed bc of named choice:      0
        Removed no match for o(r)source: 2
        Removed optional choice attr:    0
        Removed bool     choice attr:    0
        Removed tristate choice attr:    0
Excel saved: /home/ljd/wsMA_prototyp/transform_projects/transform_riot/RIOT_log/results6.xlsx
        Done writting 16 lines in /home/ljd/wsMA_prototyp/transform_projects/transform_riot/RIOT_output/sys/net/Kconfig


Reader found: 32 lines in /home/ljd/riot/RIOT/sys/net/application_layer/Kconfig
call _transform_lines(lines from reader, input, configdefault dict info)
start transforming 32 input lines
    GLOB LOG ----------------------------------------------------------------------------
    Resolve rsource: unicoap/Kconfig at line 9
      -> sys/net/application_layer/unicoap/Kconfig
    Files matching: 1 (using rsource)
    GLOB LOG ----------------------------------------------------------------------------
    Resolve rsource: Kconfig.coap at line 10
      -> sys/net/application_layer/Kconfig.coap
    Files matching: 1 (using rsource)
    GLOB LOG ----------------------------------------------------------------------------
    Resolve rsource: gcoap/Kconfig at line 11
      -> sys/net/application_layer/gcoap/Kconfig
    Files matching: 1 (using rsource)
    GLOB LOG ----------------------------------------------------------------------------
    Resolve rsource: nanocoap/Kconfig at line 12
      -> sys/net/application_layer/nanocoap/Kconfig
    Files matching: 1 (using rsource)
    GLOB LOG ----------------------------------------------------------------------------
    Resolve rsource: cord/Kconfig at line 16
      -> sys/net/application_layer/cord/Kconfig
    Files matching: 1 (using rsource)
    GLOB LOG ----------------------------------------------------------------------------
    Resolve rsource: dhcpv6/Kconfig at line 17
      -> sys/net/application_layer/dhcpv6/Kconfig
    Files matching: 1 (using rsource)
    GLOB LOG ----------------------------------------------------------------------------
    Resolve rsource: dns/Kconfig at line 18
      -> sys/net/application_layer/dns/Kconfig
    Files matching: 1 (using rsource)
    GLOB LOG ----------------------------------------------------------------------------
    Resolve rsource: sock_dodtls/Kconfig at line 19
      -> sys/net/application_layer/sock_dodtls/Kconfig
    Files matching: 1 (using rsource)
    GLOB LOG ----------------------------------------------------------------------------
    Resolve rsource: asymcute/Kconfig at line 23
      -> sys/net/application_layer/asymcute/Kconfig
    Files matching: 1 (using rsource)
    GLOB LOG ----------------------------------------------------------------------------
    Resolve rsource: emcute/Kconfig at line 24
      -> sys/net/application_layer/emcute/Kconfig
    Files matching: 1 (using rsource)
    GLOB LOG ----------------------------------------------------------------------------
    Resolve rsource: telnet/Kconfig at line 30
      -> sys/net/application_layer/telnet/Kconfig
    Files matching: 1 (using rsource)
    FILE LOG --------------------------------------------------------------
    Reader input                32 lines
    -----------------------------------------------------------------------
    All source without glob:    0
    All source using glob:      0
    All osource_keywords:       0
    All rsource_keywords:       11
    All orsource_keywords:      0
    SUM (r/or/o)source lines:   11
    All "option env" attr:      0
    -----------------------------------------------------------------------
    Transformer Output:         32 lines
    -----------------------------------------------------------------------
        Added new bc of def_*:           0
        Added new bc of glob:            0
        Added new bc of config_default:  0
        Added new bc of named choice:    0
        Removed bc of config_default:    0
        Removed bc of named choice:      0
        Removed no match for o(r)source: 0
        Removed optional choice attr:    0
        Removed bool     choice attr:    0
        Removed tristate choice attr:    0
Excel saved: /home/ljd/wsMA_prototyp/transform_projects/transform_riot/RIOT_log/results6.xlsx
        Done writting 32 lines in /home/ljd/wsMA_prototyp/transform_projects/transform_riot/RIOT_output/sys/net/application_layer/Kconfig


Reader found: 61 lines in /home/ljd/riot/RIOT/sys/net/application_layer/unicoap/Kconfig
call _transform_lines(lines from reader, input, configdefault dict info)
start transforming 61 input lines
    FILE LOG --------------------------------------------------------------
    Reader input                61 lines
    -----------------------------------------------------------------------
    All source without glob:    0
    All source using glob:      0
    All osource_keywords:       0
    All rsource_keywords:       0
    All orsource_keywords:      0
    SUM (r/or/o)source lines:   0
    All "option env" attr:      0
    -----------------------------------------------------------------------
    Transformer Output:         61 lines
    -----------------------------------------------------------------------
        Added new bc of def_*:           0
        Added new bc of glob:            0
        Added new bc of config_default:  0
        Added new bc of named choice:    0
        Removed bc of config_default:    0
        Removed bc of named choice:      0
        Removed no match for o(r)source: 0
        Removed optional choice attr:    0
        Removed bool     choice attr:    0
        Removed tristate choice attr:    0
Excel saved: /home/ljd/wsMA_prototyp/transform_projects/transform_riot/RIOT_log/results6.xlsx
        Done writting 61 lines in /home/ljd/wsMA_prototyp/transform_projects/transform_riot/RIOT_output/sys/net/application_layer/unicoap/Kconfig


Reader found: 43 lines in /home/ljd/riot/RIOT/sys/net/application_layer/Kconfig.coap
call _transform_lines(lines from reader, input, configdefault dict info)
start transforming 43 input lines
    FILE LOG --------------------------------------------------------------
    Reader input                43 lines
    -----------------------------------------------------------------------
    All source without glob:    0
    All source using glob:      0
    All osource_keywords:       0
    All rsource_keywords:       0
    All orsource_keywords:      0
    SUM (r/or/o)source lines:   0
    All "option env" attr:      0
    -----------------------------------------------------------------------
    Transformer Output:         43 lines
    -----------------------------------------------------------------------
        Added new bc of def_*:           0
        Added new bc of glob:            0
        Added new bc of config_default:  0
        Added new bc of named choice:    0
        Removed bc of config_default:    0
        Removed bc of named choice:      0
        Removed no match for o(r)source: 0
        Removed optional choice attr:    0
        Removed bool     choice attr:    0
        Removed tristate choice attr:    0
Excel saved: /home/ljd/wsMA_prototyp/transform_projects/transform_riot/RIOT_log/results6.xlsx
        Done writting 43 lines in /home/ljd/wsMA_prototyp/transform_projects/transform_riot/RIOT_output/sys/net/application_layer/Kconfig.coap


Reader found: 189 lines in /home/ljd/riot/RIOT/sys/net/application_layer/gcoap/Kconfig
call _transform_lines(lines from reader, input, configdefault dict info)
start transforming 189 input lines
    FILE LOG --------------------------------------------------------------
    Reader input                189 lines
    -----------------------------------------------------------------------
    All source without glob:    0
    All source using glob:      0
    All osource_keywords:       0
    All rsource_keywords:       0
    All orsource_keywords:      0
    SUM (r/or/o)source lines:   0
    All "option env" attr:      0
    -----------------------------------------------------------------------
    Transformer Output:         189 lines
    -----------------------------------------------------------------------
        Added new bc of def_*:           0
        Added new bc of glob:            0
        Added new bc of config_default:  0
        Added new bc of named choice:    0
        Removed bc of config_default:    0
        Removed bc of named choice:      0
        Removed no match for o(r)source: 0
        Removed optional choice attr:    0
        Removed bool     choice attr:    0
        Removed tristate choice attr:    0
Excel saved: /home/ljd/wsMA_prototyp/transform_projects/transform_riot/RIOT_log/results6.xlsx
        Done writting 189 lines in /home/ljd/wsMA_prototyp/transform_projects/transform_riot/RIOT_output/sys/net/application_layer/gcoap/Kconfig


Reader found: 47 lines in /home/ljd/riot/RIOT/sys/net/application_layer/nanocoap/Kconfig
call _transform_lines(lines from reader, input, configdefault dict info)
start transforming 47 input lines
    FILE LOG --------------------------------------------------------------
    Reader input                47 lines
    -----------------------------------------------------------------------
    All source without glob:    0
    All source using glob:      0
    All osource_keywords:       0
    All rsource_keywords:       0
    All orsource_keywords:      0
    SUM (r/or/o)source lines:   0
    All "option env" attr:      0
    -----------------------------------------------------------------------
    Transformer Output:         47 lines
    -----------------------------------------------------------------------
        Added new bc of def_*:           0
        Added new bc of glob:            0
        Added new bc of config_default:  0
        Added new bc of named choice:    0
        Removed bc of config_default:    0
        Removed bc of named choice:      0
        Removed no match for o(r)source: 0
        Removed optional choice attr:    0
        Removed bool     choice attr:    0
        Removed tristate choice attr:    0
Excel saved: /home/ljd/wsMA_prototyp/transform_projects/transform_riot/RIOT_log/results6.xlsx
        Done writting 47 lines in /home/ljd/wsMA_prototyp/transform_projects/transform_riot/RIOT_output/sys/net/application_layer/nanocoap/Kconfig


Reader found: 47 lines in /home/ljd/riot/RIOT/sys/net/application_layer/cord/Kconfig
call _transform_lines(lines from reader, input, configdefault dict info)
start transforming 47 input lines
    FILE LOG --------------------------------------------------------------
    Reader input                47 lines
    -----------------------------------------------------------------------
    All source without glob:    0
    All source using glob:      0
    All osource_keywords:       0
    All rsource_keywords:       0
    All orsource_keywords:      0
    SUM (r/or/o)source lines:   0
    All "option env" attr:      0
    -----------------------------------------------------------------------
    Transformer Output:         47 lines
    -----------------------------------------------------------------------
        Added new bc of def_*:           0
        Added new bc of glob:            0
        Added new bc of config_default:  0
        Added new bc of named choice:    0
        Removed bc of config_default:    0
        Removed bc of named choice:      0
        Removed no match for o(r)source: 0
        Removed optional choice attr:    0
        Removed bool     choice attr:    0
        Removed tristate choice attr:    0
Excel saved: /home/ljd/wsMA_prototyp/transform_projects/transform_riot/RIOT_log/results6.xlsx
        Done writting 47 lines in /home/ljd/wsMA_prototyp/transform_projects/transform_riot/RIOT_output/sys/net/application_layer/cord/Kconfig


Reader found: 43 lines in /home/ljd/riot/RIOT/sys/net/application_layer/dhcpv6/Kconfig
call _transform_lines(lines from reader, input, configdefault dict info)
start transforming 43 input lines
    FILE LOG --------------------------------------------------------------
    Reader input                43 lines
    -----------------------------------------------------------------------
    All source without glob:    0
    All source using glob:      0
    All osource_keywords:       0
    All rsource_keywords:       0
    All orsource_keywords:      0
    SUM (r/or/o)source lines:   0
    All "option env" attr:      0
    -----------------------------------------------------------------------
    Transformer Output:         43 lines
    -----------------------------------------------------------------------
        Added new bc of def_*:           0
        Added new bc of glob:            0
        Added new bc of config_default:  0
        Added new bc of named choice:    0
        Removed bc of config_default:    0
        Removed bc of named choice:      0
        Removed no match for o(r)source: 0
        Removed optional choice attr:    0
        Removed bool     choice attr:    0
        Removed tristate choice attr:    0
Excel saved: /home/ljd/wsMA_prototyp/transform_projects/transform_riot/RIOT_log/results6.xlsx
        Done writting 43 lines in /home/ljd/wsMA_prototyp/transform_projects/transform_riot/RIOT_output/sys/net/application_layer/dhcpv6/Kconfig


Reader found: 38 lines in /home/ljd/riot/RIOT/sys/net/application_layer/dns/Kconfig
call _transform_lines(lines from reader, input, configdefault dict info)
start transforming 38 input lines
    FILE LOG --------------------------------------------------------------
    Reader input                38 lines
    -----------------------------------------------------------------------
    All source without glob:    0
    All source using glob:      0
    All osource_keywords:       0
    All rsource_keywords:       0
    All orsource_keywords:      0
    SUM (r/or/o)source lines:   0
    All "option env" attr:      0
    -----------------------------------------------------------------------
    Transformer Output:         38 lines
    -----------------------------------------------------------------------
        Added new bc of def_*:           0
        Added new bc of glob:            0
        Added new bc of config_default:  0
        Added new bc of named choice:    0
        Removed bc of config_default:    0
        Removed bc of named choice:      0
        Removed no match for o(r)source: 0
        Removed optional choice attr:    0
        Removed bool     choice attr:    0
        Removed tristate choice attr:    0
Excel saved: /home/ljd/wsMA_prototyp/transform_projects/transform_riot/RIOT_log/results6.xlsx
        Done writting 38 lines in /home/ljd/wsMA_prototyp/transform_projects/transform_riot/RIOT_output/sys/net/application_layer/dns/Kconfig


Reader found: 19 lines in /home/ljd/riot/RIOT/sys/net/application_layer/sock_dodtls/Kconfig
call _transform_lines(lines from reader, input, configdefault dict info)
start transforming 19 input lines
    FILE LOG --------------------------------------------------------------
    Reader input                19 lines
    -----------------------------------------------------------------------
    All source without glob:    0
    All source using glob:      0
    All osource_keywords:       0
    All rsource_keywords:       0
    All orsource_keywords:      0
    SUM (r/or/o)source lines:   0
    All "option env" attr:      0
    -----------------------------------------------------------------------
    Transformer Output:         19 lines
    -----------------------------------------------------------------------
        Added new bc of def_*:           0
        Added new bc of glob:            0
        Added new bc of config_default:  0
        Added new bc of named choice:    0
        Removed bc of config_default:    0
        Removed bc of named choice:      0
        Removed no match for o(r)source: 0
        Removed optional choice attr:    0
        Removed bool     choice attr:    0
        Removed tristate choice attr:    0
Excel saved: /home/ljd/wsMA_prototyp/transform_projects/transform_riot/RIOT_log/results6.xlsx
        Done writting 19 lines in /home/ljd/wsMA_prototyp/transform_projects/transform_riot/RIOT_output/sys/net/application_layer/sock_dodtls/Kconfig


Reader found: 82 lines in /home/ljd/riot/RIOT/sys/net/application_layer/asymcute/Kconfig
call _transform_lines(lines from reader, input, configdefault dict info)
start transforming 82 input lines
    FILE LOG --------------------------------------------------------------
    Reader input                82 lines
    -----------------------------------------------------------------------
    All source without glob:    0
    All source using glob:      0
    All osource_keywords:       0
    All rsource_keywords:       0
    All orsource_keywords:      0
    SUM (r/or/o)source lines:   0
    All "option env" attr:      0
    -----------------------------------------------------------------------
    Transformer Output:         82 lines
    -----------------------------------------------------------------------
        Added new bc of def_*:           0
        Added new bc of glob:            0
        Added new bc of config_default:  0
        Added new bc of named choice:    0
        Removed bc of config_default:    0
        Removed bc of named choice:      0
        Removed no match for o(r)source: 0
        Removed optional choice attr:    0
        Removed bool     choice attr:    0
        Removed tristate choice attr:    0
Excel saved: /home/ljd/wsMA_prototyp/transform_projects/transform_riot/RIOT_log/results6.xlsx
        Done writting 82 lines in /home/ljd/wsMA_prototyp/transform_projects/transform_riot/RIOT_output/sys/net/application_layer/asymcute/Kconfig


Reader found: 70 lines in /home/ljd/riot/RIOT/sys/net/application_layer/emcute/Kconfig
call _transform_lines(lines from reader, input, configdefault dict info)
start transforming 70 input lines
    FILE LOG --------------------------------------------------------------
    Reader input                70 lines
    -----------------------------------------------------------------------
    All source without glob:    0
    All source using glob:      0
    All osource_keywords:       0
    All rsource_keywords:       0
    All orsource_keywords:      0
    SUM (r/or/o)source lines:   0
    All "option env" attr:      0
    -----------------------------------------------------------------------
    Transformer Output:         70 lines
    -----------------------------------------------------------------------
        Added new bc of def_*:           0
        Added new bc of glob:            0
        Added new bc of config_default:  0
        Added new bc of named choice:    0
        Removed bc of config_default:    0
        Removed bc of named choice:      0
        Removed no match for o(r)source: 0
        Removed optional choice attr:    0
        Removed bool     choice attr:    0
        Removed tristate choice attr:    0
Excel saved: /home/ljd/wsMA_prototyp/transform_projects/transform_riot/RIOT_log/results6.xlsx
        Done writting 70 lines in /home/ljd/wsMA_prototyp/transform_projects/transform_riot/RIOT_output/sys/net/application_layer/emcute/Kconfig


Reader found: 22 lines in /home/ljd/riot/RIOT/sys/net/application_layer/telnet/Kconfig
call _transform_lines(lines from reader, input, configdefault dict info)
start transforming 22 input lines
    FILE LOG --------------------------------------------------------------
    Reader input                22 lines
    -----------------------------------------------------------------------
    All source without glob:    0
    All source using glob:      0
    All osource_keywords:       0
    All rsource_keywords:       0
    All orsource_keywords:      0
    SUM (r/or/o)source lines:   0
    All "option env" attr:      0
    -----------------------------------------------------------------------
    Transformer Output:         22 lines
    -----------------------------------------------------------------------
        Added new bc of def_*:           0
        Added new bc of glob:            0
        Added new bc of config_default:  0
        Added new bc of named choice:    0
        Removed bc of config_default:    0
        Removed bc of named choice:      0
        Removed no match for o(r)source: 0
        Removed optional choice attr:    0
        Removed bool     choice attr:    0
        Removed tristate choice attr:    0
Excel saved: /home/ljd/wsMA_prototyp/transform_projects/transform_riot/RIOT_log/results6.xlsx
        Done writting 22 lines in /home/ljd/wsMA_prototyp/transform_projects/transform_riot/RIOT_output/sys/net/application_layer/telnet/Kconfig


Reader found: 7 lines in /home/ljd/riot/RIOT/sys/net/ble/Kconfig
call _transform_lines(lines from reader, input, configdefault dict info)
start transforming 7 input lines
    GLOB LOG ----------------------------------------------------------------------------
    Resolve rsource: skald/Kconfig at line 7
      -> sys/net/ble/skald/Kconfig
    Files matching: 1 (using rsource)
    FILE LOG --------------------------------------------------------------
    Reader input                7 lines
    -----------------------------------------------------------------------
    All source without glob:    0
    All source using glob:      0
    All osource_keywords:       0
    All rsource_keywords:       1
    All orsource_keywords:      0
    SUM (r/or/o)source lines:   1
    All "option env" attr:      0
    -----------------------------------------------------------------------
    Transformer Output:         7 lines
    -----------------------------------------------------------------------
        Added new bc of def_*:           0
        Added new bc of glob:            0
        Added new bc of config_default:  0
        Added new bc of named choice:    0
        Removed bc of config_default:    0
        Removed bc of named choice:      0
        Removed no match for o(r)source: 0
        Removed optional choice attr:    0
        Removed bool     choice attr:    0
        Removed tristate choice attr:    0
Excel saved: /home/ljd/wsMA_prototyp/transform_projects/transform_riot/RIOT_log/results6.xlsx
        Done writting 7 lines in /home/ljd/wsMA_prototyp/transform_projects/transform_riot/RIOT_output/sys/net/ble/Kconfig


Reader found: 17 lines in /home/ljd/riot/RIOT/sys/net/ble/skald/Kconfig
call _transform_lines(lines from reader, input, configdefault dict info)
start transforming 17 input lines
    FILE LOG --------------------------------------------------------------
    Reader input                17 lines
    -----------------------------------------------------------------------
    All source without glob:    0
    All source using glob:      0
    All osource_keywords:       0
    All rsource_keywords:       0
    All orsource_keywords:      0
    SUM (r/or/o)source lines:   0
    All "option env" attr:      0
    -----------------------------------------------------------------------
    Transformer Output:         17 lines
    -----------------------------------------------------------------------
        Added new bc of def_*:           0
        Added new bc of glob:            0
        Added new bc of config_default:  0
        Added new bc of named choice:    0
        Removed bc of config_default:    0
        Removed bc of named choice:      0
        Removed no match for o(r)source: 0
        Removed optional choice attr:    0
        Removed bool     choice attr:    0
        Removed tristate choice attr:    0
Excel saved: /home/ljd/wsMA_prototyp/transform_projects/transform_riot/RIOT_log/results6.xlsx
        Done writting 17 lines in /home/ljd/wsMA_prototyp/transform_projects/transform_riot/RIOT_output/sys/net/ble/skald/Kconfig


Reader found: 22 lines in /home/ljd/riot/RIOT/sys/net/credman/Kconfig
call _transform_lines(lines from reader, input, configdefault dict info)
start transforming 22 input lines
    FILE LOG --------------------------------------------------------------
    Reader input                22 lines
    -----------------------------------------------------------------------
    All source without glob:    0
    All source using glob:      0
    All osource_keywords:       0
    All rsource_keywords:       0
    All orsource_keywords:      0
    SUM (r/or/o)source lines:   0
    All "option env" attr:      0
    -----------------------------------------------------------------------
    Transformer Output:         22 lines
    -----------------------------------------------------------------------
        Added new bc of def_*:           0
        Added new bc of glob:            0
        Added new bc of config_default:  0
        Added new bc of named choice:    0
        Removed bc of config_default:    0
        Removed bc of named choice:      0
        Removed no match for o(r)source: 0
        Removed optional choice attr:    0
        Removed bool     choice attr:    0
        Removed tristate choice attr:    0
Excel saved: /home/ljd/wsMA_prototyp/transform_projects/transform_riot/RIOT_log/results6.xlsx
        Done writting 22 lines in /home/ljd/wsMA_prototyp/transform_projects/transform_riot/RIOT_output/sys/net/credman/Kconfig


Reader found: 20 lines in /home/ljd/riot/RIOT/sys/net/gnrc/Kconfig
call _transform_lines(lines from reader, input, configdefault dict info)
start transforming 20 input lines
    GLOB LOG ----------------------------------------------------------------------------
    Resolve rsource: application_layer/dhcpv6/Kconfig at line 10
      -> sys/net/gnrc/application_layer/dhcpv6/Kconfig
    Files matching: 1 (using rsource)
    GLOB LOG ----------------------------------------------------------------------------
    Resolve rsource: link_layer/lorawan/Kconfig at line 11
      -> sys/net/gnrc/link_layer/lorawan/Kconfig
    Files matching: 1 (using rsource)
    GLOB LOG ----------------------------------------------------------------------------
    Resolve rsource: netif/Kconfig at line 12
      -> sys/net/gnrc/netif/Kconfig
    Files matching: 1 (using rsource)
    GLOB LOG ----------------------------------------------------------------------------
    Resolve rsource: network_layer/ipv6/Kconfig at line 13
      -> sys/net/gnrc/network_layer/ipv6/Kconfig
    Files matching: 1 (using rsource)
    GLOB LOG ----------------------------------------------------------------------------
    Resolve rsource: network_layer/sixlowpan/Kconfig at line 14
      -> sys/net/gnrc/network_layer/sixlowpan/Kconfig
    Files matching: 1 (using rsource)
    GLOB LOG ----------------------------------------------------------------------------
    Resolve rsource: pktbuf/Kconfig at line 15
      -> sys/net/gnrc/pktbuf/Kconfig
    Files matching: 1 (using rsource)
    GLOB LOG ----------------------------------------------------------------------------
    Resolve rsource: pktdump/Kconfig at line 16
      -> sys/net/gnrc/pktdump/Kconfig
    Files matching: 1 (using rsource)
    GLOB LOG ----------------------------------------------------------------------------
    Resolve rsource: routing/rpl/Kconfig at line 17
      -> sys/net/gnrc/routing/rpl/Kconfig
    Files matching: 1 (using rsource)
    GLOB LOG ----------------------------------------------------------------------------
    Resolve rsource: transport_layer/tcp/Kconfig at line 18
      -> sys/net/gnrc/transport_layer/tcp/Kconfig
    Files matching: 1 (using rsource)
    FILE LOG --------------------------------------------------------------
    Reader input                20 lines
    -----------------------------------------------------------------------
    All source without glob:    0
    All source using glob:      0
    All osource_keywords:       0
    All rsource_keywords:       9
    All orsource_keywords:      0
    SUM (r/or/o)source lines:   9
    All "option env" attr:      0
    -----------------------------------------------------------------------
    Transformer Output:         20 lines
    -----------------------------------------------------------------------
        Added new bc of def_*:           0
        Added new bc of glob:            0
        Added new bc of config_default:  0
        Added new bc of named choice:    0
        Removed bc of config_default:    0
        Removed bc of named choice:      0
        Removed no match for o(r)source: 0
        Removed optional choice attr:    0
        Removed bool     choice attr:    0
        Removed tristate choice attr:    0
Excel saved: /home/ljd/wsMA_prototyp/transform_projects/transform_riot/RIOT_log/results6.xlsx
        Done writting 20 lines in /home/ljd/wsMA_prototyp/transform_projects/transform_riot/RIOT_output/sys/net/gnrc/Kconfig


Reader found: 27 lines in /home/ljd/riot/RIOT/sys/net/gnrc/application_layer/dhcpv6/Kconfig
call _transform_lines(lines from reader, input, configdefault dict info)
start transforming 27 input lines
    FILE LOG --------------------------------------------------------------
    Reader input                27 lines
    -----------------------------------------------------------------------
    All source without glob:    0
    All source using glob:      0
    All osource_keywords:       0
    All rsource_keywords:       0
    All orsource_keywords:      0
    SUM (r/or/o)source lines:   0
    All "option env" attr:      0
    -----------------------------------------------------------------------
    Transformer Output:         27 lines
    -----------------------------------------------------------------------
        Added new bc of def_*:           0
        Added new bc of glob:            0
        Added new bc of config_default:  0
        Added new bc of named choice:    0
        Removed bc of config_default:    0
        Removed bc of named choice:      0
        Removed no match for o(r)source: 0
        Removed optional choice attr:    0
        Removed bool     choice attr:    0
        Removed tristate choice attr:    0
Excel saved: /home/ljd/wsMA_prototyp/transform_projects/transform_riot/RIOT_log/results6.xlsx
        Done writting 27 lines in /home/ljd/wsMA_prototyp/transform_projects/transform_riot/RIOT_output/sys/net/gnrc/application_layer/dhcpv6/Kconfig


Reader found: 16 lines in /home/ljd/riot/RIOT/sys/net/gnrc/link_layer/lorawan/Kconfig
call _transform_lines(lines from reader, input, configdefault dict info)
start transforming 16 input lines
    FILE LOG --------------------------------------------------------------
    Reader input                16 lines
    -----------------------------------------------------------------------
    All source without glob:    0
    All source using glob:      0
    All osource_keywords:       0
    All rsource_keywords:       0
    All orsource_keywords:      0
    SUM (r/or/o)source lines:   0
    All "option env" attr:      0
    -----------------------------------------------------------------------
    Transformer Output:         16 lines
    -----------------------------------------------------------------------
        Added new bc of def_*:           0
        Added new bc of glob:            0
        Added new bc of config_default:  0
        Added new bc of named choice:    0
        Removed bc of config_default:    0
        Removed bc of named choice:      0
        Removed no match for o(r)source: 0
        Removed optional choice attr:    0
        Removed bool     choice attr:    0
        Removed tristate choice attr:    0
Excel saved: /home/ljd/wsMA_prototyp/transform_projects/transform_riot/RIOT_log/results6.xlsx
        Done writting 16 lines in /home/ljd/wsMA_prototyp/transform_projects/transform_riot/RIOT_output/sys/net/gnrc/link_layer/lorawan/Kconfig


Reader found: 57 lines in /home/ljd/riot/RIOT/sys/net/gnrc/netif/Kconfig
call _transform_lines(lines from reader, input, configdefault dict info)
start transforming 57 input lines
    GLOB LOG ----------------------------------------------------------------------------
    Resolve rsource: pktq/Kconfig at line 57
      -> sys/net/gnrc/netif/pktq/Kconfig
    Files matching: 1 (using rsource)
    FILE LOG --------------------------------------------------------------
    Reader input                57 lines
    -----------------------------------------------------------------------
    All source without glob:    0
    All source using glob:      0
    All osource_keywords:       0
    All rsource_keywords:       1
    All orsource_keywords:      0
    SUM (r/or/o)source lines:   1
    All "option env" attr:      0
    -----------------------------------------------------------------------
    Transformer Output:         57 lines
    -----------------------------------------------------------------------
        Added new bc of def_*:           0
        Added new bc of glob:            0
        Added new bc of config_default:  0
        Added new bc of named choice:    0
        Removed bc of config_default:    0
        Removed bc of named choice:      0
        Removed no match for o(r)source: 0
        Removed optional choice attr:    0
        Removed bool     choice attr:    0
        Removed tristate choice attr:    0
Excel saved: /home/ljd/wsMA_prototyp/transform_projects/transform_riot/RIOT_log/results6.xlsx
        Done writting 57 lines in /home/ljd/wsMA_prototyp/transform_projects/transform_riot/RIOT_output/sys/net/gnrc/netif/Kconfig


Reader found: 15 lines in /home/ljd/riot/RIOT/sys/net/gnrc/netif/pktq/Kconfig
call _transform_lines(lines from reader, input, configdefault dict info)
start transforming 15 input lines
    FILE LOG --------------------------------------------------------------
    Reader input                15 lines
    -----------------------------------------------------------------------
    All source without glob:    0
    All source using glob:      0
    All osource_keywords:       0
    All rsource_keywords:       0
    All orsource_keywords:      0
    SUM (r/or/o)source lines:   0
    All "option env" attr:      0
    -----------------------------------------------------------------------
    Transformer Output:         15 lines
    -----------------------------------------------------------------------
        Added new bc of def_*:           0
        Added new bc of glob:            0
        Added new bc of config_default:  0
        Added new bc of named choice:    0
        Removed bc of config_default:    0
        Removed bc of named choice:      0
        Removed no match for o(r)source: 0
        Removed optional choice attr:    0
        Removed bool     choice attr:    0
        Removed tristate choice attr:    0
Excel saved: /home/ljd/wsMA_prototyp/transform_projects/transform_riot/RIOT_log/results6.xlsx
        Done writting 15 lines in /home/ljd/wsMA_prototyp/transform_projects/transform_riot/RIOT_output/sys/net/gnrc/netif/pktq/Kconfig


Reader found: 51 lines in /home/ljd/riot/RIOT/sys/net/gnrc/network_layer/ipv6/Kconfig
call _transform_lines(lines from reader, input, configdefault dict info)
start transforming 51 input lines
    GLOB LOG ----------------------------------------------------------------------------
    Resolve rsource: blacklist/Kconfig at line 45
      -> sys/net/gnrc/network_layer/ipv6/blacklist/Kconfig
    Files matching: 1 (using rsource)
    GLOB LOG ----------------------------------------------------------------------------
    Resolve rsource: ext/frag/Kconfig at line 46
      -> sys/net/gnrc/network_layer/ipv6/ext/frag/Kconfig
    Files matching: 1 (using rsource)
    GLOB LOG ----------------------------------------------------------------------------
    Resolve rsource: nib/Kconfig at line 47
      -> sys/net/gnrc/network_layer/ipv6/nib/Kconfig
    Files matching: 1 (using rsource)
    GLOB LOG ----------------------------------------------------------------------------
    Resolve rsource: whitelist/Kconfig at line 48
      -> sys/net/gnrc/network_layer/ipv6/whitelist/Kconfig
    Files matching: 1 (using rsource)
    GLOB LOG ----------------------------------------------------------------------------
    Resolve rsource: static_addr/Kconfig at line 49
      -> sys/net/gnrc/network_layer/ipv6/static_addr/Kconfig
    Files matching: 1 (using rsource)
    FILE LOG --------------------------------------------------------------
    Reader input                51 lines
    -----------------------------------------------------------------------
    All source without glob:    0
    All source using glob:      0
    All osource_keywords:       0
    All rsource_keywords:       5
    All orsource_keywords:      0
    SUM (r/or/o)source lines:   5
    All "option env" attr:      0
    -----------------------------------------------------------------------
    Transformer Output:         51 lines
    -----------------------------------------------------------------------
        Added new bc of def_*:           0
        Added new bc of glob:            0
        Added new bc of config_default:  0
        Added new bc of named choice:    0
        Removed bc of config_default:    0
        Removed bc of named choice:      0
        Removed no match for o(r)source: 0
        Removed optional choice attr:    0
        Removed bool     choice attr:    0
        Removed tristate choice attr:    0
Excel saved: /home/ljd/wsMA_prototyp/transform_projects/transform_riot/RIOT_log/results6.xlsx
        Done writting 51 lines in /home/ljd/wsMA_prototyp/transform_projects/transform_riot/RIOT_output/sys/net/gnrc/network_layer/ipv6/Kconfig


Reader found: 14 lines in /home/ljd/riot/RIOT/sys/net/gnrc/network_layer/ipv6/blacklist/Kconfig
call _transform_lines(lines from reader, input, configdefault dict info)
start transforming 14 input lines
    FILE LOG --------------------------------------------------------------
    Reader input                14 lines
    -----------------------------------------------------------------------
    All source without glob:    0
    All source using glob:      0
    All osource_keywords:       0
    All rsource_keywords:       0
    All orsource_keywords:      0
    SUM (r/or/o)source lines:   0
    All "option env" attr:      0
    -----------------------------------------------------------------------
    Transformer Output:         14 lines
    -----------------------------------------------------------------------
        Added new bc of def_*:           0
        Added new bc of glob:            0
        Added new bc of config_default:  0
        Added new bc of named choice:    0
        Removed bc of config_default:    0
        Removed bc of named choice:      0
        Removed no match for o(r)source: 0
        Removed optional choice attr:    0
        Removed bool     choice attr:    0
        Removed tristate choice attr:    0
Excel saved: /home/ljd/wsMA_prototyp/transform_projects/transform_riot/RIOT_log/results6.xlsx
        Done writting 14 lines in /home/ljd/wsMA_prototyp/transform_projects/transform_riot/RIOT_output/sys/net/gnrc/network_layer/ipv6/blacklist/Kconfig


Reader found: 45 lines in /home/ljd/riot/RIOT/sys/net/gnrc/network_layer/ipv6/ext/frag/Kconfig
call _transform_lines(lines from reader, input, configdefault dict info)
start transforming 45 input lines
    FILE LOG --------------------------------------------------------------
    Reader input                45 lines
    -----------------------------------------------------------------------
    All source without glob:    0
    All source using glob:      0
    All osource_keywords:       0
    All rsource_keywords:       0
    All orsource_keywords:      0
    SUM (r/or/o)source lines:   0
    All "option env" attr:      0
    -----------------------------------------------------------------------
    Transformer Output:         45 lines
    -----------------------------------------------------------------------
        Added new bc of def_*:           0
        Added new bc of glob:            0
        Added new bc of config_default:  0
        Added new bc of named choice:    0
        Removed bc of config_default:    0
        Removed bc of named choice:      0
        Removed no match for o(r)source: 0
        Removed optional choice attr:    0
        Removed bool     choice attr:    0
        Removed tristate choice attr:    0
Excel saved: /home/ljd/wsMA_prototyp/transform_projects/transform_riot/RIOT_log/results6.xlsx
        Done writting 45 lines in /home/ljd/wsMA_prototyp/transform_projects/transform_riot/RIOT_output/sys/net/gnrc/network_layer/ipv6/ext/frag/Kconfig


Reader found: 135 lines in /home/ljd/riot/RIOT/sys/net/gnrc/network_layer/ipv6/nib/Kconfig
call _transform_lines(lines from reader, input, configdefault dict info)
start transforming 135 input lines
    FILE LOG --------------------------------------------------------------
    Reader input                135 lines
    -----------------------------------------------------------------------
    All source without glob:    0
    All source using glob:      0
    All osource_keywords:       0
    All rsource_keywords:       0
    All orsource_keywords:      0
    SUM (r/or/o)source lines:   0
    All "option env" attr:      0
    -----------------------------------------------------------------------
    Transformer Output:         135 lines
    -----------------------------------------------------------------------
        Added new bc of def_*:           0
        Added new bc of glob:            0
        Added new bc of config_default:  0
        Added new bc of named choice:    0
        Removed bc of config_default:    0
        Removed bc of named choice:      0
        Removed no match for o(r)source: 0
        Removed optional choice attr:    0
        Removed bool     choice attr:    0
        Removed tristate choice attr:    0
Excel saved: /home/ljd/wsMA_prototyp/transform_projects/transform_riot/RIOT_log/results6.xlsx
        Done writting 135 lines in /home/ljd/wsMA_prototyp/transform_projects/transform_riot/RIOT_output/sys/net/gnrc/network_layer/ipv6/nib/Kconfig


Reader found: 14 lines in /home/ljd/riot/RIOT/sys/net/gnrc/network_layer/ipv6/whitelist/Kconfig
call _transform_lines(lines from reader, input, configdefault dict info)
start transforming 14 input lines
    FILE LOG --------------------------------------------------------------
    Reader input                14 lines
    -----------------------------------------------------------------------
    All source without glob:    0
    All source using glob:      0
    All osource_keywords:       0
    All rsource_keywords:       0
    All orsource_keywords:      0
    SUM (r/or/o)source lines:   0
    All "option env" attr:      0
    -----------------------------------------------------------------------
    Transformer Output:         14 lines
    -----------------------------------------------------------------------
        Added new bc of def_*:           0
        Added new bc of glob:            0
        Added new bc of config_default:  0
        Added new bc of named choice:    0
        Removed bc of config_default:    0
        Removed bc of named choice:      0
        Removed no match for o(r)source: 0
        Removed optional choice attr:    0
        Removed bool     choice attr:    0
        Removed tristate choice attr:    0
Excel saved: /home/ljd/wsMA_prototyp/transform_projects/transform_riot/RIOT_log/results6.xlsx
        Done writting 14 lines in /home/ljd/wsMA_prototyp/transform_projects/transform_riot/RIOT_output/sys/net/gnrc/network_layer/ipv6/whitelist/Kconfig


Reader found: 29 lines in /home/ljd/riot/RIOT/sys/net/gnrc/network_layer/ipv6/static_addr/Kconfig
call _transform_lines(lines from reader, input, configdefault dict info)
start transforming 29 input lines
    FILE LOG --------------------------------------------------------------
    Reader input                29 lines
    -----------------------------------------------------------------------
    All source without glob:    0
    All source using glob:      0
    All osource_keywords:       0
    All rsource_keywords:       0
    All orsource_keywords:      0
    SUM (r/or/o)source lines:   0
    All "option env" attr:      0
    -----------------------------------------------------------------------
    Transformer Output:         29 lines
    -----------------------------------------------------------------------
        Added new bc of def_*:           0
        Added new bc of glob:            0
        Added new bc of config_default:  0
        Added new bc of named choice:    0
        Removed bc of config_default:    0
        Removed bc of named choice:      0
        Removed no match for o(r)source: 0
        Removed optional choice attr:    0
        Removed bool     choice attr:    0
        Removed tristate choice attr:    0
Excel saved: /home/ljd/wsMA_prototyp/transform_projects/transform_riot/RIOT_log/results6.xlsx
        Done writting 29 lines in /home/ljd/wsMA_prototyp/transform_projects/transform_riot/RIOT_output/sys/net/gnrc/network_layer/ipv6/static_addr/Kconfig


Reader found: 22 lines in /home/ljd/riot/RIOT/sys/net/gnrc/network_layer/sixlowpan/Kconfig
call _transform_lines(lines from reader, input, configdefault dict info)
start transforming 22 input lines
    GLOB LOG ----------------------------------------------------------------------------
    Resolve rsource: frag/Kconfig at line 11
      no files found for the: frag/Kconfig
    GLOB LOG ----------------------------------------------------------------------------
    Resolve rsource: nd/Kconfig at line 12
      -> sys/net/gnrc/network_layer/sixlowpan/nd/Kconfig
    Files matching: 1 (using rsource)
    FILE LOG --------------------------------------------------------------
    Reader input                22 lines
    -----------------------------------------------------------------------
    All source without glob:    0
    All source using glob:      0
    All osource_keywords:       0
    All rsource_keywords:       2
    All orsource_keywords:      0
    SUM (r/or/o)source lines:   2
    All "option env" attr:      0
    -----------------------------------------------------------------------
    Transformer Output:         21 lines
    -----------------------------------------------------------------------
        Added new bc of def_*:           0
        Added new bc of glob:            0
        Added new bc of config_default:  0
        Added new bc of named choice:    0
        Removed bc of config_default:    0
        Removed bc of named choice:      0
        Removed no match for o(r)source: 1
        Removed optional choice attr:    0
        Removed bool     choice attr:    0
        Removed tristate choice attr:    0
Excel saved: /home/ljd/wsMA_prototyp/transform_projects/transform_riot/RIOT_log/results6.xlsx
        Done writting 21 lines in /home/ljd/wsMA_prototyp/transform_projects/transform_riot/RIOT_output/sys/net/gnrc/network_layer/sixlowpan/Kconfig


Reader found: 20 lines in /home/ljd/riot/RIOT/sys/net/gnrc/network_layer/sixlowpan/frag/Kconfig
call _transform_lines(lines from reader, input, configdefault dict info)
start transforming 20 input lines
    GLOB LOG ----------------------------------------------------------------------------
    Resolve rsource: fb/Kconfig at line 10
      -> sys/net/gnrc/network_layer/sixlowpan/frag/fb/Kconfig
    Files matching: 1 (using rsource)
    GLOB LOG ----------------------------------------------------------------------------
    Resolve rsource: rb/Kconfig at line 11
      -> sys/net/gnrc/network_layer/sixlowpan/frag/rb/Kconfig
    Files matching: 1 (using rsource)
    GLOB LOG ----------------------------------------------------------------------------
    Resolve rsource: vrb/Kconfig at line 12
      -> sys/net/gnrc/network_layer/sixlowpan/frag/vrb/Kconfig
    Files matching: 1 (using rsource)
    GLOB LOG ----------------------------------------------------------------------------
    Resolve rsource: sfr/Kconfig at line 18
      -> sys/net/gnrc/network_layer/sixlowpan/frag/sfr/Kconfig
    Files matching: 1 (using rsource)
    FILE LOG --------------------------------------------------------------
    Reader input                20 lines
    -----------------------------------------------------------------------
    All source without glob:    0
    All source using glob:      0
    All osource_keywords:       0
    All rsource_keywords:       4
    All orsource_keywords:      0
    SUM (r/or/o)source lines:   4
    All "option env" attr:      0
    -----------------------------------------------------------------------
    Transformer Output:         20 lines
    -----------------------------------------------------------------------
        Added new bc of def_*:           0
        Added new bc of glob:            0
        Added new bc of config_default:  0
        Added new bc of named choice:    0
        Removed bc of config_default:    0
        Removed bc of named choice:      0
        Removed no match for o(r)source: 0
        Removed optional choice attr:    0
        Removed bool     choice attr:    0
        Removed tristate choice attr:    0
Excel saved: /home/ljd/wsMA_prototyp/transform_projects/transform_riot/RIOT_log/results6.xlsx
        Done writting 20 lines in /home/ljd/wsMA_prototyp/transform_projects/transform_riot/RIOT_output/sys/net/gnrc/network_layer/sixlowpan/frag/Kconfig


Reader found: 18 lines in /home/ljd/riot/RIOT/sys/net/gnrc/network_layer/sixlowpan/frag/fb/Kconfig
call _transform_lines(lines from reader, input, configdefault dict info)
start transforming 18 input lines
    FILE LOG --------------------------------------------------------------
    Reader input                18 lines
    -----------------------------------------------------------------------
    All source without glob:    0
    All source using glob:      0
    All osource_keywords:       0
    All rsource_keywords:       0
    All orsource_keywords:      0
    SUM (r/or/o)source lines:   0
    All "option env" attr:      0
    -----------------------------------------------------------------------
    Transformer Output:         18 lines
    -----------------------------------------------------------------------
        Added new bc of def_*:           0
        Added new bc of glob:            0
        Added new bc of config_default:  0
        Added new bc of named choice:    0
        Removed bc of config_default:    0
        Removed bc of named choice:      0
        Removed no match for o(r)source: 0
        Removed optional choice attr:    0
        Removed bool     choice attr:    0
        Removed tristate choice attr:    0
Excel saved: /home/ljd/wsMA_prototyp/transform_projects/transform_riot/RIOT_log/results6.xlsx
        Done writting 18 lines in /home/ljd/wsMA_prototyp/transform_projects/transform_riot/RIOT_output/sys/net/gnrc/network_layer/sixlowpan/frag/fb/Kconfig


Reader found: 37 lines in /home/ljd/riot/RIOT/sys/net/gnrc/network_layer/sixlowpan/frag/rb/Kconfig
call _transform_lines(lines from reader, input, configdefault dict info)
start transforming 37 input lines
    FILE LOG --------------------------------------------------------------
    Reader input                37 lines
    -----------------------------------------------------------------------
    All source without glob:    0
    All source using glob:      0
    All osource_keywords:       0
    All rsource_keywords:       0
    All orsource_keywords:      0
    SUM (r/or/o)source lines:   0
    All "option env" attr:      0
    -----------------------------------------------------------------------
    Transformer Output:         37 lines
    -----------------------------------------------------------------------
        Added new bc of def_*:           0
        Added new bc of glob:            0
        Added new bc of config_default:  0
        Added new bc of named choice:    0
        Removed bc of config_default:    0
        Removed bc of named choice:      0
        Removed no match for o(r)source: 0
        Removed optional choice attr:    0
        Removed bool     choice attr:    0
        Removed tristate choice attr:    0
Excel saved: /home/ljd/wsMA_prototyp/transform_projects/transform_riot/RIOT_log/results6.xlsx
        Done writting 37 lines in /home/ljd/wsMA_prototyp/transform_projects/transform_riot/RIOT_output/sys/net/gnrc/network_layer/sixlowpan/frag/rb/Kconfig


Reader found: 21 lines in /home/ljd/riot/RIOT/sys/net/gnrc/network_layer/sixlowpan/frag/vrb/Kconfig
call _transform_lines(lines from reader, input, configdefault dict info)
start transforming 21 input lines
    FILE LOG --------------------------------------------------------------
    Reader input                21 lines
    -----------------------------------------------------------------------
    All source without glob:    0
    All source using glob:      0
    All osource_keywords:       0
    All rsource_keywords:       0
    All orsource_keywords:      0
    SUM (r/or/o)source lines:   0
    All "option env" attr:      0
    -----------------------------------------------------------------------
    Transformer Output:         21 lines
    -----------------------------------------------------------------------
        Added new bc of def_*:           0
        Added new bc of glob:            0
        Added new bc of config_default:  0
        Added new bc of named choice:    0
        Removed bc of config_default:    0
        Removed bc of named choice:      0
        Removed no match for o(r)source: 0
        Removed optional choice attr:    0
        Removed bool     choice attr:    0
        Removed tristate choice attr:    0
Excel saved: /home/ljd/wsMA_prototyp/transform_projects/transform_riot/RIOT_log/results6.xlsx
        Done writting 21 lines in /home/ljd/wsMA_prototyp/transform_projects/transform_riot/RIOT_output/sys/net/gnrc/network_layer/sixlowpan/frag/vrb/Kconfig


Reader found: 168 lines in /home/ljd/riot/RIOT/sys/net/gnrc/network_layer/sixlowpan/frag/sfr/Kconfig
call _transform_lines(lines from reader, input, configdefault dict info)
start transforming 168 input lines
    FILE LOG --------------------------------------------------------------
    Reader input                168 lines
    -----------------------------------------------------------------------
    All source without glob:    0
    All source using glob:      0
    All osource_keywords:       0
    All rsource_keywords:       0
    All orsource_keywords:      0
    SUM (r/or/o)source lines:   0
    All "option env" attr:      0
    -----------------------------------------------------------------------
    Transformer Output:         168 lines
    -----------------------------------------------------------------------
        Added new bc of def_*:           0
        Added new bc of glob:            0
        Added new bc of config_default:  0
        Added new bc of named choice:    0
        Removed bc of config_default:    0
        Removed bc of named choice:      0
        Removed no match for o(r)source: 0
        Removed optional choice attr:    0
        Removed bool     choice attr:    0
        Removed tristate choice attr:    0
Excel saved: /home/ljd/wsMA_prototyp/transform_projects/transform_riot/RIOT_log/results6.xlsx
        Done writting 168 lines in /home/ljd/wsMA_prototyp/transform_projects/transform_riot/RIOT_output/sys/net/gnrc/network_layer/sixlowpan/frag/sfr/Kconfig


Reader found: 19 lines in /home/ljd/riot/RIOT/sys/net/gnrc/network_layer/sixlowpan/nd/Kconfig
call _transform_lines(lines from reader, input, configdefault dict info)
start transforming 19 input lines
    FILE LOG --------------------------------------------------------------
    Reader input                19 lines
    -----------------------------------------------------------------------
    All source without glob:    0
    All source using glob:      0
    All osource_keywords:       0
    All rsource_keywords:       0
    All orsource_keywords:      0
    SUM (r/or/o)source lines:   0
    All "option env" attr:      0
    -----------------------------------------------------------------------
    Transformer Output:         19 lines
    -----------------------------------------------------------------------
        Added new bc of def_*:           0
        Added new bc of glob:            0
        Added new bc of config_default:  0
        Added new bc of named choice:    0
        Removed bc of config_default:    0
        Removed bc of named choice:      0
        Removed no match for o(r)source: 0
        Removed optional choice attr:    0
        Removed bool     choice attr:    0
        Removed tristate choice attr:    0
Excel saved: /home/ljd/wsMA_prototyp/transform_projects/transform_riot/RIOT_log/results6.xlsx
        Done writting 19 lines in /home/ljd/wsMA_prototyp/transform_projects/transform_riot/RIOT_output/sys/net/gnrc/network_layer/sixlowpan/nd/Kconfig


Reader found: 19 lines in /home/ljd/riot/RIOT/sys/net/gnrc/pktbuf/Kconfig
call _transform_lines(lines from reader, input, configdefault dict info)
start transforming 19 input lines
    FILE LOG --------------------------------------------------------------
    Reader input                19 lines
    -----------------------------------------------------------------------
    All source without glob:    0
    All source using glob:      0
    All osource_keywords:       0
    All rsource_keywords:       0
    All orsource_keywords:      0
    SUM (r/or/o)source lines:   0
    All "option env" attr:      0
    -----------------------------------------------------------------------
    Transformer Output:         19 lines
    -----------------------------------------------------------------------
        Added new bc of def_*:           0
        Added new bc of glob:            0
        Added new bc of config_default:  0
        Added new bc of named choice:    0
        Removed bc of config_default:    0
        Removed bc of named choice:      0
        Removed no match for o(r)source: 0
        Removed optional choice attr:    0
        Removed bool     choice attr:    0
        Removed tristate choice attr:    0
Excel saved: /home/ljd/wsMA_prototyp/transform_projects/transform_riot/RIOT_log/results6.xlsx
        Done writting 19 lines in /home/ljd/wsMA_prototyp/transform_projects/transform_riot/RIOT_output/sys/net/gnrc/pktbuf/Kconfig


Reader found: 18 lines in /home/ljd/riot/RIOT/sys/net/gnrc/pktdump/Kconfig
call _transform_lines(lines from reader, input, configdefault dict info)
start transforming 18 input lines
    FILE LOG --------------------------------------------------------------
    Reader input                18 lines
    -----------------------------------------------------------------------
    All source without glob:    0
    All source using glob:      0
    All osource_keywords:       0
    All rsource_keywords:       0
    All orsource_keywords:      0
    SUM (r/or/o)source lines:   0
    All "option env" attr:      0
    -----------------------------------------------------------------------
    Transformer Output:         18 lines
    -----------------------------------------------------------------------
        Added new bc of def_*:           0
        Added new bc of glob:            0
        Added new bc of config_default:  0
        Added new bc of named choice:    0
        Removed bc of config_default:    0
        Removed bc of named choice:      0
        Removed no match for o(r)source: 0
        Removed optional choice attr:    0
        Removed bool     choice attr:    0
        Removed tristate choice attr:    0
Excel saved: /home/ljd/wsMA_prototyp/transform_projects/transform_riot/RIOT_log/results6.xlsx
        Done writting 18 lines in /home/ljd/wsMA_prototyp/transform_projects/transform_riot/RIOT_output/sys/net/gnrc/pktdump/Kconfig


Reader found: 151 lines in /home/ljd/riot/RIOT/sys/net/gnrc/routing/rpl/Kconfig
call _transform_lines(lines from reader, input, configdefault dict info)
start transforming 151 input lines
    current_indx: 81 - choice_attr_end: 84
    FILE LOG --------------------------------------------------------------
    Reader input                151 lines
    -----------------------------------------------------------------------
    All source without glob:    0
    All source using glob:      0
    All osource_keywords:       0
    All rsource_keywords:       0
    All orsource_keywords:      0
    SUM (r/or/o)source lines:   0
    All "option env" attr:      0
    -----------------------------------------------------------------------
    Transformer Output:         151 lines
    -----------------------------------------------------------------------
        Added new bc of def_*:           0
        Added new bc of glob:            0
        Added new bc of config_default:  0
        Added new bc of named choice:    0
        Removed bc of config_default:    0
        Removed bc of named choice:      0
        Removed no match for o(r)source: 0
        Removed optional choice attr:    0
        Removed bool     choice attr:    0
        Removed tristate choice attr:    0
Excel saved: /home/ljd/wsMA_prototyp/transform_projects/transform_riot/RIOT_log/results6.xlsx
        Done writting 151 lines in /home/ljd/wsMA_prototyp/transform_projects/transform_riot/RIOT_output/sys/net/gnrc/routing/rpl/Kconfig


Reader found: 152 lines in /home/ljd/riot/RIOT/sys/net/gnrc/transport_layer/tcp/Kconfig
call _transform_lines(lines from reader, input, configdefault dict info)
start transforming 152 input lines
    FILE LOG --------------------------------------------------------------
    Reader input                152 lines
    -----------------------------------------------------------------------
    All source without glob:    0
    All source using glob:      0
    All osource_keywords:       0
    All rsource_keywords:       0
    All orsource_keywords:      0
    SUM (r/or/o)source lines:   0
    All "option env" attr:      0
    -----------------------------------------------------------------------
    Transformer Output:         152 lines
    -----------------------------------------------------------------------
        Added new bc of def_*:           0
        Added new bc of glob:            0
        Added new bc of config_default:  0
        Added new bc of named choice:    0
        Removed bc of config_default:    0
        Removed bc of named choice:      0
        Removed no match for o(r)source: 0
        Removed optional choice attr:    0
        Removed bool     choice attr:    0
        Removed tristate choice attr:    0
Excel saved: /home/ljd/wsMA_prototyp/transform_projects/transform_riot/RIOT_log/results6.xlsx
        Done writting 152 lines in /home/ljd/wsMA_prototyp/transform_projects/transform_riot/RIOT_output/sys/net/gnrc/transport_layer/tcp/Kconfig


Reader found: 49 lines in /home/ljd/riot/RIOT/sys/net/sock/Kconfig
call _transform_lines(lines from reader, input, configdefault dict info)
start transforming 49 input lines
    FILE LOG --------------------------------------------------------------
    Reader input                49 lines
    -----------------------------------------------------------------------
    All source without glob:    0
    All source using glob:      0
    All osource_keywords:       0
    All rsource_keywords:       0
    All orsource_keywords:      0
    SUM (r/or/o)source lines:   0
    All "option env" attr:      0
    -----------------------------------------------------------------------
    Transformer Output:         49 lines
    -----------------------------------------------------------------------
        Added new bc of def_*:           0
        Added new bc of glob:            0
        Added new bc of config_default:  0
        Added new bc of named choice:    0
        Removed bc of config_default:    0
        Removed bc of named choice:      0
        Removed no match for o(r)source: 0
        Removed optional choice attr:    0
        Removed bool     choice attr:    0
        Removed tristate choice attr:    0
Excel saved: /home/ljd/wsMA_prototyp/transform_projects/transform_riot/RIOT_log/results6.xlsx
        Done writting 49 lines in /home/ljd/wsMA_prototyp/transform_projects/transform_riot/RIOT_output/sys/net/sock/Kconfig


Reader found: 10 lines in /home/ljd/riot/RIOT/sys/net/link_layer/Kconfig
call _transform_lines(lines from reader, input, configdefault dict info)
start transforming 10 input lines
    GLOB LOG ----------------------------------------------------------------------------
    Resolve rsource: csma_sender/Kconfig at line 7
      -> sys/net/link_layer/csma_sender/Kconfig
    Files matching: 1 (using rsource)
    GLOB LOG ----------------------------------------------------------------------------
    Resolve rsource: ieee802154/Kconfig at line 8
      -> sys/net/link_layer/ieee802154/Kconfig
    Files matching: 1 (using rsource)
    GLOB LOG ----------------------------------------------------------------------------
    Resolve rsource: l2filter/Kconfig at line 9
      -> sys/net/link_layer/l2filter/Kconfig
    Files matching: 1 (using rsource)
    GLOB LOG ----------------------------------------------------------------------------
    Resolve rsource: Kconfig.lorawan at line 10
      -> sys/net/link_layer/Kconfig.lorawan
    Files matching: 1 (using rsource)
    FILE LOG --------------------------------------------------------------
    Reader input                10 lines
    -----------------------------------------------------------------------
    All source without glob:    0
    All source using glob:      0
    All osource_keywords:       0
    All rsource_keywords:       4
    All orsource_keywords:      0
    SUM (r/or/o)source lines:   4
    All "option env" attr:      0
    -----------------------------------------------------------------------
    Transformer Output:         10 lines
    -----------------------------------------------------------------------
        Added new bc of def_*:           0
        Added new bc of glob:            0
        Added new bc of config_default:  0
        Added new bc of named choice:    0
        Removed bc of config_default:    0
        Removed bc of named choice:      0
        Removed no match for o(r)source: 0
        Removed optional choice attr:    0
        Removed bool     choice attr:    0
        Removed tristate choice attr:    0
Excel saved: /home/ljd/wsMA_prototyp/transform_projects/transform_riot/RIOT_log/results6.xlsx
        Done writting 10 lines in /home/ljd/wsMA_prototyp/transform_projects/transform_riot/RIOT_output/sys/net/link_layer/Kconfig


Reader found: 37 lines in /home/ljd/riot/RIOT/sys/net/link_layer/csma_sender/Kconfig
call _transform_lines(lines from reader, input, configdefault dict info)
start transforming 37 input lines
    FILE LOG --------------------------------------------------------------
    Reader input                37 lines
    -----------------------------------------------------------------------
    All source without glob:    0
    All source using glob:      0
    All osource_keywords:       0
    All rsource_keywords:       0
    All orsource_keywords:      0
    SUM (r/or/o)source lines:   0
    All "option env" attr:      0
    -----------------------------------------------------------------------
    Transformer Output:         37 lines
    -----------------------------------------------------------------------
        Added new bc of def_*:           0
        Added new bc of glob:            0
        Added new bc of config_default:  0
        Added new bc of named choice:    0
        Removed bc of config_default:    0
        Removed bc of named choice:      0
        Removed no match for o(r)source: 0
        Removed optional choice attr:    0
        Removed bool     choice attr:    0
        Removed tristate choice attr:    0
Excel saved: /home/ljd/wsMA_prototyp/transform_projects/transform_riot/RIOT_log/results6.xlsx
        Done writting 37 lines in /home/ljd/wsMA_prototyp/transform_projects/transform_riot/RIOT_output/sys/net/link_layer/csma_sender/Kconfig


Reader found: 161 lines in /home/ljd/riot/RIOT/sys/net/link_layer/ieee802154/Kconfig
call _transform_lines(lines from reader, input, configdefault dict info)
start transforming 161 input lines
    current_indx: 10 - choice_attr_end: 15
    FILE LOG --------------------------------------------------------------
    Reader input                161 lines
    -----------------------------------------------------------------------
    All source without glob:    0
    All source using glob:      0
    All osource_keywords:       0
    All rsource_keywords:       0
    All orsource_keywords:      0
    SUM (r/or/o)source lines:   0
    All "option env" attr:      0
    -----------------------------------------------------------------------
    Transformer Output:         161 lines
    -----------------------------------------------------------------------
        Added new bc of def_*:           0
        Added new bc of glob:            0
        Added new bc of config_default:  0
        Added new bc of named choice:    0
        Removed bc of config_default:    0
        Removed bc of named choice:      0
        Removed no match for o(r)source: 0
        Removed optional choice attr:    0
        Removed bool     choice attr:    0
        Removed tristate choice attr:    0
Excel saved: /home/ljd/wsMA_prototyp/transform_projects/transform_riot/RIOT_log/results6.xlsx
        Done writting 161 lines in /home/ljd/wsMA_prototyp/transform_projects/transform_riot/RIOT_output/sys/net/link_layer/ieee802154/Kconfig


Reader found: 19 lines in /home/ljd/riot/RIOT/sys/net/link_layer/l2filter/Kconfig
call _transform_lines(lines from reader, input, configdefault dict info)
start transforming 19 input lines
    FILE LOG --------------------------------------------------------------
    Reader input                19 lines
    -----------------------------------------------------------------------
    All source without glob:    0
    All source using glob:      0
    All osource_keywords:       0
    All rsource_keywords:       0
    All orsource_keywords:      0
    SUM (r/or/o)source lines:   0
    All "option env" attr:      0
    -----------------------------------------------------------------------
    Transformer Output:         19 lines
    -----------------------------------------------------------------------
        Added new bc of def_*:           0
        Added new bc of glob:            0
        Added new bc of config_default:  0
        Added new bc of named choice:    0
        Removed bc of config_default:    0
        Removed bc of named choice:      0
        Removed no match for o(r)source: 0
        Removed optional choice attr:    0
        Removed bool     choice attr:    0
        Removed tristate choice attr:    0
Excel saved: /home/ljd/wsMA_prototyp/transform_projects/transform_riot/RIOT_log/results6.xlsx
        Done writting 19 lines in /home/ljd/wsMA_prototyp/transform_projects/transform_riot/RIOT_output/sys/net/link_layer/l2filter/Kconfig


Reader found: 574 lines in /home/ljd/riot/RIOT/sys/net/link_layer/Kconfig.lorawan
call _transform_lines(lines from reader, input, configdefault dict info)
start transforming 574 input lines
    current_indx: 4 - choice_attr_end: 10
    current_indx: 54 - choice_attr_end: 66
    current_indx: 179 - choice_attr_end: 191
    current_indx: 230 - choice_attr_end: 239
    current_indx: 294 - choice_attr_end: 302
    current_indx: 369 - choice_attr_end: 378
    current_indx: 442 - choice_attr_end: 450
    FILE LOG --------------------------------------------------------------
    Reader input                574 lines
    -----------------------------------------------------------------------
    All source without glob:    0
    All source using glob:      0
    All osource_keywords:       0
    All rsource_keywords:       0
    All orsource_keywords:      0
    SUM (r/or/o)source lines:   0
    All "option env" attr:      0
    -----------------------------------------------------------------------
    Transformer Output:         574 lines
    -----------------------------------------------------------------------
        Added new bc of def_*:           0
        Added new bc of glob:            0
        Added new bc of config_default:  0
        Added new bc of named choice:    0
        Removed bc of config_default:    0
        Removed bc of named choice:      0
        Removed no match for o(r)source: 0
        Removed optional choice attr:    0
        Removed bool     choice attr:    0
        Removed tristate choice attr:    0
Excel saved: /home/ljd/wsMA_prototyp/transform_projects/transform_riot/RIOT_log/results6.xlsx
        Done writting 574 lines in /home/ljd/wsMA_prototyp/transform_projects/transform_riot/RIOT_output/sys/net/link_layer/Kconfig.lorawan


Reader found: 151 lines in /home/ljd/riot/RIOT/sys/net/lora/Kconfig
call _transform_lines(lines from reader, input, configdefault dict info)
start transforming 151 input lines
    current_indx: 32 - choice_attr_end: 38
    current_indx: 50 - choice_attr_end: 61
    current_indx: 85 - choice_attr_end: 98
    FILE LOG --------------------------------------------------------------
    Reader input                151 lines
    -----------------------------------------------------------------------
    All source without glob:    0
    All source using glob:      0
    All osource_keywords:       0
    All rsource_keywords:       0
    All orsource_keywords:      0
    SUM (r/or/o)source lines:   0
    All "option env" attr:      0
    -----------------------------------------------------------------------
    Transformer Output:         151 lines
    -----------------------------------------------------------------------
        Added new bc of def_*:           0
        Added new bc of glob:            0
        Added new bc of config_default:  0
        Added new bc of named choice:    0
        Removed bc of config_default:    0
        Removed bc of named choice:      0
        Removed no match for o(r)source: 0
        Removed optional choice attr:    0
        Removed bool     choice attr:    0
        Removed tristate choice attr:    0
Excel saved: /home/ljd/wsMA_prototyp/transform_projects/transform_riot/RIOT_log/results6.xlsx
        Done writting 151 lines in /home/ljd/wsMA_prototyp/transform_projects/transform_riot/RIOT_output/sys/net/lora/Kconfig


Reader found: 14 lines in /home/ljd/riot/RIOT/sys/net/netif/Kconfig
call _transform_lines(lines from reader, input, configdefault dict info)
start transforming 14 input lines
    FILE LOG --------------------------------------------------------------
    Reader input                14 lines
    -----------------------------------------------------------------------
    All source without glob:    0
    All source using glob:      0
    All osource_keywords:       0
    All rsource_keywords:       0
    All orsource_keywords:      0
    SUM (r/or/o)source lines:   0
    All "option env" attr:      0
    -----------------------------------------------------------------------
    Transformer Output:         14 lines
    -----------------------------------------------------------------------
        Added new bc of def_*:           0
        Added new bc of glob:            0
        Added new bc of config_default:  0
        Added new bc of named choice:    0
        Removed bc of config_default:    0
        Removed bc of named choice:      0
        Removed no match for o(r)source: 0
        Removed optional choice attr:    0
        Removed bool     choice attr:    0
        Removed tristate choice attr:    0
Excel saved: /home/ljd/wsMA_prototyp/transform_projects/transform_riot/RIOT_log/results6.xlsx
        Done writting 14 lines in /home/ljd/wsMA_prototyp/transform_projects/transform_riot/RIOT_output/sys/net/netif/Kconfig


Reader found: 49 lines in /home/ljd/riot/RIOT/sys/progress_bar/Kconfig
call _transform_lines(lines from reader, input, configdefault dict info)
start transforming 49 input lines
    FILE LOG --------------------------------------------------------------
    Reader input                49 lines
    -----------------------------------------------------------------------
    All source without glob:    0
    All source using glob:      0
    All osource_keywords:       0
    All rsource_keywords:       0
    All orsource_keywords:      0
    SUM (r/or/o)source lines:   0
    All "option env" attr:      0
    -----------------------------------------------------------------------
    Transformer Output:         49 lines
    -----------------------------------------------------------------------
        Added new bc of def_*:           0
        Added new bc of glob:            0
        Added new bc of config_default:  0
        Added new bc of named choice:    0
        Removed bc of config_default:    0
        Removed bc of named choice:      0
        Removed no match for o(r)source: 0
        Removed optional choice attr:    0
        Removed bool     choice attr:    0
        Removed tristate choice attr:    0
Excel saved: /home/ljd/wsMA_prototyp/transform_projects/transform_riot/RIOT_log/results6.xlsx
        Done writting 49 lines in /home/ljd/wsMA_prototyp/transform_projects/transform_riot/RIOT_output/sys/progress_bar/Kconfig


Reader found: 14 lines in /home/ljd/riot/RIOT/sys/psa_crypto/Kconfig
call _transform_lines(lines from reader, input, configdefault dict info)
start transforming 14 input lines
    GLOB LOG ----------------------------------------------------------------------------
    Resolve rsource: Kconfig.keys at line 10
      -> sys/psa_crypto/Kconfig.keys
    Files matching: 1 (using rsource)
    GLOB LOG ----------------------------------------------------------------------------
    Resolve rsource: psa_se_mgmt/Kconfig at line 12
      -> sys/psa_crypto/psa_se_mgmt/Kconfig
    Files matching: 1 (using rsource)
    FILE LOG --------------------------------------------------------------
    Reader input                14 lines
    -----------------------------------------------------------------------
    All source without glob:    0
    All source using glob:      0
    All osource_keywords:       0
    All rsource_keywords:       2
    All orsource_keywords:      0
    SUM (r/or/o)source lines:   2
    All "option env" attr:      0
    -----------------------------------------------------------------------
    Transformer Output:         14 lines
    -----------------------------------------------------------------------
        Added new bc of def_*:           0
        Added new bc of glob:            0
        Added new bc of config_default:  0
        Added new bc of named choice:    0
        Removed bc of config_default:    0
        Removed bc of named choice:      0
        Removed no match for o(r)source: 0
        Removed optional choice attr:    0
        Removed bool     choice attr:    0
        Removed tristate choice attr:    0
Excel saved: /home/ljd/wsMA_prototyp/transform_projects/transform_riot/RIOT_log/results6.xlsx
        Done writting 14 lines in /home/ljd/wsMA_prototyp/transform_projects/transform_riot/RIOT_output/sys/psa_crypto/Kconfig


Reader found: 23 lines in /home/ljd/riot/RIOT/sys/psa_crypto/Kconfig.keys
call _transform_lines(lines from reader, input, configdefault dict info)
start transforming 23 input lines
    FILE LOG --------------------------------------------------------------
    Reader input                23 lines
    -----------------------------------------------------------------------
    All source without glob:    0
    All source using glob:      0
    All osource_keywords:       0
    All rsource_keywords:       0
    All orsource_keywords:      0
    SUM (r/or/o)source lines:   0
    All "option env" attr:      0
    -----------------------------------------------------------------------
    Transformer Output:         23 lines
    -----------------------------------------------------------------------
        Added new bc of def_*:           0
        Added new bc of glob:            0
        Added new bc of config_default:  0
        Added new bc of named choice:    0
        Removed bc of config_default:    0
        Removed bc of named choice:      0
        Removed no match for o(r)source: 0
        Removed optional choice attr:    0
        Removed bool     choice attr:    0
        Removed tristate choice attr:    0
Excel saved: /home/ljd/wsMA_prototyp/transform_projects/transform_riot/RIOT_log/results6.xlsx
        Done writting 23 lines in /home/ljd/wsMA_prototyp/transform_projects/transform_riot/RIOT_output/sys/psa_crypto/Kconfig.keys


Reader found: 16 lines in /home/ljd/riot/RIOT/sys/psa_crypto/psa_se_mgmt/Kconfig
call _transform_lines(lines from reader, input, configdefault dict info)
start transforming 16 input lines
    FILE LOG --------------------------------------------------------------
    Reader input                16 lines
    -----------------------------------------------------------------------
    All source without glob:    0
    All source using glob:      0
    All osource_keywords:       0
    All rsource_keywords:       0
    All orsource_keywords:      0
    SUM (r/or/o)source lines:   0
    All "option env" attr:      0
    -----------------------------------------------------------------------
    Transformer Output:         16 lines
    -----------------------------------------------------------------------
        Added new bc of def_*:           0
        Added new bc of glob:            0
        Added new bc of config_default:  0
        Added new bc of named choice:    0
        Removed bc of config_default:    0
        Removed bc of named choice:      0
        Removed no match for o(r)source: 0
        Removed optional choice attr:    0
        Removed bool     choice attr:    0
        Removed tristate choice attr:    0
Excel saved: /home/ljd/wsMA_prototyp/transform_projects/transform_riot/RIOT_log/results6.xlsx
        Done writting 16 lines in /home/ljd/wsMA_prototyp/transform_projects/transform_riot/RIOT_output/sys/psa_crypto/psa_se_mgmt/Kconfig


Reader found: 13 lines in /home/ljd/riot/RIOT/sys/shell/Kconfig
call _transform_lines(lines from reader, input, configdefault dict info)
start transforming 13 input lines
    GLOB LOG ----------------------------------------------------------------------------
    Resolve rsource: Kconfig.config at line 11
      -> sys/shell/Kconfig.config
    Files matching: 1 (using rsource)
    FILE LOG --------------------------------------------------------------
    Reader input                13 lines
    -----------------------------------------------------------------------
    All source without glob:    0
    All source using glob:      0
    All osource_keywords:       0
    All rsource_keywords:       1
    All orsource_keywords:      0
    SUM (r/or/o)source lines:   1
    All "option env" attr:      0
    -----------------------------------------------------------------------
    Transformer Output:         13 lines
    -----------------------------------------------------------------------
        Added new bc of def_*:           0
        Added new bc of glob:            0
        Added new bc of config_default:  0
        Added new bc of named choice:    0
        Removed bc of config_default:    0
        Removed bc of named choice:      0
        Removed no match for o(r)source: 0
        Removed optional choice attr:    0
        Removed bool     choice attr:    0
        Removed tristate choice attr:    0
Excel saved: /home/ljd/wsMA_prototyp/transform_projects/transform_riot/RIOT_log/results6.xlsx
        Done writting 13 lines in /home/ljd/wsMA_prototyp/transform_projects/transform_riot/RIOT_output/sys/shell/Kconfig


Reader found: 21 lines in /home/ljd/riot/RIOT/sys/shell/Kconfig.config
call _transform_lines(lines from reader, input, configdefault dict info)
start transforming 21 input lines
    FILE LOG --------------------------------------------------------------
    Reader input                21 lines
    -----------------------------------------------------------------------
    All source without glob:    0
    All source using glob:      0
    All osource_keywords:       0
    All rsource_keywords:       0
    All orsource_keywords:      0
    SUM (r/or/o)source lines:   0
    All "option env" attr:      0
    -----------------------------------------------------------------------
    Transformer Output:         21 lines
    -----------------------------------------------------------------------
        Added new bc of def_*:           0
        Added new bc of glob:            0
        Added new bc of config_default:  0
        Added new bc of named choice:    0
        Removed bc of config_default:    0
        Removed bc of named choice:      0
        Removed no match for o(r)source: 0
        Removed optional choice attr:    0
        Removed bool     choice attr:    0
        Removed tristate choice attr:    0
Excel saved: /home/ljd/wsMA_prototyp/transform_projects/transform_riot/RIOT_log/results6.xlsx
        Done writting 21 lines in /home/ljd/wsMA_prototyp/transform_projects/transform_riot/RIOT_output/sys/shell/Kconfig.config


Reader found: 18 lines in /home/ljd/riot/RIOT/sys/shell_lock/Kconfig
call _transform_lines(lines from reader, input, configdefault dict info)
start transforming 18 input lines
    FILE LOG --------------------------------------------------------------
    Reader input                18 lines
    -----------------------------------------------------------------------
    All source without glob:    0
    All source using glob:      0
    All osource_keywords:       0
    All rsource_keywords:       0
    All orsource_keywords:      0
    SUM (r/or/o)source lines:   0
    All "option env" attr:      0
    -----------------------------------------------------------------------
    Transformer Output:         18 lines
    -----------------------------------------------------------------------
        Added new bc of def_*:           0
        Added new bc of glob:            0
        Added new bc of config_default:  0
        Added new bc of named choice:    0
        Removed bc of config_default:    0
        Removed bc of named choice:      0
        Removed no match for o(r)source: 0
        Removed optional choice attr:    0
        Removed bool     choice attr:    0
        Removed tristate choice attr:    0
Excel saved: /home/ljd/wsMA_prototyp/transform_projects/transform_riot/RIOT_log/results6.xlsx
        Done writting 18 lines in /home/ljd/wsMA_prototyp/transform_projects/transform_riot/RIOT_output/sys/shell_lock/Kconfig


Reader found: 117 lines in /home/ljd/riot/RIOT/sys/usb/Kconfig
call _transform_lines(lines from reader, input, configdefault dict info)
start transforming 117 input lines
    GLOB LOG ----------------------------------------------------------------------------
    Resolve rsource: usbus/Kconfig at line 10
      -> sys/usb/usbus/Kconfig
    Files matching: 1 (using rsource)
    current_indx: 27 - choice_attr_end: 29
    FILE LOG --------------------------------------------------------------
    Reader input                117 lines
    -----------------------------------------------------------------------
    All source without glob:    0
    All source using glob:      0
    All osource_keywords:       0
    All rsource_keywords:       1
    All orsource_keywords:      0
    SUM (r/or/o)source lines:   1
    All "option env" attr:      0
    -----------------------------------------------------------------------
    Transformer Output:         117 lines
    -----------------------------------------------------------------------
        Added new bc of def_*:           0
        Added new bc of glob:            0
        Added new bc of config_default:  0
        Added new bc of named choice:    0
        Removed bc of config_default:    0
        Removed bc of named choice:      0
        Removed no match for o(r)source: 0
        Removed optional choice attr:    0
        Removed bool     choice attr:    0
        Removed tristate choice attr:    0
Excel saved: /home/ljd/wsMA_prototyp/transform_projects/transform_riot/RIOT_log/results6.xlsx
        Done writting 117 lines in /home/ljd/wsMA_prototyp/transform_projects/transform_riot/RIOT_output/sys/usb/Kconfig


Reader found: 44 lines in /home/ljd/riot/RIOT/sys/usb/usbus/Kconfig
call _transform_lines(lines from reader, input, configdefault dict info)
start transforming 44 input lines
    current_indx: 18 - choice_attr_end: 25
    GLOB LOG ----------------------------------------------------------------------------
    Resolve rsource: cdc/Kconfig at line 41
      no files found for the: cdc/Kconfig
    GLOB LOG ----------------------------------------------------------------------------
    Resolve rsource: dfu/Kconfig at line 42
      -> sys/usb/usbus/dfu/Kconfig
    Files matching: 1 (using rsource)
    GLOB LOG ----------------------------------------------------------------------------
    Resolve rsource: hid/Kconfig at line 43
      -> sys/usb/usbus/hid/Kconfig
    Files matching: 1 (using rsource)
    GLOB LOG ----------------------------------------------------------------------------
    Resolve rsource: msc/Kconfig at line 44
      -> sys/usb/usbus/msc/Kconfig
    Files matching: 1 (using rsource)
    FILE LOG --------------------------------------------------------------
    Reader input                44 lines
    -----------------------------------------------------------------------
    All source without glob:    0
    All source using glob:      0
    All osource_keywords:       0
    All rsource_keywords:       4
    All orsource_keywords:      0
    SUM (r/or/o)source lines:   4
    All "option env" attr:      0
    -----------------------------------------------------------------------
    Transformer Output:         43 lines
    -----------------------------------------------------------------------
        Added new bc of def_*:           0
        Added new bc of glob:            0
        Added new bc of config_default:  0
        Added new bc of named choice:    0
        Removed bc of config_default:    0
        Removed bc of named choice:      0
        Removed no match for o(r)source: 1
        Removed optional choice attr:    0
        Removed bool     choice attr:    0
        Removed tristate choice attr:    0
Excel saved: /home/ljd/wsMA_prototyp/transform_projects/transform_riot/RIOT_log/results6.xlsx
        Done writting 43 lines in /home/ljd/wsMA_prototyp/transform_projects/transform_riot/RIOT_output/sys/usb/usbus/Kconfig


Reader found: 2 lines in /home/ljd/riot/RIOT/sys/usb/usbus/cdc/Kconfig
call _transform_lines(lines from reader, input, configdefault dict info)
start transforming 2 input lines
    GLOB LOG ----------------------------------------------------------------------------
    Resolve rsource: acm/Kconfig at line 1
      -> sys/usb/usbus/cdc/acm/Kconfig
    Files matching: 1 (using rsource)
    GLOB LOG ----------------------------------------------------------------------------
    Resolve rsource: ecm/Kconfig at line 2
      -> sys/usb/usbus/cdc/ecm/Kconfig
    Files matching: 1 (using rsource)
    FILE LOG --------------------------------------------------------------
    Reader input                2 lines
    -----------------------------------------------------------------------
    All source without glob:    0
    All source using glob:      0
    All osource_keywords:       0
    All rsource_keywords:       2
    All orsource_keywords:      0
    SUM (r/or/o)source lines:   2
    All "option env" attr:      0
    -----------------------------------------------------------------------
    Transformer Output:         2 lines
    -----------------------------------------------------------------------
        Added new bc of def_*:           0
        Added new bc of glob:            0
        Added new bc of config_default:  0
        Added new bc of named choice:    0
        Removed bc of config_default:    0
        Removed bc of named choice:      0
        Removed no match for o(r)source: 0
        Removed optional choice attr:    0
        Removed bool     choice attr:    0
        Removed tristate choice attr:    0
Excel saved: /home/ljd/wsMA_prototyp/transform_projects/transform_riot/RIOT_log/results6.xlsx
        Done writting 2 lines in /home/ljd/wsMA_prototyp/transform_projects/transform_riot/RIOT_output/sys/usb/usbus/cdc/Kconfig


Reader found: 42 lines in /home/ljd/riot/RIOT/sys/usb/usbus/cdc/acm/Kconfig
call _transform_lines(lines from reader, input, configdefault dict info)
start transforming 42 input lines
    current_indx: 21 - choice_attr_end: 27
    FILE LOG --------------------------------------------------------------
    Reader input                42 lines
    -----------------------------------------------------------------------
    All source without glob:    0
    All source using glob:      0
    All osource_keywords:       0
    All rsource_keywords:       0
    All orsource_keywords:      0
    SUM (r/or/o)source lines:   0
    All "option env" attr:      0
    -----------------------------------------------------------------------
    Transformer Output:         42 lines
    -----------------------------------------------------------------------
        Added new bc of def_*:           0
        Added new bc of glob:            0
        Added new bc of config_default:  0
        Added new bc of named choice:    0
        Removed bc of config_default:    0
        Removed bc of named choice:      0
        Removed no match for o(r)source: 0
        Removed optional choice attr:    0
        Removed bool     choice attr:    0
        Removed tristate choice attr:    0
Excel saved: /home/ljd/wsMA_prototyp/transform_projects/transform_riot/RIOT_log/results6.xlsx
        Done writting 42 lines in /home/ljd/wsMA_prototyp/transform_projects/transform_riot/RIOT_output/sys/usb/usbus/cdc/acm/Kconfig


Reader found: 39 lines in /home/ljd/riot/RIOT/sys/usb/usbus/cdc/ecm/Kconfig
call _transform_lines(lines from reader, input, configdefault dict info)
start transforming 39 input lines
    FILE LOG --------------------------------------------------------------
    Reader input                39 lines
    -----------------------------------------------------------------------
    All source without glob:    0
    All source using glob:      0
    All osource_keywords:       0
    All rsource_keywords:       0
    All orsource_keywords:      0
    SUM (r/or/o)source lines:   0
    All "option env" attr:      0
    -----------------------------------------------------------------------
    Transformer Output:         39 lines
    -----------------------------------------------------------------------
        Added new bc of def_*:           0
        Added new bc of glob:            0
        Added new bc of config_default:  0
        Added new bc of named choice:    0
        Removed bc of config_default:    0
        Removed bc of named choice:      0
        Removed no match for o(r)source: 0
        Removed optional choice attr:    0
        Removed bool     choice attr:    0
        Removed tristate choice attr:    0
Excel saved: /home/ljd/wsMA_prototyp/transform_projects/transform_riot/RIOT_log/results6.xlsx
        Done writting 39 lines in /home/ljd/wsMA_prototyp/transform_projects/transform_riot/RIOT_output/sys/usb/usbus/cdc/ecm/Kconfig


Reader found: 31 lines in /home/ljd/riot/RIOT/sys/usb/usbus/dfu/Kconfig
call _transform_lines(lines from reader, input, configdefault dict info)
start transforming 31 input lines
    FILE LOG --------------------------------------------------------------
    Reader input                31 lines
    -----------------------------------------------------------------------
    All source without glob:    0
    All source using glob:      0
    All osource_keywords:       0
    All rsource_keywords:       0
    All orsource_keywords:      0
    SUM (r/or/o)source lines:   0
    All "option env" attr:      0
    -----------------------------------------------------------------------
    Transformer Output:         31 lines
    -----------------------------------------------------------------------
        Added new bc of def_*:           0
        Added new bc of glob:            0
        Added new bc of config_default:  0
        Added new bc of named choice:    0
        Removed bc of config_default:    0
        Removed bc of named choice:      0
        Removed no match for o(r)source: 0
        Removed optional choice attr:    0
        Removed bool     choice attr:    0
        Removed tristate choice attr:    0
Excel saved: /home/ljd/wsMA_prototyp/transform_projects/transform_riot/RIOT_log/results6.xlsx
        Done writting 31 lines in /home/ljd/wsMA_prototyp/transform_projects/transform_riot/RIOT_output/sys/usb/usbus/dfu/Kconfig


Reader found: 11 lines in /home/ljd/riot/RIOT/sys/usb/usbus/hid/Kconfig
call _transform_lines(lines from reader, input, configdefault dict info)
start transforming 11 input lines
    FILE LOG --------------------------------------------------------------
    Reader input                11 lines
    -----------------------------------------------------------------------
    All source without glob:    0
    All source using glob:      0
    All osource_keywords:       0
    All rsource_keywords:       0
    All orsource_keywords:      0
    SUM (r/or/o)source lines:   0
    All "option env" attr:      0
    -----------------------------------------------------------------------
    Transformer Output:         11 lines
    -----------------------------------------------------------------------
        Added new bc of def_*:           0
        Added new bc of glob:            0
        Added new bc of config_default:  0
        Added new bc of named choice:    0
        Removed bc of config_default:    0
        Removed bc of named choice:      0
        Removed no match for o(r)source: 0
        Removed optional choice attr:    0
        Removed bool     choice attr:    0
        Removed tristate choice attr:    0
Excel saved: /home/ljd/wsMA_prototyp/transform_projects/transform_riot/RIOT_log/results6.xlsx
        Done writting 11 lines in /home/ljd/wsMA_prototyp/transform_projects/transform_riot/RIOT_output/sys/usb/usbus/hid/Kconfig


Reader found: 22 lines in /home/ljd/riot/RIOT/sys/usb/usbus/msc/Kconfig
call _transform_lines(lines from reader, input, configdefault dict info)
start transforming 22 input lines
    FILE LOG --------------------------------------------------------------
    Reader input                22 lines
    -----------------------------------------------------------------------
    All source without glob:    0
    All source using glob:      0
    All osource_keywords:       0
    All rsource_keywords:       0
    All orsource_keywords:      0
    SUM (r/or/o)source lines:   0
    All "option env" attr:      0
    -----------------------------------------------------------------------
    Transformer Output:         22 lines
    -----------------------------------------------------------------------
        Added new bc of def_*:           0
        Added new bc of glob:            0
        Added new bc of config_default:  0
        Added new bc of named choice:    0
        Removed bc of config_default:    0
        Removed bc of named choice:      0
        Removed no match for o(r)source: 0
        Removed optional choice attr:    0
        Removed bool     choice attr:    0
        Removed tristate choice attr:    0
Excel saved: /home/ljd/wsMA_prototyp/transform_projects/transform_riot/RIOT_log/results6.xlsx
        Done writting 22 lines in /home/ljd/wsMA_prototyp/transform_projects/transform_riot/RIOT_output/sys/usb/usbus/msc/Kconfig


Reader found: 21 lines in /home/ljd/riot/RIOT/pkg/Kconfig
call _transform_lines(lines from reader, input, configdefault dict info)
start transforming 21 input lines
    GLOB LOG ----------------------------------------------------------------------------
    Resolve rsource: flashdb/Kconfig at line 9
      -> pkg/flashdb/Kconfig
    Files matching: 1 (using rsource)
    GLOB LOG ----------------------------------------------------------------------------
    Resolve rsource: libfixmath/Kconfig at line 10
      -> pkg/libfixmath/Kconfig
    Files matching: 1 (using rsource)
    GLOB LOG ----------------------------------------------------------------------------
    Resolve rsource: libschc/Kconfig at line 11
      -> pkg/libschc/Kconfig
    Files matching: 1 (using rsource)
    GLOB LOG ----------------------------------------------------------------------------
    Resolve rsource: littlefs2/Kconfig at line 12
      -> pkg/littlefs2/Kconfig
    Files matching: 1 (using rsource)
    GLOB LOG ----------------------------------------------------------------------------
    Resolve rsource: lvgl/Kconfig at line 13
      -> pkg/lvgl/Kconfig
    Files matching: 1 (using rsource)
    GLOB LOG ----------------------------------------------------------------------------
    Resolve rsource: mbedtls/Kconfig at line 14
      -> pkg/mbedtls/Kconfig
    Files matching: 1 (using rsource)
    GLOB LOG ----------------------------------------------------------------------------
    Resolve rsource: semtech-loramac/Kconfig at line 15
      -> pkg/semtech-loramac/Kconfig
    Files matching: 1 (using rsource)
    GLOB LOG ----------------------------------------------------------------------------
    Resolve rsource: tinydtls/Kconfig at line 16
      -> pkg/tinydtls/Kconfig
    Files matching: 1 (using rsource)
    GLOB LOG ----------------------------------------------------------------------------
    Resolve rsource: tinyusb/Kconfig at line 17
      -> pkg/tinyusb/Kconfig
    Files matching: 1 (using rsource)
    GLOB LOG ----------------------------------------------------------------------------
    Resolve rsource: tinyvcdiff/Kconfig at line 18
      -> pkg/tinyvcdiff/Kconfig
    Files matching: 1 (using rsource)
    GLOB LOG ----------------------------------------------------------------------------
    Resolve rsource: wakaama/Kconfig at line 19
      -> pkg/wakaama/Kconfig
    Files matching: 1 (using rsource)
    FILE LOG --------------------------------------------------------------
    Reader input                21 lines
    -----------------------------------------------------------------------
    All source without glob:    0
    All source using glob:      0
    All osource_keywords:       0
    All rsource_keywords:       11
    All orsource_keywords:      0
    SUM (r/or/o)source lines:   11
    All "option env" attr:      0
    -----------------------------------------------------------------------
    Transformer Output:         21 lines
    -----------------------------------------------------------------------
        Added new bc of def_*:           0
        Added new bc of glob:            0
        Added new bc of config_default:  0
        Added new bc of named choice:    0
        Removed bc of config_default:    0
        Removed bc of named choice:      0
        Removed no match for o(r)source: 0
        Removed optional choice attr:    0
        Removed bool     choice attr:    0
        Removed tristate choice attr:    0
Excel saved: /home/ljd/wsMA_prototyp/transform_projects/transform_riot/RIOT_log/results6.xlsx
        Done writting 21 lines in /home/ljd/wsMA_prototyp/transform_projects/transform_riot/RIOT_output/pkg/Kconfig


Reader found: 20 lines in /home/ljd/riot/RIOT/pkg/flashdb/Kconfig
call _transform_lines(lines from reader, input, configdefault dict info)
start transforming 20 input lines
    FILE LOG --------------------------------------------------------------
    Reader input                20 lines
    -----------------------------------------------------------------------
    All source without glob:    0
    All source using glob:      0
    All osource_keywords:       0
    All rsource_keywords:       0
    All orsource_keywords:      0
    SUM (r/or/o)source lines:   0
    All "option env" attr:      0
    -----------------------------------------------------------------------
    Transformer Output:         20 lines
    -----------------------------------------------------------------------
        Added new bc of def_*:           0
        Added new bc of glob:            0
        Added new bc of config_default:  0
        Added new bc of named choice:    0
        Removed bc of config_default:    0
        Removed bc of named choice:      0
        Removed no match for o(r)source: 0
        Removed optional choice attr:    0
        Removed bool     choice attr:    0
        Removed tristate choice attr:    0
Excel saved: /home/ljd/wsMA_prototyp/transform_projects/transform_riot/RIOT_log/results6.xlsx
        Done writting 20 lines in /home/ljd/wsMA_prototyp/transform_projects/transform_riot/RIOT_output/pkg/flashdb/Kconfig


Reader found: 70 lines in /home/ljd/riot/RIOT/pkg/libfixmath/Kconfig
call _transform_lines(lines from reader, input, configdefault dict info)
start transforming 70 input lines
    FILE LOG --------------------------------------------------------------
    Reader input                70 lines
    -----------------------------------------------------------------------
    All source without glob:    0
    All source using glob:      0
    All osource_keywords:       0
    All rsource_keywords:       0
    All orsource_keywords:      0
    SUM (r/or/o)source lines:   0
    All "option env" attr:      0
    -----------------------------------------------------------------------
    Transformer Output:         70 lines
    -----------------------------------------------------------------------
        Added new bc of def_*:           0
        Added new bc of glob:            0
        Added new bc of config_default:  0
        Added new bc of named choice:    0
        Removed bc of config_default:    0
        Removed bc of named choice:      0
        Removed no match for o(r)source: 0
        Removed optional choice attr:    0
        Removed bool     choice attr:    0
        Removed tristate choice attr:    0
Excel saved: /home/ljd/wsMA_prototyp/transform_projects/transform_riot/RIOT_log/results6.xlsx
        Done writting 70 lines in /home/ljd/wsMA_prototyp/transform_projects/transform_riot/RIOT_output/pkg/libfixmath/Kconfig


Reader found: 34 lines in /home/ljd/riot/RIOT/pkg/libschc/Kconfig
call _transform_lines(lines from reader, input, configdefault dict info)
start transforming 34 input lines
    FILE LOG --------------------------------------------------------------
    Reader input                34 lines
    -----------------------------------------------------------------------
    All source without glob:    0
    All source using glob:      0
    All osource_keywords:       0
    All rsource_keywords:       0
    All orsource_keywords:      0
    SUM (r/or/o)source lines:   0
    All "option env" attr:      0
    -----------------------------------------------------------------------
    Transformer Output:         34 lines
    -----------------------------------------------------------------------
        Added new bc of def_*:           0
        Added new bc of glob:            0
        Added new bc of config_default:  0
        Added new bc of named choice:    0
        Removed bc of config_default:    0
        Removed bc of named choice:      0
        Removed no match for o(r)source: 0
        Removed optional choice attr:    0
        Removed bool     choice attr:    0
        Removed tristate choice attr:    0
Excel saved: /home/ljd/wsMA_prototyp/transform_projects/transform_riot/RIOT_log/results6.xlsx
        Done writting 34 lines in /home/ljd/wsMA_prototyp/transform_projects/transform_riot/RIOT_output/pkg/libschc/Kconfig


Reader found: 52 lines in /home/ljd/riot/RIOT/pkg/littlefs2/Kconfig
call _transform_lines(lines from reader, input, configdefault dict info)
start transforming 52 input lines
    FILE LOG --------------------------------------------------------------
    Reader input                52 lines
    -----------------------------------------------------------------------
    All source without glob:    0
    All source using glob:      0
    All osource_keywords:       0
    All rsource_keywords:       0
    All orsource_keywords:      0
    SUM (r/or/o)source lines:   0
    All "option env" attr:      0
    -----------------------------------------------------------------------
    Transformer Output:         52 lines
    -----------------------------------------------------------------------
        Added new bc of def_*:           0
        Added new bc of glob:            0
        Added new bc of config_default:  0
        Added new bc of named choice:    0
        Removed bc of config_default:    0
        Removed bc of named choice:      0
        Removed no match for o(r)source: 0
        Removed optional choice attr:    0
        Removed bool     choice attr:    0
        Removed tristate choice attr:    0
Excel saved: /home/ljd/wsMA_prototyp/transform_projects/transform_riot/RIOT_log/results6.xlsx
        Done writting 52 lines in /home/ljd/wsMA_prototyp/transform_projects/transform_riot/RIOT_output/pkg/littlefs2/Kconfig


Reader found: 21 lines in /home/ljd/riot/RIOT/pkg/lvgl/Kconfig
call _transform_lines(lines from reader, input, configdefault dict info)
start transforming 21 input lines
    GLOB LOG ----------------------------------------------------------------------------
    Resolve osource: $(PKGDIRBASE)/lvgl/Kconfig at line 21
      no files found for the: $(PKGDIRBASE)/lvgl/Kconfig
    FILE LOG --------------------------------------------------------------
    Reader input                21 lines
    -----------------------------------------------------------------------
    All source without glob:    0
    All source using glob:      0
    All osource_keywords:       1
    All rsource_keywords:       0
    All orsource_keywords:      0
    SUM (r/or/o)source lines:   1
    All "option env" attr:      0
    -----------------------------------------------------------------------
    Transformer Output:         20 lines
    -----------------------------------------------------------------------
        Added new bc of def_*:           0
        Added new bc of glob:            0
        Added new bc of config_default:  0
        Added new bc of named choice:    0
        Removed bc of config_default:    0
        Removed bc of named choice:      0
        Removed no match for o(r)source: 1
        Removed optional choice attr:    0
        Removed bool     choice attr:    0
        Removed tristate choice attr:    0
Excel saved: /home/ljd/wsMA_prototyp/transform_projects/transform_riot/RIOT_log/results6.xlsx
        Done writting 20 lines in /home/ljd/wsMA_prototyp/transform_projects/transform_riot/RIOT_output/pkg/lvgl/Kconfig


Reader found: 62 lines in /home/ljd/riot/RIOT/pkg/mbedtls/Kconfig
call _transform_lines(lines from reader, input, configdefault dict info)
start transforming 62 input lines
    GLOB LOG ----------------------------------------------------------------------------
    Resolve rsource: contrib/entropy/Kconfig at line 60
      -> pkg/mbedtls/contrib/entropy/Kconfig
    Files matching: 1 (using rsource)
    FILE LOG --------------------------------------------------------------
    Reader input                62 lines
    -----------------------------------------------------------------------
    All source without glob:    0
    All source using glob:      0
    All osource_keywords:       0
    All rsource_keywords:       1
    All orsource_keywords:      0
    SUM (r/or/o)source lines:   1
    All "option env" attr:      0
    -----------------------------------------------------------------------
    Transformer Output:         62 lines
    -----------------------------------------------------------------------
        Added new bc of def_*:           0
        Added new bc of glob:            0
        Added new bc of config_default:  0
        Added new bc of named choice:    0
        Removed bc of config_default:    0
        Removed bc of named choice:      0
        Removed no match for o(r)source: 0
        Removed optional choice attr:    0
        Removed bool     choice attr:    0
        Removed tristate choice attr:    0
Excel saved: /home/ljd/wsMA_prototyp/transform_projects/transform_riot/RIOT_log/results6.xlsx
        Done writting 62 lines in /home/ljd/wsMA_prototyp/transform_projects/transform_riot/RIOT_output/pkg/mbedtls/Kconfig


Reader found: 39 lines in /home/ljd/riot/RIOT/pkg/mbedtls/contrib/entropy/Kconfig
call _transform_lines(lines from reader, input, configdefault dict info)
start transforming 39 input lines
    FILE LOG --------------------------------------------------------------
    Reader input                39 lines
    -----------------------------------------------------------------------
    All source without glob:    0
    All source using glob:      0
    All osource_keywords:       0
    All rsource_keywords:       0
    All orsource_keywords:      0
    SUM (r/or/o)source lines:   0
    All "option env" attr:      0
    -----------------------------------------------------------------------
    Transformer Output:         39 lines
    -----------------------------------------------------------------------
        Added new bc of def_*:           0
        Added new bc of glob:            0
        Added new bc of config_default:  0
        Added new bc of named choice:    0
        Removed bc of config_default:    0
        Removed bc of named choice:      0
        Removed no match for o(r)source: 0
        Removed optional choice attr:    0
        Removed bool     choice attr:    0
        Removed tristate choice attr:    0
Excel saved: /home/ljd/wsMA_prototyp/transform_projects/transform_riot/RIOT_log/results6.xlsx
        Done writting 39 lines in /home/ljd/wsMA_prototyp/transform_projects/transform_riot/RIOT_output/pkg/mbedtls/contrib/entropy/Kconfig


Reader found: 8 lines in /home/ljd/riot/RIOT/pkg/semtech-loramac/Kconfig
call _transform_lines(lines from reader, input, configdefault dict info)
start transforming 8 input lines
    FILE LOG --------------------------------------------------------------
    Reader input                8 lines
    -----------------------------------------------------------------------
    All source without glob:    0
    All source using glob:      0
    All osource_keywords:       0
    All rsource_keywords:       0
    All orsource_keywords:      0
    SUM (r/or/o)source lines:   0
    All "option env" attr:      0
    -----------------------------------------------------------------------
    Transformer Output:         8 lines
    -----------------------------------------------------------------------
        Added new bc of def_*:           0
        Added new bc of glob:            0
        Added new bc of config_default:  0
        Added new bc of named choice:    0
        Removed bc of config_default:    0
        Removed bc of named choice:      0
        Removed no match for o(r)source: 0
        Removed optional choice attr:    0
        Removed bool     choice attr:    0
        Removed tristate choice attr:    0
Excel saved: /home/ljd/wsMA_prototyp/transform_projects/transform_riot/RIOT_log/results6.xlsx
        Done writting 8 lines in /home/ljd/wsMA_prototyp/transform_projects/transform_riot/RIOT_output/pkg/semtech-loramac/Kconfig


Reader found: 40 lines in /home/ljd/riot/RIOT/pkg/tinydtls/Kconfig
call _transform_lines(lines from reader, input, configdefault dict info)
start transforming 40 input lines
    FILE LOG --------------------------------------------------------------
    Reader input                40 lines
    -----------------------------------------------------------------------
    All source without glob:    0
    All source using glob:      0
    All osource_keywords:       0
    All rsource_keywords:       0
    All orsource_keywords:      0
    SUM (r/or/o)source lines:   0
    All "option env" attr:      0
    -----------------------------------------------------------------------
    Transformer Output:         40 lines
    -----------------------------------------------------------------------
        Added new bc of def_*:           0
        Added new bc of glob:            0
        Added new bc of config_default:  0
        Added new bc of named choice:    0
        Removed bc of config_default:    0
        Removed bc of named choice:      0
        Removed no match for o(r)source: 0
        Removed optional choice attr:    0
        Removed bool     choice attr:    0
        Removed tristate choice attr:    0
Excel saved: /home/ljd/wsMA_prototyp/transform_projects/transform_riot/RIOT_log/results6.xlsx
        Done writting 40 lines in /home/ljd/wsMA_prototyp/transform_projects/transform_riot/RIOT_output/pkg/tinydtls/Kconfig


Reader found: 48 lines in /home/ljd/riot/RIOT/pkg/tinyusb/Kconfig
call _transform_lines(lines from reader, input, configdefault dict info)
start transforming 48 input lines
    GLOB LOG ----------------------------------------------------------------------------
    Resolve rsource: Kconfig.cdc at line 12
      -> pkg/tinyusb/Kconfig.cdc
    Files matching: 1 (using rsource)
    GLOB LOG ----------------------------------------------------------------------------
    Resolve rsource: dfu/Kconfig.dfu at line 13
      -> pkg/tinyusb/dfu/Kconfig.dfu
    Files matching: 1 (using rsource)
    GLOB LOG ----------------------------------------------------------------------------
    Resolve rsource: dfu/Kconfig.dfu_rt at line 14
      -> pkg/tinyusb/dfu/Kconfig.dfu_rt
    Files matching: 1 (using rsource)
    GLOB LOG ----------------------------------------------------------------------------
    Resolve rsource: Kconfig.hid at line 15
      -> pkg/tinyusb/Kconfig.hid
    Files matching: 1 (using rsource)
    GLOB LOG ----------------------------------------------------------------------------
    Resolve rsource: Kconfig.msc at line 16
      -> pkg/tinyusb/Kconfig.msc
    Files matching: 1 (using rsource)
    FILE LOG --------------------------------------------------------------
    Reader input                48 lines
    -----------------------------------------------------------------------
    All source without glob:    0
    All source using glob:      0
    All osource_keywords:       0
    All rsource_keywords:       5
    All orsource_keywords:      0
    SUM (r/or/o)source lines:   5
    All "option env" attr:      0
    -----------------------------------------------------------------------
    Transformer Output:         48 lines
    -----------------------------------------------------------------------
        Added new bc of def_*:           0
        Added new bc of glob:            0
        Added new bc of config_default:  0
        Added new bc of named choice:    0
        Removed bc of config_default:    0
        Removed bc of named choice:      0
        Removed no match for o(r)source: 0
        Removed optional choice attr:    0
        Removed bool     choice attr:    0
        Removed tristate choice attr:    0
Excel saved: /home/ljd/wsMA_prototyp/transform_projects/transform_riot/RIOT_log/results6.xlsx
        Done writting 48 lines in /home/ljd/wsMA_prototyp/transform_projects/transform_riot/RIOT_output/pkg/tinyusb/Kconfig


Reader found: 37 lines in /home/ljd/riot/RIOT/pkg/tinyusb/Kconfig.cdc
call _transform_lines(lines from reader, input, configdefault dict info)
start transforming 37 input lines
    FILE LOG --------------------------------------------------------------
    Reader input                37 lines
    -----------------------------------------------------------------------
    All source without glob:    0
    All source using glob:      0
    All osource_keywords:       0
    All rsource_keywords:       0
    All orsource_keywords:      0
    SUM (r/or/o)source lines:   0
    All "option env" attr:      0
    -----------------------------------------------------------------------
    Transformer Output:         37 lines
    -----------------------------------------------------------------------
        Added new bc of def_*:           0
        Added new bc of glob:            0
        Added new bc of config_default:  0
        Added new bc of named choice:    0
        Removed bc of config_default:    0
        Removed bc of named choice:      0
        Removed no match for o(r)source: 0
        Removed optional choice attr:    0
        Removed bool     choice attr:    0
        Removed tristate choice attr:    0
Excel saved: /home/ljd/wsMA_prototyp/transform_projects/transform_riot/RIOT_log/results6.xlsx
        Done writting 37 lines in /home/ljd/wsMA_prototyp/transform_projects/transform_riot/RIOT_output/pkg/tinyusb/Kconfig.cdc


Reader found: 46 lines in /home/ljd/riot/RIOT/pkg/tinyusb/dfu/Kconfig.dfu
call _transform_lines(lines from reader, input, configdefault dict info)
start transforming 46 input lines
    FILE LOG --------------------------------------------------------------
    Reader input                46 lines
    -----------------------------------------------------------------------
    All source without glob:    0
    All source using glob:      0
    All osource_keywords:       0
    All rsource_keywords:       0
    All orsource_keywords:      0
    SUM (r/or/o)source lines:   0
    All "option env" attr:      0
    -----------------------------------------------------------------------
    Transformer Output:         46 lines
    -----------------------------------------------------------------------
        Added new bc of def_*:           0
        Added new bc of glob:            0
        Added new bc of config_default:  0
        Added new bc of named choice:    0
        Removed bc of config_default:    0
        Removed bc of named choice:      0
        Removed no match for o(r)source: 0
        Removed optional choice attr:    0
        Removed bool     choice attr:    0
        Removed tristate choice attr:    0
Excel saved: /home/ljd/wsMA_prototyp/transform_projects/transform_riot/RIOT_log/results6.xlsx
        Done writting 46 lines in /home/ljd/wsMA_prototyp/transform_projects/transform_riot/RIOT_output/pkg/tinyusb/dfu/Kconfig.dfu


Reader found: 26 lines in /home/ljd/riot/RIOT/pkg/tinyusb/dfu/Kconfig.dfu_rt
call _transform_lines(lines from reader, input, configdefault dict info)
start transforming 26 input lines
    FILE LOG --------------------------------------------------------------
    Reader input                26 lines
    -----------------------------------------------------------------------
    All source without glob:    0
    All source using glob:      0
    All osource_keywords:       0
    All rsource_keywords:       0
    All orsource_keywords:      0
    SUM (r/or/o)source lines:   0
    All "option env" attr:      0
    -----------------------------------------------------------------------
    Transformer Output:         26 lines
    -----------------------------------------------------------------------
        Added new bc of def_*:           0
        Added new bc of glob:            0
        Added new bc of config_default:  0
        Added new bc of named choice:    0
        Removed bc of config_default:    0
        Removed bc of named choice:      0
        Removed no match for o(r)source: 0
        Removed optional choice attr:    0
        Removed bool     choice attr:    0
        Removed tristate choice attr:    0
Excel saved: /home/ljd/wsMA_prototyp/transform_projects/transform_riot/RIOT_log/results6.xlsx
        Done writting 26 lines in /home/ljd/wsMA_prototyp/transform_projects/transform_riot/RIOT_output/pkg/tinyusb/dfu/Kconfig.dfu_rt


Reader found: 39 lines in /home/ljd/riot/RIOT/pkg/tinyusb/Kconfig.hid
call _transform_lines(lines from reader, input, configdefault dict info)
start transforming 39 input lines
    FILE LOG --------------------------------------------------------------
    Reader input                39 lines
    -----------------------------------------------------------------------
    All source without glob:    0
    All source using glob:      0
    All osource_keywords:       0
    All rsource_keywords:       0
    All orsource_keywords:      0
    SUM (r/or/o)source lines:   0
    All "option env" attr:      0
    -----------------------------------------------------------------------
    Transformer Output:         39 lines
    -----------------------------------------------------------------------
        Added new bc of def_*:           0
        Added new bc of glob:            0
        Added new bc of config_default:  0
        Added new bc of named choice:    0
        Removed bc of config_default:    0
        Removed bc of named choice:      0
        Removed no match for o(r)source: 0
        Removed optional choice attr:    0
        Removed bool     choice attr:    0
        Removed tristate choice attr:    0
Excel saved: /home/ljd/wsMA_prototyp/transform_projects/transform_riot/RIOT_log/results6.xlsx
        Done writting 39 lines in /home/ljd/wsMA_prototyp/transform_projects/transform_riot/RIOT_output/pkg/tinyusb/Kconfig.hid


Reader found: 27 lines in /home/ljd/riot/RIOT/pkg/tinyusb/Kconfig.msc
call _transform_lines(lines from reader, input, configdefault dict info)
start transforming 27 input lines
    FILE LOG --------------------------------------------------------------
    Reader input                27 lines
    -----------------------------------------------------------------------
    All source without glob:    0
    All source using glob:      0
    All osource_keywords:       0
    All rsource_keywords:       0
    All orsource_keywords:      0
    SUM (r/or/o)source lines:   0
    All "option env" attr:      0
    -----------------------------------------------------------------------
    Transformer Output:         27 lines
    -----------------------------------------------------------------------
        Added new bc of def_*:           0
        Added new bc of glob:            0
        Added new bc of config_default:  0
        Added new bc of named choice:    0
        Removed bc of config_default:    0
        Removed bc of named choice:      0
        Removed no match for o(r)source: 0
        Removed optional choice attr:    0
        Removed bool     choice attr:    0
        Removed tristate choice attr:    0
Excel saved: /home/ljd/wsMA_prototyp/transform_projects/transform_riot/RIOT_log/results6.xlsx
        Done writting 27 lines in /home/ljd/wsMA_prototyp/transform_projects/transform_riot/RIOT_output/pkg/tinyusb/Kconfig.msc


Reader found: 28 lines in /home/ljd/riot/RIOT/pkg/tinyvcdiff/Kconfig
call _transform_lines(lines from reader, input, configdefault dict info)
start transforming 28 input lines
    FILE LOG --------------------------------------------------------------
    Reader input                28 lines
    -----------------------------------------------------------------------
    All source without glob:    0
    All source using glob:      0
    All osource_keywords:       0
    All rsource_keywords:       0
    All orsource_keywords:      0
    SUM (r/or/o)source lines:   0
    All "option env" attr:      0
    -----------------------------------------------------------------------
    Transformer Output:         28 lines
    -----------------------------------------------------------------------
        Added new bc of def_*:           0
        Added new bc of glob:            0
        Added new bc of config_default:  0
        Added new bc of named choice:    0
        Removed bc of config_default:    0
        Removed bc of named choice:      0
        Removed no match for o(r)source: 0
        Removed optional choice attr:    0
        Removed bool     choice attr:    0
        Removed tristate choice attr:    0
Excel saved: /home/ljd/wsMA_prototyp/transform_projects/transform_riot/RIOT_log/results6.xlsx
        Done writting 28 lines in /home/ljd/wsMA_prototyp/transform_projects/transform_riot/RIOT_output/pkg/tinyvcdiff/Kconfig


Reader found: 73 lines in /home/ljd/riot/RIOT/pkg/wakaama/Kconfig
call _transform_lines(lines from reader, input, configdefault dict info)
start transforming 73 input lines
    GLOB LOG ----------------------------------------------------------------------------
    Resolve rsource: contrib/objects/Kconfig at line 22
      -> pkg/wakaama/contrib/objects/Kconfig
    Files matching: 1 (using rsource)
    FILE LOG --------------------------------------------------------------
    Reader input                73 lines
    -----------------------------------------------------------------------
    All source without glob:    0
    All source using glob:      0
    All osource_keywords:       0
    All rsource_keywords:       1
    All orsource_keywords:      0
    SUM (r/or/o)source lines:   1
    All "option env" attr:      0
    -----------------------------------------------------------------------
    Transformer Output:         73 lines
    -----------------------------------------------------------------------
        Added new bc of def_*:           0
        Added new bc of glob:            0
        Added new bc of config_default:  0
        Added new bc of named choice:    0
        Removed bc of config_default:    0
        Removed bc of named choice:      0
        Removed no match for o(r)source: 0
        Removed optional choice attr:    0
        Removed bool     choice attr:    0
        Removed tristate choice attr:    0
Excel saved: /home/ljd/wsMA_prototyp/transform_projects/transform_riot/RIOT_log/results6.xlsx
        Done writting 73 lines in /home/ljd/wsMA_prototyp/transform_projects/transform_riot/RIOT_output/pkg/wakaama/Kconfig


Reader found: 15 lines in /home/ljd/riot/RIOT/pkg/wakaama/contrib/objects/Kconfig
call _transform_lines(lines from reader, input, configdefault dict info)
start transforming 15 input lines
    GLOB LOG ----------------------------------------------------------------------------
    Resolve rsource: Kconfig.device at line 10
      -> pkg/wakaama/contrib/objects/Kconfig.device
    Files matching: 1 (using rsource)
    GLOB LOG ----------------------------------------------------------------------------
    Resolve rsource: Kconfig.security at line 11
      -> pkg/wakaama/contrib/objects/Kconfig.security
    Files matching: 1 (using rsource)
    GLOB LOG ----------------------------------------------------------------------------
    Resolve rsource: Kconfig.ipso at line 12
      -> pkg/wakaama/contrib/objects/Kconfig.ipso
    Files matching: 1 (using rsource)
    GLOB LOG ----------------------------------------------------------------------------
    Resolve rsource: Kconfig.light_control at line 13
      -> pkg/wakaama/contrib/objects/Kconfig.light_control
    Files matching: 1 (using rsource)
    FILE LOG --------------------------------------------------------------
    Reader input                15 lines
    -----------------------------------------------------------------------
    All source without glob:    0
    All source using glob:      0
    All osource_keywords:       0
    All rsource_keywords:       4
    All orsource_keywords:      0
    SUM (r/or/o)source lines:   4
    All "option env" attr:      0
    -----------------------------------------------------------------------
    Transformer Output:         15 lines
    -----------------------------------------------------------------------
        Added new bc of def_*:           0
        Added new bc of glob:            0
        Added new bc of config_default:  0
        Added new bc of named choice:    0
        Removed bc of config_default:    0
        Removed bc of named choice:      0
        Removed no match for o(r)source: 0
        Removed optional choice attr:    0
        Removed bool     choice attr:    0
        Removed tristate choice attr:    0
Excel saved: /home/ljd/wsMA_prototyp/transform_projects/transform_riot/RIOT_log/results6.xlsx
        Done writting 15 lines in /home/ljd/wsMA_prototyp/transform_projects/transform_riot/RIOT_output/pkg/wakaama/contrib/objects/Kconfig


Reader found: 68 lines in /home/ljd/riot/RIOT/pkg/wakaama/contrib/objects/Kconfig.device
call _transform_lines(lines from reader, input, configdefault dict info)
start transforming 68 input lines
    current_indx: 10 - choice_attr_end: 13
    FILE LOG --------------------------------------------------------------
    Reader input                68 lines
    -----------------------------------------------------------------------
    All source without glob:    0
    All source using glob:      0
    All osource_keywords:       0
    All rsource_keywords:       0
    All orsource_keywords:      0
    SUM (r/or/o)source lines:   0
    All "option env" attr:      0
    -----------------------------------------------------------------------
    Transformer Output:         68 lines
    -----------------------------------------------------------------------
        Added new bc of def_*:           0
        Added new bc of glob:            0
        Added new bc of config_default:  0
        Added new bc of named choice:    0
        Removed bc of config_default:    0
        Removed bc of named choice:      0
        Removed no match for o(r)source: 0
        Removed optional choice attr:    0
        Removed bool     choice attr:    0
        Removed tristate choice attr:    0
Excel saved: /home/ljd/wsMA_prototyp/transform_projects/transform_riot/RIOT_log/results6.xlsx
        Done writting 68 lines in /home/ljd/wsMA_prototyp/transform_projects/transform_riot/RIOT_output/pkg/wakaama/contrib/objects/Kconfig.device


Reader found: 26 lines in /home/ljd/riot/RIOT/pkg/wakaama/contrib/objects/Kconfig.security
call _transform_lines(lines from reader, input, configdefault dict info)
start transforming 26 input lines
    FILE LOG --------------------------------------------------------------
    Reader input                26 lines
    -----------------------------------------------------------------------
    All source without glob:    0
    All source using glob:      0
    All osource_keywords:       0
    All rsource_keywords:       0
    All orsource_keywords:      0
    SUM (r/or/o)source lines:   0
    All "option env" attr:      0
    -----------------------------------------------------------------------
    Transformer Output:         26 lines
    -----------------------------------------------------------------------
        Added new bc of def_*:           0
        Added new bc of glob:            0
        Added new bc of config_default:  0
        Added new bc of named choice:    0
        Removed bc of config_default:    0
        Removed bc of named choice:      0
        Removed no match for o(r)source: 0
        Removed optional choice attr:    0
        Removed bool     choice attr:    0
        Removed tristate choice attr:    0
Excel saved: /home/ljd/wsMA_prototyp/transform_projects/transform_riot/RIOT_log/results6.xlsx
        Done writting 26 lines in /home/ljd/wsMA_prototyp/transform_projects/transform_riot/RIOT_output/pkg/wakaama/contrib/objects/Kconfig.security


Reader found: 62 lines in /home/ljd/riot/RIOT/pkg/wakaama/contrib/objects/Kconfig.ipso
call _transform_lines(lines from reader, input, configdefault dict info)
start transforming 62 input lines
    FILE LOG --------------------------------------------------------------
    Reader input                62 lines
    -----------------------------------------------------------------------
    All source without glob:    0
    All source using glob:      0
    All osource_keywords:       0
    All rsource_keywords:       0
    All orsource_keywords:      0
    SUM (r/or/o)source lines:   0
    All "option env" attr:      0
    -----------------------------------------------------------------------
    Transformer Output:         62 lines
    -----------------------------------------------------------------------
        Added new bc of def_*:           0
        Added new bc of glob:            0
        Added new bc of config_default:  0
        Added new bc of named choice:    0
        Removed bc of config_default:    0
        Removed bc of named choice:      0
        Removed no match for o(r)source: 0
        Removed optional choice attr:    0
        Removed bool     choice attr:    0
        Removed tristate choice attr:    0
Excel saved: /home/ljd/wsMA_prototyp/transform_projects/transform_riot/RIOT_log/results6.xlsx
        Done writting 62 lines in /home/ljd/wsMA_prototyp/transform_projects/transform_riot/RIOT_output/pkg/wakaama/contrib/objects/Kconfig.ipso


Reader found: 22 lines in /home/ljd/riot/RIOT/pkg/wakaama/contrib/objects/Kconfig.light_control
call _transform_lines(lines from reader, input, configdefault dict info)
start transforming 22 input lines
    FILE LOG --------------------------------------------------------------
    Reader input                22 lines
    -----------------------------------------------------------------------
    All source without glob:    0
    All source using glob:      0
    All osource_keywords:       0
    All rsource_keywords:       0
    All orsource_keywords:      0
    SUM (r/or/o)source lines:   0
    All "option env" attr:      0
    -----------------------------------------------------------------------
    Transformer Output:         22 lines
    -----------------------------------------------------------------------
        Added new bc of def_*:           0
        Added new bc of glob:            0
        Added new bc of config_default:  0
        Added new bc of named choice:    0
        Removed bc of config_default:    0
        Removed bc of named choice:      0
        Removed no match for o(r)source: 0
        Removed optional choice attr:    0
        Removed bool     choice attr:    0
        Removed tristate choice attr:    0
Excel saved: /home/ljd/wsMA_prototyp/transform_projects/transform_riot/RIOT_log/results6.xlsx
        Done writting 22 lines in /home/ljd/wsMA_prototyp/transform_projects/transform_riot/RIOT_output/pkg/wakaama/contrib/objects/Kconfig.light_control


Reader found: 1 lines in /home/ljd/riot/RIOT/examples/basic/hello-world/bin/native64/generated/Kconfig.external_modules
call _transform_lines(lines from reader, input, configdefault dict info)
start transforming 1 input lines
    FILE LOG --------------------------------------------------------------
    Reader input                1 lines
    -----------------------------------------------------------------------
    All source without glob:    0
    All source using glob:      0
    All osource_keywords:       0
    All rsource_keywords:       0
    All orsource_keywords:      0
    SUM (r/or/o)source lines:   0
    All "option env" attr:      0
    -----------------------------------------------------------------------
    Transformer Output:         1 lines
    -----------------------------------------------------------------------
        Added new bc of def_*:           0
        Added new bc of glob:            0
        Added new bc of config_default:  0
        Added new bc of named choice:    0
        Removed bc of config_default:    0
        Removed bc of named choice:      0
        Removed no match for o(r)source: 0
        Removed optional choice attr:    0
        Removed bool     choice attr:    0
        Removed tristate choice attr:    0
Excel saved: /home/ljd/wsMA_prototyp/transform_projects/transform_riot/RIOT_log/results6.xlsx
        Done writting 1 lines in /home/ljd/wsMA_prototyp/transform_projects/transform_riot/RIOT_output/examples/basic/hello-world/bin/native64/generated/Kconfig.external_modules


Reader found: 1 lines in /home/ljd/riot/RIOT/examples/basic/hello-world/bin/native64/generated/Kconfig.external_pkgs
call _transform_lines(lines from reader, input, configdefault dict info)
start transforming 1 input lines
    FILE LOG --------------------------------------------------------------
    Reader input                1 lines
    -----------------------------------------------------------------------
    All source without glob:    0
    All source using glob:      0
    All osource_keywords:       0
    All rsource_keywords:       0
    All orsource_keywords:      0
    SUM (r/or/o)source lines:   0
    All "option env" attr:      0
    -----------------------------------------------------------------------
    Transformer Output:         1 lines
    -----------------------------------------------------------------------
        Added new bc of def_*:           0
        Added new bc of glob:            0
        Added new bc of config_default:  0
        Added new bc of named choice:    0
        Removed bc of config_default:    0
        Removed bc of named choice:      0
        Removed no match for o(r)source: 0
        Removed optional choice attr:    0
        Removed bool     choice attr:    0
        Removed tristate choice attr:    0
Excel saved: /home/ljd/wsMA_prototyp/transform_projects/transform_riot/RIOT_log/results6.xlsx
        Done writting 1 lines in /home/ljd/wsMA_prototyp/transform_projects/transform_riot/RIOT_output/examples/basic/hello-world/bin/native64/generated/Kconfig.external_pkgs
----------------------------------------------------------------------
finished transforming: 166 files transformed
----------------------------------------------------------------------
Overall parser info: 
    -> ExParserContext - unique options: 843
    -> ExParserContext - configdefaults: 0 ()
    -> ExParserContext - unique choices: 45
    -> ExParserContext - named choices:  1
----------------------------------------------------------------------
    option modules: 0
----------------------------------------------------------------------
count options/attr that are not transformed: 
    allnoconfig_y:  0
    defconfig_list: 0
    warning:        0
    set:            0
    set default:    0
----------------------------------------------------------------------
count changes that don't affect the output size: 
        Changed inline prompt choice:    83
        Changed typ of choice element:   0
----------------------------------------------------------------------
Attr --help--: 0
Attr boolean: 0

====================================================================================================
TIMER REPORT:
====================================================================================================
    Parser initialization.............................    0.004097s
    Got parser results................................    0.161673s
    Built context from parser results.................    0.006058s
    File transformation and excel log.................    8.795350s
----------------------------------------------------------------------------------------------------
    TOTAL TIME........................................   8.967179s ~ 8.97s
====================================================================================================
