====================================================================================================
TRANSFORMATION PROTOTYP LOG
====================================================================================================
/home/ljd/wsMA_prototyp/transform_projects/transform_riot/RIOT_log/transform3.log
====================================================================================================
Root: /home/ljd/riot/RIOT
Main file: Kconfig
Output dir: /home/ljd/wsMA_prototyp/transform_projects/transform_riot/RIOT_output
====================================================================================================
<zrtos_parser.ZRTOSParser object at 0x71a9b7307fb0>
Defined symbols: 851
Unique symbols: 843
Files: 166

2. Build ExtParserContext FROM PARSER RESULTS
 Transformer used: ZRTOS
 call different attributes on options found in parser_result['unique_defined_syms']
====================================================================================================
Build context finished
    get_all_source_files: 

3. Filter ExtParserContext
extract all configdefault options and for each get transformed lines and last config
extract infos for named choices - their definition & entries
def dependencies extr: [['USEMODULE_AT'], ['AT86RF215_OQPSK', 'USEMODULE_AT86RF215'], ['AT86RF215_MR_OFDM', 'USEMODULE_AT86RF215'], ['AT86RF215_MR_FSK', 'USEMODULE_AT86RF215'], ['AT86RF215_MR_FSK', 'USEMODULE_AT86RF215'], ['AT86RF215_MR_FSK', 'USEMODULE_AT86RF215'], ['USEMODULE_L3GXXXX'], ['USEMODULE_L3GXXXX'], ['USEMODULE_L3GXXXX'], ['USEMODULE_L3GXXXX_FIFO', 'USEMODULE_L3GXXXX'], ['USEMODULE_L3GXXXX_IRQ_EVENT', 'USEMODULE_L3GXXXX'], ['USEMODULE_LM75'], ['USEMODULE_LM75'], ['USEMODULE_LM75'], ['USEMODULE_LM75'], ['USEMODULE_TMP1075', 'USEMODULE_LM75'], ['USEMODULE_OPT3001'], ['USEMODULE_SHT2X'], ['USEMODULE_SHT2X'], ['USEMODULE_TMP00X'], ['USEMODULE_VL6180X_RNG', 'USEMODULE_VL6180X_IRQ', 'USEMODULE_VL6180X'], ['USEMODULE_VL6180X_ALS', 'USEMODULE_VL6180X_IRQ', 'USEMODULE_VL6180X'], ['USEMODULE_ENTROPY_SOURCE_ADC_NOISE', 'USEMODULE_ENTROPY_SOURCE'], ['FIDO2_CTAP_DISABLE_UP', 'USEMODULE_FIDO2_CTAP', 'USEMODULE_FIDO2'], ['FIDO2_CTAP_DISABLE_UP', 'USEMODULE_FIDO2_CTAP', 'USEMODULE_FIDO2'], ['USEMODULE_GNRC_RPL', 'USEMODULE_GNRC'], ['USEMODULE_IEEE802154'], ['USEMODULE_GNRC_LORAWAN', 'USEPKG_SEMTECH_LORAMAC', 'USEMODULE_LORAWAN'], ['USEMODULE_GNRC_LORAWAN', 'USEMODULE_LORAWAN'], ['USEMODULE_GNRC_LORAWAN', 'USEPKG_SEMTECH_LORAMAC', 'USEMODULE_LORAWAN'], ['USEMODULE_LORAWAN'], ['USEMODULE_RN2XX3', 'USEMODULE_LORAWAN'], ['USEMODULE_LORAWAN'], ['LORAMAC_REGION_EU_868', 'USEMODULE_GNRC_LORAWAN', 'USEMODULE_RN2XX3', 'USEMODULE_LORAWAN'], ['LORAMAC_REGION_IN_865', 'USEMODULE_GNRC_LORAWAN', 'USEMODULE_RN2XX3', 'USEMODULE_LORAWAN'], ['USEMODULE_LORA'], ['USEMODULE_LORA'], ['USEMODULE_LORA'], ['USEMODULE_USBUS', 'USEMODULE_PERIPH_USBDEV', 'USEMODULE_TINYUSB_DEVICE', 'USEMODULE_USBDEV_MOCK'], ['USEMODULE_USBUS_CDC_ACM', 'USEMODULE_PERIPH_USBDEV', 'USEMODULE_TINYUSB_DEVICE', 'USEMODULE_USBDEV_MOCK'], ['USEPKG_WAKAAMA']]
dep dependencies extr: [['USEMODULE_AT'], ['AT86RF215_OQPSK', 'USEMODULE_AT86RF215'], ['AT86RF215_MR_OQPSK', 'USEMODULE_AT86RF215'], ['AT86RF215_MR_OFDM', 'USEMODULE_AT86RF215'], ['AT86RF215_MR_FSK', 'USEMODULE_AT86RF215'], ['AT86RF215_MR_FSK', 'USEMODULE_AT86RF215'], ['AT86RF215_MR_FSK', 'USEMODULE_AT86RF215'], ['USEMODULE_AT86RF215'], ['USEMODULE_L3GXXXX'], ['USEMODULE_L3GXXXX'], ['USEMODULE_L3GXXXX'], ['L3GXXXX_HPF_ONLY', 'L3GXXXX_HPF_AND_LPF2', 'L3GXXXX_INT1_HPF_ONLY', 'L3GXXXX_INT1_HPF_AND_LPF2', 'USEMODULE_L3GXXXX'], ['USEMODULE_L3GXXXX_FIFO', 'USEMODULE_L3GXXXX'], ['USEMODULE_L3GXXXX_IRQ_EVENT', 'USEMODULE_L3GXXXX'], ['USEMODULE_LM75'], ['USEMODULE_LM75'], ['USEMODULE_LM75'], ['USEMODULE_LM75'], ['USEMODULE_TMP1075', 'USEMODULE_LM75'], ['USEMODULE_OPT3001'], ['USEMODULE_SHT2X'], ['USEMODULE_SHT2X'], ['USEMODULE_TMP00X'], ['USEMODULE_VL6180X_RNG', 'USEMODULE_VL6180X_IRQ', 'USEMODULE_VL6180X'], ['USEMODULE_VL6180X_ALS', 'USEMODULE_VL6180X_IRQ', 'USEMODULE_VL6180X'], ['USEMODULE_ENTROPY_SOURCE_ADC_NOISE', 'USEMODULE_ENTROPY_SOURCE'], ['FIDO2_CTAP_DISABLE_UP', 'USEMODULE_FIDO2_CTAP', 'USEMODULE_FIDO2'], ['FIDO2_CTAP_DISABLE_UP', 'USEMODULE_FIDO2_CTAP', 'USEMODULE_FIDO2'], ['USEMODULE_GNRC_RPL', 'USEMODULE_GNRC'], ['USEMODULE_IEEE802154'], ['USEMODULE_GNRC_LORAWAN', 'USEPKG_SEMTECH_LORAMAC', 'USEMODULE_LORAWAN'], ['USEMODULE_GNRC_LORAWAN', 'USEMODULE_LORAWAN'], ['USEMODULE_GNRC_LORAWAN', 'USEPKG_SEMTECH_LORAMAC', 'USEMODULE_LORAWAN'], ['USEMODULE_LORAWAN'], ['USEMODULE_RN2XX3', 'USEMODULE_LORAWAN'], ['USEMODULE_LORAWAN'], ['USEMODULE_GNRC_LORAWAN', 'USEMODULE_RN2XX3', 'USEMODULE_LORAWAN'], ['USEMODULE_LORA'], ['USEMODULE_LORA'], ['USEMODULE_LORA'], ['USEMODULE_USBUS', 'USEMODULE_PERIPH_USBDEV', 'USEMODULE_TINYUSB_DEVICE', 'USEMODULE_USBDEV_MOCK'], ['USEMODULE_USBUS_CDC_ACM', 'USEMODULE_PERIPH_USBDEV', 'USEMODULE_TINYUSB_DEVICE', 'USEMODULE_USBDEV_MOCK'], ['USEMODULE_PERIPH_USBDEV', 'USEMODULE_TINYUSB_DEVICE', 'USEMODULE_USBDEV_MOCK'], ['USEPKG_WAKAAMA']]


=== _get_all_choice_configs for None ===
  Found 44 definitions:
    [0] file=drivers/at/Kconfig, line=11
    [1] file=drivers/at86rf215/Kconfig, line=19
    [2] file=drivers/at86rf215/Kconfig, line=56
    [3] file=drivers/at86rf215/Kconfig, line=89
    [4] file=drivers/at86rf215/Kconfig, line=137
    [5] file=drivers/at86rf215/Kconfig, line=180
    [6] file=drivers/at86rf215/Kconfig, line=197
    [7] file=drivers/at86rf215/Kconfig, line=220
    [8] file=drivers/l3gxxxx/Kconfig, line=11
    [9] file=drivers/l3gxxxx/Kconfig, line=62
    [10] file=drivers/l3gxxxx/Kconfig, line=91
    [11] file=drivers/l3gxxxx/Kconfig, line=123
    [12] file=drivers/l3gxxxx/Kconfig, line=162
    [13] file=drivers/l3gxxxx/Kconfig, line=283
    [14] file=drivers/lm75/Kconfig, line=14
    [15] file=drivers/lm75/Kconfig, line=29
    [16] file=drivers/lm75/Kconfig, line=50
    [17] file=drivers/lm75/Kconfig, line=65
    [18] file=drivers/lm75/Kconfig, line=91
    [19] file=drivers/opt3001/Kconfig, line=22
    [20] file=drivers/sht2x/Kconfig, line=10
    [21] file=drivers/sht2x/Kconfig, line=26
    [22] file=drivers/tmp00x/Kconfig, line=22
    [23] file=drivers/vl6180x/Kconfig, line=75
    [24] file=drivers/vl6180x/Kconfig, line=121
    [25] file=sys/entropy_source/adc_noise/Kconfig, line=10
    [26] file=sys/fido2/ctap/Kconfig, line=47
    [27] file=sys/fido2/ctap/Kconfig, line=69
    [28] file=sys/net/gnrc/routing/rpl/Kconfig, line=81
    [29] file=sys/net/link_layer/ieee802154/Kconfig, line=10
    [30] file=sys/net/link_layer/Kconfig.lorawan, line=4
    [31] file=sys/net/link_layer/Kconfig.lorawan, line=54
    [32] file=sys/net/link_layer/Kconfig.lorawan, line=179
    [33] file=sys/net/link_layer/Kconfig.lorawan, line=230
    [34] file=sys/net/link_layer/Kconfig.lorawan, line=294
    [35] file=sys/net/link_layer/Kconfig.lorawan, line=369
    [36] file=sys/net/link_layer/Kconfig.lorawan, line=442
    [37] file=sys/net/lora/Kconfig, line=32
    [38] file=sys/net/lora/Kconfig, line=50
    [39] file=sys/net/lora/Kconfig, line=85
    [40] file=sys/usb/usbus/Kconfig, line=18
    [41] file=sys/usb/usbus/cdc/acm/Kconfig, line=21
    [42] file=sys/usb/Kconfig, line=27
    [43] file=pkg/wakaama/contrib/objects/Kconfig.device, line=10

  Processing definition [0]: drivers/at/Kconfig:11
    Looking for file: /home/ljd/riot/RIOT/drivers/at/Kconfig
    File exists, reading...


Reader found: 59 lines in /home/ljd/riot/RIOT/drivers/at/Kconfig
    Read 59 lines
    Found choice at line index 10, line_number=11
  DEBUG: Found choice None at drivers/at/Kconfig:11
  Finished processing definition [0]

  Processing definition [1]: drivers/at86rf215/Kconfig:19
    Looking for file: /home/ljd/riot/RIOT/drivers/at86rf215/Kconfig
    File exists, reading...


Reader found: 309 lines in /home/ljd/riot/RIOT/drivers/at86rf215/Kconfig
    Read 309 lines
    Found choice at line index 18, line_number=19
  DEBUG: Found choice None at drivers/at86rf215/Kconfig:19
  Finished processing definition [1]

  Processing definition [2]: drivers/at86rf215/Kconfig:56
    Looking for file: /home/ljd/riot/RIOT/drivers/at86rf215/Kconfig
    File exists, reading...


Reader found: 309 lines in /home/ljd/riot/RIOT/drivers/at86rf215/Kconfig
    Read 309 lines
    Found choice at line index 55, line_number=56
  DEBUG: Found choice None at drivers/at86rf215/Kconfig:56
  Finished processing definition [2]

  Processing definition [3]: drivers/at86rf215/Kconfig:89
    Looking for file: /home/ljd/riot/RIOT/drivers/at86rf215/Kconfig
    File exists, reading...


Reader found: 309 lines in /home/ljd/riot/RIOT/drivers/at86rf215/Kconfig
    Read 309 lines
    Found choice at line index 88, line_number=89
  DEBUG: Found choice None at drivers/at86rf215/Kconfig:89
  Finished processing definition [3]

  Processing definition [4]: drivers/at86rf215/Kconfig:137
    Looking for file: /home/ljd/riot/RIOT/drivers/at86rf215/Kconfig
    File exists, reading...


Reader found: 309 lines in /home/ljd/riot/RIOT/drivers/at86rf215/Kconfig
    Read 309 lines
    Found choice at line index 136, line_number=137
  DEBUG: Found choice None at drivers/at86rf215/Kconfig:137
  Finished processing definition [4]

  Processing definition [5]: drivers/at86rf215/Kconfig:180
    Looking for file: /home/ljd/riot/RIOT/drivers/at86rf215/Kconfig
    File exists, reading...


Reader found: 309 lines in /home/ljd/riot/RIOT/drivers/at86rf215/Kconfig
    Read 309 lines
    Found choice at line index 179, line_number=180
  DEBUG: Found choice None at drivers/at86rf215/Kconfig:180
  Finished processing definition [5]

  Processing definition [6]: drivers/at86rf215/Kconfig:197
    Looking for file: /home/ljd/riot/RIOT/drivers/at86rf215/Kconfig
    File exists, reading...


Reader found: 309 lines in /home/ljd/riot/RIOT/drivers/at86rf215/Kconfig
    Read 309 lines
    Found choice at line index 196, line_number=197
  DEBUG: Found choice None at drivers/at86rf215/Kconfig:197
  Finished processing definition [6]

  Processing definition [7]: drivers/at86rf215/Kconfig:220
    Looking for file: /home/ljd/riot/RIOT/drivers/at86rf215/Kconfig
    File exists, reading...


Reader found: 309 lines in /home/ljd/riot/RIOT/drivers/at86rf215/Kconfig
    Read 309 lines
    Found choice at line index 219, line_number=220
  DEBUG: Found choice None at drivers/at86rf215/Kconfig:220
  Finished processing definition [7]

  Processing definition [8]: drivers/l3gxxxx/Kconfig:11
    Looking for file: /home/ljd/riot/RIOT/drivers/l3gxxxx/Kconfig
    File exists, reading...


Reader found: 325 lines in /home/ljd/riot/RIOT/drivers/l3gxxxx/Kconfig
    Read 325 lines
    Found choice at line index 10, line_number=11
  DEBUG: Found choice None at drivers/l3gxxxx/Kconfig:11
  Finished processing definition [8]

  Processing definition [9]: drivers/l3gxxxx/Kconfig:62
    Looking for file: /home/ljd/riot/RIOT/drivers/l3gxxxx/Kconfig
    File exists, reading...


Reader found: 325 lines in /home/ljd/riot/RIOT/drivers/l3gxxxx/Kconfig
    Read 325 lines
    Found choice at line index 61, line_number=62
  DEBUG: Found choice None at drivers/l3gxxxx/Kconfig:62
  Finished processing definition [9]

  Processing definition [10]: drivers/l3gxxxx/Kconfig:91
    Looking for file: /home/ljd/riot/RIOT/drivers/l3gxxxx/Kconfig
    File exists, reading...


Reader found: 325 lines in /home/ljd/riot/RIOT/drivers/l3gxxxx/Kconfig
    Read 325 lines
    Found choice at line index 90, line_number=91
  DEBUG: Found choice None at drivers/l3gxxxx/Kconfig:91
  Finished processing definition [10]

  Processing definition [11]: drivers/l3gxxxx/Kconfig:123
    Looking for file: /home/ljd/riot/RIOT/drivers/l3gxxxx/Kconfig
    File exists, reading...


Reader found: 325 lines in /home/ljd/riot/RIOT/drivers/l3gxxxx/Kconfig
    Read 325 lines
    Found choice at line index 122, line_number=123
  DEBUG: Found choice None at drivers/l3gxxxx/Kconfig:123
  Finished processing definition [11]

  Processing definition [12]: drivers/l3gxxxx/Kconfig:162
    Looking for file: /home/ljd/riot/RIOT/drivers/l3gxxxx/Kconfig
    File exists, reading...


Reader found: 325 lines in /home/ljd/riot/RIOT/drivers/l3gxxxx/Kconfig
    Read 325 lines
    Found choice at line index 161, line_number=162
  DEBUG: Found choice None at drivers/l3gxxxx/Kconfig:162
  Finished processing definition [12]

  Processing definition [13]: drivers/l3gxxxx/Kconfig:283
    Looking for file: /home/ljd/riot/RIOT/drivers/l3gxxxx/Kconfig
    File exists, reading...


Reader found: 325 lines in /home/ljd/riot/RIOT/drivers/l3gxxxx/Kconfig
    Read 325 lines
    Found choice at line index 282, line_number=283
  DEBUG: Found choice None at drivers/l3gxxxx/Kconfig:283
  Finished processing definition [13]

  Processing definition [14]: drivers/lm75/Kconfig:14
    Looking for file: /home/ljd/riot/RIOT/drivers/lm75/Kconfig
    File exists, reading...


Reader found: 114 lines in /home/ljd/riot/RIOT/drivers/lm75/Kconfig
    Read 114 lines
    Found choice at line index 13, line_number=14
  DEBUG: Found choice None at drivers/lm75/Kconfig:14
  Finished processing definition [14]

  Processing definition [15]: drivers/lm75/Kconfig:29
    Looking for file: /home/ljd/riot/RIOT/drivers/lm75/Kconfig
    File exists, reading...


Reader found: 114 lines in /home/ljd/riot/RIOT/drivers/lm75/Kconfig
    Read 114 lines
    Found choice at line index 28, line_number=29
  DEBUG: Found choice None at drivers/lm75/Kconfig:29
  Finished processing definition [15]

  Processing definition [16]: drivers/lm75/Kconfig:50
    Looking for file: /home/ljd/riot/RIOT/drivers/lm75/Kconfig
    File exists, reading...


Reader found: 114 lines in /home/ljd/riot/RIOT/drivers/lm75/Kconfig
    Read 114 lines
    Found choice at line index 49, line_number=50
  DEBUG: Found choice None at drivers/lm75/Kconfig:50
  Finished processing definition [16]

  Processing definition [17]: drivers/lm75/Kconfig:65
    Looking for file: /home/ljd/riot/RIOT/drivers/lm75/Kconfig
    File exists, reading...


Reader found: 114 lines in /home/ljd/riot/RIOT/drivers/lm75/Kconfig
    Read 114 lines
    Found choice at line index 64, line_number=65
  DEBUG: Found choice None at drivers/lm75/Kconfig:65
  Finished processing definition [17]

  Processing definition [18]: drivers/lm75/Kconfig:91
    Looking for file: /home/ljd/riot/RIOT/drivers/lm75/Kconfig
    File exists, reading...


Reader found: 114 lines in /home/ljd/riot/RIOT/drivers/lm75/Kconfig
    Read 114 lines
    Found choice at line index 90, line_number=91
  DEBUG: Found choice None at drivers/lm75/Kconfig:91
  Finished processing definition [18]

  Processing definition [19]: drivers/opt3001/Kconfig:22
    Looking for file: /home/ljd/riot/RIOT/drivers/opt3001/Kconfig
    File exists, reading...


Reader found: 38 lines in /home/ljd/riot/RIOT/drivers/opt3001/Kconfig
    Read 38 lines
    Found choice at line index 21, line_number=22
  DEBUG: Found choice None at drivers/opt3001/Kconfig:22
  Finished processing definition [19]

  Processing definition [20]: drivers/sht2x/Kconfig:10
    Looking for file: /home/ljd/riot/RIOT/drivers/sht2x/Kconfig
    File exists, reading...


Reader found: 56 lines in /home/ljd/riot/RIOT/drivers/sht2x/Kconfig
    Read 56 lines
    Found choice at line index 9, line_number=10
  DEBUG: Found choice None at drivers/sht2x/Kconfig:10
  Finished processing definition [20]

  Processing definition [21]: drivers/sht2x/Kconfig:26
    Looking for file: /home/ljd/riot/RIOT/drivers/sht2x/Kconfig
    File exists, reading...


Reader found: 56 lines in /home/ljd/riot/RIOT/drivers/sht2x/Kconfig
    Read 56 lines
    Found choice at line index 25, line_number=26
  DEBUG: Found choice None at drivers/sht2x/Kconfig:26
  Finished processing definition [21]

  Processing definition [22]: drivers/tmp00x/Kconfig:22
    Looking for file: /home/ljd/riot/RIOT/drivers/tmp00x/Kconfig
    File exists, reading...


Reader found: 61 lines in /home/ljd/riot/RIOT/drivers/tmp00x/Kconfig
    Read 61 lines
    Found choice at line index 21, line_number=22
  DEBUG: Found choice None at drivers/tmp00x/Kconfig:22
  Finished processing definition [22]

  Processing definition [23]: drivers/vl6180x/Kconfig:75
    Looking for file: /home/ljd/riot/RIOT/drivers/vl6180x/Kconfig
    File exists, reading...


Reader found: 169 lines in /home/ljd/riot/RIOT/drivers/vl6180x/Kconfig
    Read 169 lines
    Found choice at line index 74, line_number=75
  DEBUG: Found choice None at drivers/vl6180x/Kconfig:75
  Finished processing definition [23]

  Processing definition [24]: drivers/vl6180x/Kconfig:121
    Looking for file: /home/ljd/riot/RIOT/drivers/vl6180x/Kconfig
    File exists, reading...


Reader found: 169 lines in /home/ljd/riot/RIOT/drivers/vl6180x/Kconfig
    Read 169 lines
    Found choice at line index 120, line_number=121
  DEBUG: Found choice None at drivers/vl6180x/Kconfig:121
  Finished processing definition [24]

  Processing definition [25]: sys/entropy_source/adc_noise/Kconfig:10
    Looking for file: /home/ljd/riot/RIOT/sys/entropy_source/adc_noise/Kconfig
    File exists, reading...


Reader found: 72 lines in /home/ljd/riot/RIOT/sys/entropy_source/adc_noise/Kconfig
    Read 72 lines
    Found choice at line index 9, line_number=10
  DEBUG: Found choice None at sys/entropy_source/adc_noise/Kconfig:10
  Finished processing definition [25]

  Processing definition [26]: sys/fido2/ctap/Kconfig:47
    Looking for file: /home/ljd/riot/RIOT/sys/fido2/ctap/Kconfig
    File exists, reading...


Reader found: 98 lines in /home/ljd/riot/RIOT/sys/fido2/ctap/Kconfig
    Read 98 lines
    Found choice at line index 46, line_number=47
  DEBUG: Found choice None at sys/fido2/ctap/Kconfig:47
  Finished processing definition [26]

  Processing definition [27]: sys/fido2/ctap/Kconfig:69
    Looking for file: /home/ljd/riot/RIOT/sys/fido2/ctap/Kconfig
    File exists, reading...


Reader found: 98 lines in /home/ljd/riot/RIOT/sys/fido2/ctap/Kconfig
    Read 98 lines
    Found choice at line index 68, line_number=69
  DEBUG: Found choice None at sys/fido2/ctap/Kconfig:69
  Finished processing definition [27]

  Processing definition [28]: sys/net/gnrc/routing/rpl/Kconfig:81
    Looking for file: /home/ljd/riot/RIOT/sys/net/gnrc/routing/rpl/Kconfig
    File exists, reading...


Reader found: 151 lines in /home/ljd/riot/RIOT/sys/net/gnrc/routing/rpl/Kconfig
    Read 151 lines
    Found choice at line index 80, line_number=81
  DEBUG: Found choice None at sys/net/gnrc/routing/rpl/Kconfig:81
  Finished processing definition [28]

  Processing definition [29]: sys/net/link_layer/ieee802154/Kconfig:10
    Looking for file: /home/ljd/riot/RIOT/sys/net/link_layer/ieee802154/Kconfig
    File exists, reading...


Reader found: 161 lines in /home/ljd/riot/RIOT/sys/net/link_layer/ieee802154/Kconfig
    Read 161 lines
    Found choice at line index 9, line_number=10
  DEBUG: Found choice None at sys/net/link_layer/ieee802154/Kconfig:10
  Finished processing definition [29]

  Processing definition [30]: sys/net/link_layer/Kconfig.lorawan:4
    Looking for file: /home/ljd/riot/RIOT/sys/net/link_layer/Kconfig.lorawan
    File exists, reading...


Reader found: 574 lines in /home/ljd/riot/RIOT/sys/net/link_layer/Kconfig.lorawan
    Read 574 lines
    Found choice at line index 3, line_number=4
  DEBUG: Found choice None at sys/net/link_layer/Kconfig.lorawan:4
  Finished processing definition [30]

  Processing definition [31]: sys/net/link_layer/Kconfig.lorawan:54
    Looking for file: /home/ljd/riot/RIOT/sys/net/link_layer/Kconfig.lorawan
    File exists, reading...


Reader found: 574 lines in /home/ljd/riot/RIOT/sys/net/link_layer/Kconfig.lorawan
    Read 574 lines
    Found choice at line index 53, line_number=54
  DEBUG: Found choice None at sys/net/link_layer/Kconfig.lorawan:54
  Finished processing definition [31]

  Processing definition [32]: sys/net/link_layer/Kconfig.lorawan:179
    Looking for file: /home/ljd/riot/RIOT/sys/net/link_layer/Kconfig.lorawan
    File exists, reading...


Reader found: 574 lines in /home/ljd/riot/RIOT/sys/net/link_layer/Kconfig.lorawan
    Read 574 lines
    Found choice at line index 178, line_number=179
  DEBUG: Found choice None at sys/net/link_layer/Kconfig.lorawan:179
  Finished processing definition [32]

  Processing definition [33]: sys/net/link_layer/Kconfig.lorawan:230
    Looking for file: /home/ljd/riot/RIOT/sys/net/link_layer/Kconfig.lorawan
    File exists, reading...


Reader found: 574 lines in /home/ljd/riot/RIOT/sys/net/link_layer/Kconfig.lorawan
    Read 574 lines
    Found choice at line index 229, line_number=230
  DEBUG: Found choice None at sys/net/link_layer/Kconfig.lorawan:230
  Finished processing definition [33]

  Processing definition [34]: sys/net/link_layer/Kconfig.lorawan:294
    Looking for file: /home/ljd/riot/RIOT/sys/net/link_layer/Kconfig.lorawan
    File exists, reading...


Reader found: 574 lines in /home/ljd/riot/RIOT/sys/net/link_layer/Kconfig.lorawan
    Read 574 lines
    Found choice at line index 293, line_number=294
  DEBUG: Found choice None at sys/net/link_layer/Kconfig.lorawan:294
  Finished processing definition [34]

  Processing definition [35]: sys/net/link_layer/Kconfig.lorawan:369
    Looking for file: /home/ljd/riot/RIOT/sys/net/link_layer/Kconfig.lorawan
    File exists, reading...


Reader found: 574 lines in /home/ljd/riot/RIOT/sys/net/link_layer/Kconfig.lorawan
    Read 574 lines
    Found choice at line index 368, line_number=369
  DEBUG: Found choice None at sys/net/link_layer/Kconfig.lorawan:369
  Finished processing definition [35]

  Processing definition [36]: sys/net/link_layer/Kconfig.lorawan:442
    Looking for file: /home/ljd/riot/RIOT/sys/net/link_layer/Kconfig.lorawan
    File exists, reading...


Reader found: 574 lines in /home/ljd/riot/RIOT/sys/net/link_layer/Kconfig.lorawan
    Read 574 lines
    Found choice at line index 441, line_number=442
  DEBUG: Found choice None at sys/net/link_layer/Kconfig.lorawan:442
  Finished processing definition [36]

  Processing definition [37]: sys/net/lora/Kconfig:32
    Looking for file: /home/ljd/riot/RIOT/sys/net/lora/Kconfig
    File exists, reading...


Reader found: 151 lines in /home/ljd/riot/RIOT/sys/net/lora/Kconfig
    Read 151 lines
    Found choice at line index 31, line_number=32
  DEBUG: Found choice None at sys/net/lora/Kconfig:32
  Finished processing definition [37]

  Processing definition [38]: sys/net/lora/Kconfig:50
    Looking for file: /home/ljd/riot/RIOT/sys/net/lora/Kconfig
    File exists, reading...


Reader found: 151 lines in /home/ljd/riot/RIOT/sys/net/lora/Kconfig
    Read 151 lines
    Found choice at line index 49, line_number=50
  DEBUG: Found choice None at sys/net/lora/Kconfig:50
  Finished processing definition [38]

  Processing definition [39]: sys/net/lora/Kconfig:85
    Looking for file: /home/ljd/riot/RIOT/sys/net/lora/Kconfig
    File exists, reading...


Reader found: 151 lines in /home/ljd/riot/RIOT/sys/net/lora/Kconfig
    Read 151 lines
    Found choice at line index 84, line_number=85
  DEBUG: Found choice None at sys/net/lora/Kconfig:85
  Finished processing definition [39]

  Processing definition [40]: sys/usb/usbus/Kconfig:18
    Looking for file: /home/ljd/riot/RIOT/sys/usb/usbus/Kconfig
    File exists, reading...


Reader found: 44 lines in /home/ljd/riot/RIOT/sys/usb/usbus/Kconfig
    Read 44 lines
    Found choice at line index 17, line_number=18
  DEBUG: Found choice None at sys/usb/usbus/Kconfig:18
  Finished processing definition [40]

  Processing definition [41]: sys/usb/usbus/cdc/acm/Kconfig:21
    Looking for file: /home/ljd/riot/RIOT/sys/usb/usbus/cdc/acm/Kconfig
    File exists, reading...


Reader found: 42 lines in /home/ljd/riot/RIOT/sys/usb/usbus/cdc/acm/Kconfig
    Read 42 lines
    Found choice at line index 20, line_number=21
  DEBUG: Found choice None at sys/usb/usbus/cdc/acm/Kconfig:21
  Finished processing definition [41]

  Processing definition [42]: sys/usb/Kconfig:27
    Looking for file: /home/ljd/riot/RIOT/sys/usb/Kconfig
    File exists, reading...


Reader found: 117 lines in /home/ljd/riot/RIOT/sys/usb/Kconfig
    Read 117 lines
    Found choice at line index 26, line_number=27
  DEBUG: Found choice None at sys/usb/Kconfig:27
  Finished processing definition [42]

  Processing definition [43]: pkg/wakaama/contrib/objects/Kconfig.device:10
    Looking for file: /home/ljd/riot/RIOT/pkg/wakaama/contrib/objects/Kconfig.device
    File exists, reading...


Reader found: 68 lines in /home/ljd/riot/RIOT/pkg/wakaama/contrib/objects/Kconfig.device
    Read 68 lines
    Found choice at line index 9, line_number=10
  DEBUG: Found choice None at pkg/wakaama/contrib/objects/Kconfig.device:10
  Finished processing definition [43]
  DEBUG: Total entries collected: 191
def dependencies extr: [['USEMODULE_VL6180X_ALS', 'USEMODULE_VL6180X']]
dep dependencies extr: [['USEMODULE_VL6180X_ALS', 'USEMODULE_VL6180X']]


=== _get_all_choice_configs for VL6180X_ALS_GAIN ===
  Found 1 definitions:
    [0] file=drivers/vl6180x/Kconfig, line=23

  Processing definition [0]: drivers/vl6180x/Kconfig:23
    Looking for file: /home/ljd/riot/RIOT/drivers/vl6180x/Kconfig
    File exists, reading...


Reader found: 169 lines in /home/ljd/riot/RIOT/drivers/vl6180x/Kconfig
    Read 169 lines
    Found choice at line index 22, line_number=23
  DEBUG: Found choice VL6180X_ALS_GAIN at drivers/vl6180x/Kconfig:23
  Finished processing definition [0]
  DEBUG: Total entries collected: 8

for each given file at source_files start building path output structur and call reader and writer

4. Transform all files - needs reader & writer


Reader found: 39 lines in /home/ljd/riot/RIOT/Kconfig
call _transform_lines(lines from reader, input, configdefault dict info)
start transforming 39 input lines
    GLOB LOG ----------------------------------------------------------------------------
    Resolve rsource: kconfigs/Kconfig.consts at line 10
      no files found for the: kconfigs/Kconfig.consts
    GLOB LOG ----------------------------------------------------------------------------
    Resolve osource: $(KCONFIG_GENERATED_DEPENDENCIES) at line 13
      -> examples/basic/hello-world/bin/native64/generated/Kconfig.dep
    Files matching: 1 (using osource)
    GLOB LOG ----------------------------------------------------------------------------
    Resolve osource: $(APPDIR)/Kconfig at line 16
      no files found for the: $(APPDIR)/Kconfig
    GLOB LOG ----------------------------------------------------------------------------
    Resolve orsource: $(BOARDDIR)/Kconfig at line 19
      -> boards/native64/Kconfig
    Files matching: 1 (using orsource)
    GLOB LOG ----------------------------------------------------------------------------
    Resolve orsource: $(RIOTCPU)/$(CPU)/Kconfig at line 20
      -> cpu/native/Kconfig
    Files matching: 1 (using orsource)
    GLOB LOG ----------------------------------------------------------------------------
    Resolve rsource: $(RIOTBOARD)/Kconfig at line 22
      -> boards/Kconfig
    Files matching: 1 (using rsource)
    GLOB LOG ----------------------------------------------------------------------------
    Resolve rsource: $(RIOTCPU)/Kconfig at line 23
      -> cpu/Kconfig
    Files matching: 1 (using rsource)
    GLOB LOG ----------------------------------------------------------------------------
    Resolve rsource: core/Kconfig at line 25
      -> core/Kconfig
    Files matching: 1 (using rsource)
    GLOB LOG ----------------------------------------------------------------------------
    Resolve rsource: drivers/Kconfig at line 26
      -> drivers/Kconfig
    Files matching: 1 (using rsource)
    GLOB LOG ----------------------------------------------------------------------------
    Resolve rsource: sys/Kconfig at line 27
      -> sys/Kconfig
    Files matching: 1 (using rsource)
    GLOB LOG ----------------------------------------------------------------------------
    Resolve rsource: pkg/Kconfig at line 28
      -> pkg/Kconfig
    Files matching: 1 (using rsource)
    GLOB LOG ----------------------------------------------------------------------------
    Resolve osource: $(KCONFIG_EXTERNAL_MODULE_CONFIGS) at line 31
      no files found for the: $(KCONFIG_EXTERNAL_MODULE_CONFIGS)
    GLOB LOG ----------------------------------------------------------------------------
    Resolve osource: $(KCONFIG_EXTERNAL_PKG_CONFIGS) at line 35
      no files found for the: $(KCONFIG_EXTERNAL_PKG_CONFIGS)
    FILE LOG --------------------------------------------------------------
    Reader input                39 lines
    -----------------------------------------------------------------------
    All source without glob:    0
    All source using glob:      0
    All osource_keywords:       4
    All rsource_keywords:       7
    All orsource_keywords:      2
    SUM (r/or/o)source lines:   13
    All "option env" attr:      0
    -----------------------------------------------------------------------
    Transformer Output:         35 lines
    -----------------------------------------------------------------------
        Added new bc of def_*:           0
        Added new bc of glob:            0
        Added new bc of config_default:  0
        Added new bc of named choice:    0
        Removed bc of config_default:    0
        Removed bc of named choice:      0
        Removed no match for o(r)source: 4
        Removed optional choice attr:    0
        Removed bool     choice attr:    0
        Removed tristate choice attr:    0
Excel saved: /home/ljd/wsMA_prototyp/transform_projects/transform_riot/RIOT_log/results3.xlsx
        Done writting 35 lines in /home/ljd/wsMA_prototyp/transform_projects/transform_riot/RIOT_output/Kconfig


Reader found: 7 lines in /home/ljd/riot/RIOT/kconfigs/Kconfig.consts
call _transform_lines(lines from reader, input, configdefault dict info)
start transforming 7 input lines
    FILE LOG --------------------------------------------------------------
    Reader input                7 lines
    -----------------------------------------------------------------------
    All source without glob:    0
    All source using glob:      0
    All osource_keywords:       0
    All rsource_keywords:       0
    All orsource_keywords:      0
    SUM (r/or/o)source lines:   0
    All "option env" attr:      0
    -----------------------------------------------------------------------
    Transformer Output:         7 lines
    -----------------------------------------------------------------------
        Added new bc of def_*:           0
        Added new bc of glob:            0
        Added new bc of config_default:  0
        Added new bc of named choice:    0
        Removed bc of config_default:    0
        Removed bc of named choice:      0
        Removed no match for o(r)source: 0
        Removed optional choice attr:    0
        Removed bool     choice attr:    0
        Removed tristate choice attr:    0
Excel saved: /home/ljd/wsMA_prototyp/transform_projects/transform_riot/RIOT_log/results3.xlsx
        Done writting 7 lines in /home/ljd/wsMA_prototyp/transform_projects/transform_riot/RIOT_output/kconfigs/Kconfig.consts


Reader found: 126 lines in /home/ljd/riot/RIOT/examples/basic/hello-world/bin/native64/generated/Kconfig.dep
call _transform_lines(lines from reader, input, configdefault dict info)
start transforming 126 input lines
    FILE LOG --------------------------------------------------------------
    Reader input                126 lines
    -----------------------------------------------------------------------
    All source without glob:    0
    All source using glob:      0
    All osource_keywords:       0
    All rsource_keywords:       0
    All orsource_keywords:      0
    SUM (r/or/o)source lines:   0
    All "option env" attr:      0
    -----------------------------------------------------------------------
    Transformer Output:         126 lines
    -----------------------------------------------------------------------
        Added new bc of def_*:           0
        Added new bc of glob:            0
        Added new bc of config_default:  0
        Added new bc of named choice:    0
        Removed bc of config_default:    0
        Removed bc of named choice:      0
        Removed no match for o(r)source: 0
        Removed optional choice attr:    0
        Removed bool     choice attr:    0
        Removed tristate choice attr:    0
Excel saved: /home/ljd/wsMA_prototyp/transform_projects/transform_riot/RIOT_log/results3.xlsx
        Done writting 126 lines in /home/ljd/wsMA_prototyp/transform_projects/transform_riot/RIOT_output/examples/basic/hello-world/bin/native64/generated/Kconfig.dep


Reader found: 10 lines in /home/ljd/riot/RIOT/boards/native64/Kconfig
call _transform_lines(lines from reader, input, configdefault dict info)
start transforming 10 input lines
    FILE LOG --------------------------------------------------------------
    Reader input                10 lines
    -----------------------------------------------------------------------
    All source without glob:    0
    All source using glob:      0
    All osource_keywords:       0
    All rsource_keywords:       0
    All orsource_keywords:      0
    SUM (r/or/o)source lines:   0
    All "option env" attr:      0
    -----------------------------------------------------------------------
    Transformer Output:         10 lines
    -----------------------------------------------------------------------
        Added new bc of def_*:           0
        Added new bc of glob:            0
        Added new bc of config_default:  0
        Added new bc of named choice:    0
        Removed bc of config_default:    0
        Removed bc of named choice:      0
        Removed no match for o(r)source: 0
        Removed optional choice attr:    0
        Removed bool     choice attr:    0
        Removed tristate choice attr:    0
Excel saved: /home/ljd/wsMA_prototyp/transform_projects/transform_riot/RIOT_log/results3.xlsx
        Done writting 10 lines in /home/ljd/wsMA_prototyp/transform_projects/transform_riot/RIOT_output/boards/native64/Kconfig


Reader found: 42 lines in /home/ljd/riot/RIOT/cpu/native/Kconfig
call _transform_lines(lines from reader, input, configdefault dict info)
start transforming 42 input lines
    FILE LOG --------------------------------------------------------------
    Reader input                42 lines
    -----------------------------------------------------------------------
    All source without glob:    0
    All source using glob:      0
    All osource_keywords:       0
    All rsource_keywords:       0
    All orsource_keywords:      0
    SUM (r/or/o)source lines:   0
    All "option env" attr:      0
    -----------------------------------------------------------------------
    Transformer Output:         42 lines
    -----------------------------------------------------------------------
        Added new bc of def_*:           0
        Added new bc of glob:            0
        Added new bc of config_default:  0
        Added new bc of named choice:    0
        Removed bc of config_default:    0
        Removed bc of named choice:      0
        Removed no match for o(r)source: 0
        Removed optional choice attr:    0
        Removed bool     choice attr:    0
        Removed tristate choice attr:    0
Excel saved: /home/ljd/wsMA_prototyp/transform_projects/transform_riot/RIOT_log/results3.xlsx
        Done writting 42 lines in /home/ljd/wsMA_prototyp/transform_projects/transform_riot/RIOT_output/cpu/native/Kconfig


Reader found: 10 lines in /home/ljd/riot/RIOT/boards/Kconfig
call _transform_lines(lines from reader, input, configdefault dict info)
start transforming 10 input lines
    FILE LOG --------------------------------------------------------------
    Reader input                10 lines
    -----------------------------------------------------------------------
    All source without glob:    0
    All source using glob:      0
    All osource_keywords:       0
    All rsource_keywords:       0
    All orsource_keywords:      0
    SUM (r/or/o)source lines:   0
    All "option env" attr:      0
    -----------------------------------------------------------------------
    Transformer Output:         10 lines
    -----------------------------------------------------------------------
        Added new bc of def_*:           0
        Added new bc of glob:            0
        Added new bc of config_default:  0
        Added new bc of named choice:    0
        Removed bc of config_default:    0
        Removed bc of named choice:      0
        Removed no match for o(r)source: 0
        Removed optional choice attr:    0
        Removed bool     choice attr:    0
        Removed tristate choice attr:    0
Excel saved: /home/ljd/wsMA_prototyp/transform_projects/transform_riot/RIOT_log/results3.xlsx
        Done writting 10 lines in /home/ljd/wsMA_prototyp/transform_projects/transform_riot/RIOT_output/boards/Kconfig


Reader found: 50 lines in /home/ljd/riot/RIOT/cpu/Kconfig
call _transform_lines(lines from reader, input, configdefault dict info)
start transforming 50 input lines
    FILE LOG --------------------------------------------------------------
    Reader input                50 lines
    -----------------------------------------------------------------------
    All source without glob:    0
    All source using glob:      0
    All osource_keywords:       0
    All rsource_keywords:       0
    All orsource_keywords:      0
    SUM (r/or/o)source lines:   0
    All "option env" attr:      0
    -----------------------------------------------------------------------
    Transformer Output:         50 lines
    -----------------------------------------------------------------------
        Added new bc of def_*:           0
        Added new bc of glob:            0
        Added new bc of config_default:  0
        Added new bc of named choice:    0
        Removed bc of config_default:    0
        Removed bc of named choice:      0
        Removed no match for o(r)source: 0
        Removed optional choice attr:    0
        Removed bool     choice attr:    0
        Removed tristate choice attr:    0
Excel saved: /home/ljd/wsMA_prototyp/transform_projects/transform_riot/RIOT_log/results3.xlsx
        Done writting 50 lines in /home/ljd/wsMA_prototyp/transform_projects/transform_riot/RIOT_output/cpu/Kconfig


Reader found: 16 lines in /home/ljd/riot/RIOT/core/Kconfig
call _transform_lines(lines from reader, input, configdefault dict info)
start transforming 16 input lines
    FILE LOG --------------------------------------------------------------
    Reader input                16 lines
    -----------------------------------------------------------------------
    All source without glob:    0
    All source using glob:      0
    All osource_keywords:       0
    All rsource_keywords:       0
    All orsource_keywords:      0
    SUM (r/or/o)source lines:   0
    All "option env" attr:      0
    -----------------------------------------------------------------------
    Transformer Output:         16 lines
    -----------------------------------------------------------------------
        Added new bc of def_*:           0
        Added new bc of glob:            0
        Added new bc of config_default:  0
        Added new bc of named choice:    0
        Removed bc of config_default:    0
        Removed bc of named choice:      0
        Removed no match for o(r)source: 0
        Removed optional choice attr:    0
        Removed bool     choice attr:    0
        Removed tristate choice attr:    0
Excel saved: /home/ljd/wsMA_prototyp/transform_projects/transform_riot/RIOT_log/results3.xlsx
        Done writting 16 lines in /home/ljd/wsMA_prototyp/transform_projects/transform_riot/RIOT_output/core/Kconfig


Reader found: 62 lines in /home/ljd/riot/RIOT/drivers/Kconfig
call _transform_lines(lines from reader, input, configdefault dict info)
start transforming 62 input lines
    GLOB LOG ----------------------------------------------------------------------------
    Resolve rsource: dfplayer/Kconfig at line 10
      -> drivers/dfplayer/Kconfig
    Files matching: 1 (using rsource)
    GLOB LOG ----------------------------------------------------------------------------
    Resolve rsource: motor_driver/Kconfig at line 11
      -> drivers/motor_driver/Kconfig
    Files matching: 1 (using rsource)
    GLOB LOG ----------------------------------------------------------------------------
    Resolve rsource: ili9341/Kconfig at line 15
      -> drivers/ili9341/Kconfig
    Files matching: 1 (using rsource)
    GLOB LOG ----------------------------------------------------------------------------
    Resolve rsource: lcd/Kconfig at line 16
      -> drivers/lcd/Kconfig
    Files matching: 1 (using rsource)
    GLOB LOG ----------------------------------------------------------------------------
    Resolve rsource: st77xx/Kconfig at line 17
      no files found for the: st77xx/Kconfig
    GLOB LOG ----------------------------------------------------------------------------
    Resolve rsource: touch_dev_gestures/Kconfig at line 18
      -> drivers/touch_dev_gestures/Kconfig
    Files matching: 1 (using rsource)
    GLOB LOG ----------------------------------------------------------------------------
    Resolve rsource: at/Kconfig at line 22
      -> drivers/at/Kconfig
    Files matching: 1 (using rsource)
    GLOB LOG ----------------------------------------------------------------------------
    Resolve rsource: Kconfig.net at line 25
      -> drivers/Kconfig.net
    Files matching: 1 (using rsource)
    GLOB LOG ----------------------------------------------------------------------------
    Resolve rsource: periph_common/Kconfig at line 28
      no files found for the: periph_common/Kconfig
    GLOB LOG ----------------------------------------------------------------------------
    Resolve rsource: ads1x1x/Kconfig at line 32
      -> drivers/ads1x1x/Kconfig
    Files matching: 1 (using rsource)
    GLOB LOG ----------------------------------------------------------------------------
    Resolve rsource: bmx055/Kconfig at line 33
      -> drivers/bmx055/Kconfig
    Files matching: 1 (using rsource)
    GLOB LOG ----------------------------------------------------------------------------
    Resolve rsource: fxos8700/Kconfig at line 34
      -> drivers/fxos8700/Kconfig
    Files matching: 1 (using rsource)
    GLOB LOG ----------------------------------------------------------------------------
    Resolve rsource: gp2y10xx/Kconfig at line 35
      -> drivers/gp2y10xx/Kconfig
    Files matching: 1 (using rsource)
    GLOB LOG ----------------------------------------------------------------------------
    Resolve rsource: hdc1000/Kconfig at line 36
      -> drivers/hdc1000/Kconfig
    Files matching: 1 (using rsource)
    GLOB LOG ----------------------------------------------------------------------------
    Resolve rsource: hm330x/Kconfig at line 37
      -> drivers/hm330x/Kconfig
    Files matching: 1 (using rsource)
    GLOB LOG ----------------------------------------------------------------------------
    Resolve rsource: hsc/Kconfig at line 38
      -> drivers/hsc/Kconfig
    Files matching: 1 (using rsource)
    GLOB LOG ----------------------------------------------------------------------------
    Resolve rsource: isl29020/Kconfig at line 39
      -> drivers/isl29020/Kconfig
    Files matching: 1 (using rsource)
    GLOB LOG ----------------------------------------------------------------------------
    Resolve rsource: l3g4200d/Kconfig at line 40
      -> drivers/l3g4200d/Kconfig
    Files matching: 1 (using rsource)
    GLOB LOG ----------------------------------------------------------------------------
    Resolve rsource: l3gxxxx/Kconfig at line 41
      -> drivers/l3gxxxx/Kconfig
    Files matching: 1 (using rsource)
    GLOB LOG ----------------------------------------------------------------------------
    Resolve rsource: lm75/Kconfig at line 42
      -> drivers/lm75/Kconfig
    Files matching: 1 (using rsource)
    GLOB LOG ----------------------------------------------------------------------------
    Resolve rsource: lpsxxx/Kconfig at line 43
      -> drivers/lpsxxx/Kconfig
    Files matching: 1 (using rsource)
    GLOB LOG ----------------------------------------------------------------------------
    Resolve rsource: mag3110/Kconfig at line 44
      -> drivers/mag3110/Kconfig
    Files matching: 1 (using rsource)
    GLOB LOG ----------------------------------------------------------------------------
    Resolve rsource: matrix_keypad/Kconfig at line 45
      -> drivers/matrix_keypad/Kconfig
    Files matching: 1 (using rsource)
    GLOB LOG ----------------------------------------------------------------------------
    Resolve rsource: mma8x5x/Kconfig at line 46
      -> drivers/mma8x5x/Kconfig
    Files matching: 1 (using rsource)
    GLOB LOG ----------------------------------------------------------------------------
    Resolve rsource: opt3001/Kconfig at line 47
      -> drivers/opt3001/Kconfig
    Files matching: 1 (using rsource)
    GLOB LOG ----------------------------------------------------------------------------
    Resolve rsource: paa5100je/Kconfig at line 48
      -> drivers/paa5100je/Kconfig
    Files matching: 1 (using rsource)
    GLOB LOG ----------------------------------------------------------------------------
    Resolve rsource: seesaw_soil/Kconfig at line 49
      -> drivers/seesaw_soil/Kconfig
    Files matching: 1 (using rsource)
    GLOB LOG ----------------------------------------------------------------------------
    Resolve rsource: sht2x/Kconfig at line 50
      -> drivers/sht2x/Kconfig
    Files matching: 1 (using rsource)
    GLOB LOG ----------------------------------------------------------------------------
    Resolve rsource: sm_pwm_01c/Kconfig at line 51
      -> drivers/sm_pwm_01c/Kconfig
    Files matching: 1 (using rsource)
    GLOB LOG ----------------------------------------------------------------------------
    Resolve rsource: sps30/Kconfig at line 52
      -> drivers/sps30/Kconfig
    Files matching: 1 (using rsource)
    GLOB LOG ----------------------------------------------------------------------------
    Resolve rsource: tcs37727/Kconfig at line 53
      -> drivers/tcs37727/Kconfig
    Files matching: 1 (using rsource)
    GLOB LOG ----------------------------------------------------------------------------
    Resolve rsource: tmp00x/Kconfig at line 54
      -> drivers/tmp00x/Kconfig
    Files matching: 1 (using rsource)
    GLOB LOG ----------------------------------------------------------------------------
    Resolve rsource: vl6180x/Kconfig at line 55
      -> drivers/vl6180x/Kconfig
    Files matching: 1 (using rsource)
    GLOB LOG ----------------------------------------------------------------------------
    Resolve rsource: mtd_sdcard/Kconfig at line 59
      -> drivers/mtd_sdcard/Kconfig
    Files matching: 1 (using rsource)
    FILE LOG --------------------------------------------------------------
    Reader input                62 lines
    -----------------------------------------------------------------------
    All source without glob:    0
    All source using glob:      0
    All osource_keywords:       0
    All rsource_keywords:       34
    All orsource_keywords:      0
    SUM (r/or/o)source lines:   34
    All "option env" attr:      0
    -----------------------------------------------------------------------
    Transformer Output:         60 lines
    -----------------------------------------------------------------------
        Added new bc of def_*:           0
        Added new bc of glob:            0
        Added new bc of config_default:  0
        Added new bc of named choice:    0
        Removed bc of config_default:    0
        Removed bc of named choice:      0
        Removed no match for o(r)source: 2
        Removed optional choice attr:    0
        Removed bool     choice attr:    0
        Removed tristate choice attr:    0
Excel saved: /home/ljd/wsMA_prototyp/transform_projects/transform_riot/RIOT_log/results3.xlsx
        Done writting 60 lines in /home/ljd/wsMA_prototyp/transform_projects/transform_riot/RIOT_output/drivers/Kconfig


Reader found: 15 lines in /home/ljd/riot/RIOT/drivers/dfplayer/Kconfig
call _transform_lines(lines from reader, input, configdefault dict info)
start transforming 15 input lines
    FILE LOG --------------------------------------------------------------
    Reader input                15 lines
    -----------------------------------------------------------------------
    All source without glob:    0
    All source using glob:      0
    All osource_keywords:       0
    All rsource_keywords:       0
    All orsource_keywords:      0
    SUM (r/or/o)source lines:   0
    All "option env" attr:      0
    -----------------------------------------------------------------------
    Transformer Output:         15 lines
    -----------------------------------------------------------------------
        Added new bc of def_*:           0
        Added new bc of glob:            0
        Added new bc of config_default:  0
        Added new bc of named choice:    0
        Removed bc of config_default:    0
        Removed bc of named choice:      0
        Removed no match for o(r)source: 0
        Removed optional choice attr:    0
        Removed bool     choice attr:    0
        Removed tristate choice attr:    0
Excel saved: /home/ljd/wsMA_prototyp/transform_projects/transform_riot/RIOT_log/results3.xlsx
        Done writting 15 lines in /home/ljd/wsMA_prototyp/transform_projects/transform_riot/RIOT_output/drivers/dfplayer/Kconfig


Reader found: 20 lines in /home/ljd/riot/RIOT/drivers/motor_driver/Kconfig
call _transform_lines(lines from reader, input, configdefault dict info)
start transforming 20 input lines
    FILE LOG --------------------------------------------------------------
    Reader input                20 lines
    -----------------------------------------------------------------------
    All source without glob:    0
    All source using glob:      0
    All osource_keywords:       0
    All rsource_keywords:       0
    All orsource_keywords:      0
    SUM (r/or/o)source lines:   0
    All "option env" attr:      0
    -----------------------------------------------------------------------
    Transformer Output:         20 lines
    -----------------------------------------------------------------------
        Added new bc of def_*:           0
        Added new bc of glob:            0
        Added new bc of config_default:  0
        Added new bc of named choice:    0
        Removed bc of config_default:    0
        Removed bc of named choice:      0
        Removed no match for o(r)source: 0
        Removed optional choice attr:    0
        Removed bool     choice attr:    0
        Removed tristate choice attr:    0
Excel saved: /home/ljd/wsMA_prototyp/transform_projects/transform_riot/RIOT_log/results3.xlsx
        Done writting 20 lines in /home/ljd/wsMA_prototyp/transform_projects/transform_riot/RIOT_output/drivers/motor_driver/Kconfig


Reader found: 37 lines in /home/ljd/riot/RIOT/drivers/ili9341/Kconfig
call _transform_lines(lines from reader, input, configdefault dict info)
start transforming 37 input lines
    FILE LOG --------------------------------------------------------------
    Reader input                37 lines
    -----------------------------------------------------------------------
    All source without glob:    0
    All source using glob:      0
    All osource_keywords:       0
    All rsource_keywords:       0
    All orsource_keywords:      0
    SUM (r/or/o)source lines:   0
    All "option env" attr:      0
    -----------------------------------------------------------------------
    Transformer Output:         37 lines
    -----------------------------------------------------------------------
        Added new bc of def_*:           0
        Added new bc of glob:            0
        Added new bc of config_default:  0
        Added new bc of named choice:    0
        Removed bc of config_default:    0
        Removed bc of named choice:      0
        Removed no match for o(r)source: 0
        Removed optional choice attr:    0
        Removed bool     choice attr:    0
        Removed tristate choice attr:    0
Excel saved: /home/ljd/wsMA_prototyp/transform_projects/transform_riot/RIOT_log/results3.xlsx
        Done writting 37 lines in /home/ljd/wsMA_prototyp/transform_projects/transform_riot/RIOT_output/drivers/ili9341/Kconfig


Reader found: 19 lines in /home/ljd/riot/RIOT/drivers/lcd/Kconfig
call _transform_lines(lines from reader, input, configdefault dict info)
start transforming 19 input lines
    FILE LOG --------------------------------------------------------------
    Reader input                19 lines
    -----------------------------------------------------------------------
    All source without glob:    0
    All source using glob:      0
    All osource_keywords:       0
    All rsource_keywords:       0
    All orsource_keywords:      0
    SUM (r/or/o)source lines:   0
    All "option env" attr:      0
    -----------------------------------------------------------------------
    Transformer Output:         19 lines
    -----------------------------------------------------------------------
        Added new bc of def_*:           0
        Added new bc of glob:            0
        Added new bc of config_default:  0
        Added new bc of named choice:    0
        Removed bc of config_default:    0
        Removed bc of named choice:      0
        Removed no match for o(r)source: 0
        Removed optional choice attr:    0
        Removed bool     choice attr:    0
        Removed tristate choice attr:    0
Excel saved: /home/ljd/wsMA_prototyp/transform_projects/transform_riot/RIOT_log/results3.xlsx
        Done writting 19 lines in /home/ljd/wsMA_prototyp/transform_projects/transform_riot/RIOT_output/drivers/lcd/Kconfig


Reader found: 10 lines in /home/ljd/riot/RIOT/drivers/st77xx/Kconfig
call _transform_lines(lines from reader, input, configdefault dict info)
start transforming 10 input lines
    GLOB LOG ----------------------------------------------------------------------------
    Resolve rsource: Kconfig.st7735 at line 8
      -> drivers/st77xx/Kconfig.st7735
    Files matching: 1 (using rsource)
    GLOB LOG ----------------------------------------------------------------------------
    Resolve rsource: Kconfig.st7789 at line 9
      -> drivers/st77xx/Kconfig.st7789
    Files matching: 1 (using rsource)
    GLOB LOG ----------------------------------------------------------------------------
    Resolve rsource: Kconfig.st7796 at line 10
      -> drivers/st77xx/Kconfig.st7796
    Files matching: 1 (using rsource)
    FILE LOG --------------------------------------------------------------
    Reader input                10 lines
    -----------------------------------------------------------------------
    All source without glob:    0
    All source using glob:      0
    All osource_keywords:       0
    All rsource_keywords:       3
    All orsource_keywords:      0
    SUM (r/or/o)source lines:   3
    All "option env" attr:      0
    -----------------------------------------------------------------------
    Transformer Output:         10 lines
    -----------------------------------------------------------------------
        Added new bc of def_*:           0
        Added new bc of glob:            0
        Added new bc of config_default:  0
        Added new bc of named choice:    0
        Removed bc of config_default:    0
        Removed bc of named choice:      0
        Removed no match for o(r)source: 0
        Removed optional choice attr:    0
        Removed bool     choice attr:    0
        Removed tristate choice attr:    0
Excel saved: /home/ljd/wsMA_prototyp/transform_projects/transform_riot/RIOT_log/results3.xlsx
        Done writting 10 lines in /home/ljd/wsMA_prototyp/transform_projects/transform_riot/RIOT_output/drivers/st77xx/Kconfig


Reader found: 78 lines in /home/ljd/riot/RIOT/drivers/st77xx/Kconfig.st7735
call _transform_lines(lines from reader, input, configdefault dict info)
start transforming 78 input lines
    FILE LOG --------------------------------------------------------------
    Reader input                78 lines
    -----------------------------------------------------------------------
    All source without glob:    0
    All source using glob:      0
    All osource_keywords:       0
    All rsource_keywords:       0
    All orsource_keywords:      0
    SUM (r/or/o)source lines:   0
    All "option env" attr:      0
    -----------------------------------------------------------------------
    Transformer Output:         78 lines
    -----------------------------------------------------------------------
        Added new bc of def_*:           0
        Added new bc of glob:            0
        Added new bc of config_default:  0
        Added new bc of named choice:    0
        Removed bc of config_default:    0
        Removed bc of named choice:      0
        Removed no match for o(r)source: 0
        Removed optional choice attr:    0
        Removed bool     choice attr:    0
        Removed tristate choice attr:    0
Excel saved: /home/ljd/wsMA_prototyp/transform_projects/transform_riot/RIOT_log/results3.xlsx
        Done writting 78 lines in /home/ljd/wsMA_prototyp/transform_projects/transform_riot/RIOT_output/drivers/st77xx/Kconfig.st7735


Reader found: 104 lines in /home/ljd/riot/RIOT/drivers/st77xx/Kconfig.st7789
call _transform_lines(lines from reader, input, configdefault dict info)
start transforming 104 input lines
    FILE LOG --------------------------------------------------------------
    Reader input                104 lines
    -----------------------------------------------------------------------
    All source without glob:    0
    All source using glob:      0
    All osource_keywords:       0
    All rsource_keywords:       0
    All orsource_keywords:      0
    SUM (r/or/o)source lines:   0
    All "option env" attr:      0
    -----------------------------------------------------------------------
    Transformer Output:         104 lines
    -----------------------------------------------------------------------
        Added new bc of def_*:           0
        Added new bc of glob:            0
        Added new bc of config_default:  0
        Added new bc of named choice:    0
        Removed bc of config_default:    0
        Removed bc of named choice:      0
        Removed no match for o(r)source: 0
        Removed optional choice attr:    0
        Removed bool     choice attr:    0
        Removed tristate choice attr:    0
Excel saved: /home/ljd/wsMA_prototyp/transform_projects/transform_riot/RIOT_log/results3.xlsx
        Done writting 104 lines in /home/ljd/wsMA_prototyp/transform_projects/transform_riot/RIOT_output/drivers/st77xx/Kconfig.st7789


Reader found: 89 lines in /home/ljd/riot/RIOT/drivers/st77xx/Kconfig.st7796
call _transform_lines(lines from reader, input, configdefault dict info)
start transforming 89 input lines
    FILE LOG --------------------------------------------------------------
    Reader input                89 lines
    -----------------------------------------------------------------------
    All source without glob:    0
    All source using glob:      0
    All osource_keywords:       0
    All rsource_keywords:       0
    All orsource_keywords:      0
    SUM (r/or/o)source lines:   0
    All "option env" attr:      0
    -----------------------------------------------------------------------
    Transformer Output:         89 lines
    -----------------------------------------------------------------------
        Added new bc of def_*:           0
        Added new bc of glob:            0
        Added new bc of config_default:  0
        Added new bc of named choice:    0
        Removed bc of config_default:    0
        Removed bc of named choice:      0
        Removed no match for o(r)source: 0
        Removed optional choice attr:    0
        Removed bool     choice attr:    0
        Removed tristate choice attr:    0
Excel saved: /home/ljd/wsMA_prototyp/transform_projects/transform_riot/RIOT_log/results3.xlsx
        Done writting 89 lines in /home/ljd/wsMA_prototyp/transform_projects/transform_riot/RIOT_output/drivers/st77xx/Kconfig.st7796


Reader found: 31 lines in /home/ljd/riot/RIOT/drivers/touch_dev_gestures/Kconfig
call _transform_lines(lines from reader, input, configdefault dict info)
start transforming 31 input lines
    FILE LOG --------------------------------------------------------------
    Reader input                31 lines
    -----------------------------------------------------------------------
    All source without glob:    0
    All source using glob:      0
    All osource_keywords:       0
    All rsource_keywords:       0
    All orsource_keywords:      0
    SUM (r/or/o)source lines:   0
    All "option env" attr:      0
    -----------------------------------------------------------------------
    Transformer Output:         31 lines
    -----------------------------------------------------------------------
        Added new bc of def_*:           0
        Added new bc of glob:            0
        Added new bc of config_default:  0
        Added new bc of named choice:    0
        Removed bc of config_default:    0
        Removed bc of named choice:      0
        Removed no match for o(r)source: 0
        Removed optional choice attr:    0
        Removed bool     choice attr:    0
        Removed tristate choice attr:    0
Excel saved: /home/ljd/wsMA_prototyp/transform_projects/transform_riot/RIOT_log/results3.xlsx
        Done writting 31 lines in /home/ljd/wsMA_prototyp/transform_projects/transform_riot/RIOT_output/drivers/touch_dev_gestures/Kconfig


Reader found: 59 lines in /home/ljd/riot/RIOT/drivers/at/Kconfig
call _transform_lines(lines from reader, input, configdefault dict info)
start transforming 59 input lines
current_indx: 11 - choice_attr_end: 18
PROCESS choice: [KconfigLine(commented, line=1, indent=0), KconfigLine(other, line=2, indent=0), KconfigLine(commented, line=3, indent=0), KconfigLine(commented, line=4, indent=0), KconfigLine(commented, line=5, indent=0), KconfigLine(other, line=6, indent=0), KconfigLine(empty, line=7, indent=0), KconfigLine(menu, line=8, indent=0), KconfigLine(depends_on, line=9, indent=4), KconfigLine(empty, line=10, indent=0), KconfigLine(choice, line=11, indent=0), KconfigLine(default, line=13, indent=4), KconfigLine(help, line=14, indent=4), KconfigLine(other, line=15, indent=8), KconfigLine(other, line=16, indent=8), KconfigLine(other, line=17, indent=8), KconfigLine(empty, line=18, indent=0), KconfigLine(config, line=19, indent=0), KconfigLine(type_bool, line=20, indent=4), KconfigLine(empty, line=21, indent=0), KconfigLine(config, line=22, indent=0), KconfigLine(type_bool, line=23, indent=4), KconfigLine(empty, line=24, indent=0), KconfigLine(config, line=25, indent=0), KconfigLine(type_bool, line=26, indent=4), KconfigLine(empty, line=27, indent=0), KconfigLine(endchoice, line=28, indent=0)]
    FILE LOG --------------------------------------------------------------
    Reader input                59 lines
    -----------------------------------------------------------------------
    All source without glob:    0
    All source using glob:      0
    All osource_keywords:       0
    All rsource_keywords:       0
    All orsource_keywords:      0
    SUM (r/or/o)source lines:   0
    All "option env" attr:      0
    -----------------------------------------------------------------------
    Transformer Output:         58 lines
    -----------------------------------------------------------------------
        Added new bc of def_*:           0
        Added new bc of glob:            0
        Added new bc of config_default:  0
        Added new bc of named choice:    0
        Removed bc of config_default:    0
        Removed bc of named choice:      0
        Removed no match for o(r)source: 0
        Removed optional choice attr:    0
        Removed bool     choice attr:    1
        Removed tristate choice attr:    0
Excel saved: /home/ljd/wsMA_prototyp/transform_projects/transform_riot/RIOT_log/results3.xlsx
        Done writting 58 lines in /home/ljd/wsMA_prototyp/transform_projects/transform_riot/RIOT_output/drivers/at/Kconfig


Reader found: 19 lines in /home/ljd/riot/RIOT/drivers/Kconfig.net
call _transform_lines(lines from reader, input, configdefault dict info)
start transforming 19 input lines
    GLOB LOG ----------------------------------------------------------------------------
    Resolve rsource: netdev/Kconfig at line 9
      -> drivers/netdev/Kconfig
    Files matching: 1 (using rsource)
    GLOB LOG ----------------------------------------------------------------------------
    Resolve rsource: at86rf215/Kconfig at line 11
      -> drivers/at86rf215/Kconfig
    Files matching: 1 (using rsource)
    GLOB LOG ----------------------------------------------------------------------------
    Resolve rsource: cc110x/Kconfig at line 12
      -> drivers/cc110x/Kconfig
    Files matching: 1 (using rsource)
    GLOB LOG ----------------------------------------------------------------------------
    Resolve rsource: $(RIOTCPU)/nrf5x_common/radio/Kconfig.nrf5x at line 13
      no files found for the: $(RIOTCPU)/nrf5x_common/radio/Kconfig.nrf5x
    GLOB LOG ----------------------------------------------------------------------------
    Resolve rsource: dose/Kconfig at line 14
      -> drivers/dose/Kconfig
    Files matching: 1 (using rsource)
    GLOB LOG ----------------------------------------------------------------------------
    Resolve rsource: mrf24j40/Kconfig at line 15
      -> drivers/mrf24j40/Kconfig
    Files matching: 1 (using rsource)
    GLOB LOG ----------------------------------------------------------------------------
    Resolve rsource: pn532/Kconfig at line 16
      -> drivers/pn532/Kconfig
    Files matching: 1 (using rsource)
    GLOB LOG ----------------------------------------------------------------------------
    Resolve rsource: rn2xx3/Kconfig at line 17
      -> drivers/rn2xx3/Kconfig
    Files matching: 1 (using rsource)
    GLOB LOG ----------------------------------------------------------------------------
    Resolve rsource: slipdev/Kconfig at line 18
      -> drivers/slipdev/Kconfig
    Files matching: 1 (using rsource)
    FILE LOG --------------------------------------------------------------
    Reader input                19 lines
    -----------------------------------------------------------------------
    All source without glob:    0
    All source using glob:      0
    All osource_keywords:       0
    All rsource_keywords:       9
    All orsource_keywords:      0
    SUM (r/or/o)source lines:   9
    All "option env" attr:      0
    -----------------------------------------------------------------------
    Transformer Output:         18 lines
    -----------------------------------------------------------------------
        Added new bc of def_*:           0
        Added new bc of glob:            0
        Added new bc of config_default:  0
        Added new bc of named choice:    0
        Removed bc of config_default:    0
        Removed bc of named choice:      0
        Removed no match for o(r)source: 1
        Removed optional choice attr:    0
        Removed bool     choice attr:    0
        Removed tristate choice attr:    0
Excel saved: /home/ljd/wsMA_prototyp/transform_projects/transform_riot/RIOT_log/results3.xlsx
        Done writting 18 lines in /home/ljd/wsMA_prototyp/transform_projects/transform_riot/RIOT_output/drivers/Kconfig.net


Reader found: 13 lines in /home/ljd/riot/RIOT/drivers/netdev/Kconfig
call _transform_lines(lines from reader, input, configdefault dict info)
start transforming 13 input lines
    FILE LOG --------------------------------------------------------------
    Reader input                13 lines
    -----------------------------------------------------------------------
    All source without glob:    0
    All source using glob:      0
    All osource_keywords:       0
    All rsource_keywords:       0
    All orsource_keywords:      0
    SUM (r/or/o)source lines:   0
    All "option env" attr:      0
    -----------------------------------------------------------------------
    Transformer Output:         13 lines
    -----------------------------------------------------------------------
        Added new bc of def_*:           0
        Added new bc of glob:            0
        Added new bc of config_default:  0
        Added new bc of named choice:    0
        Removed bc of config_default:    0
        Removed bc of named choice:      0
        Removed no match for o(r)source: 0
        Removed optional choice attr:    0
        Removed bool     choice attr:    0
        Removed tristate choice attr:    0
Excel saved: /home/ljd/wsMA_prototyp/transform_projects/transform_riot/RIOT_log/results3.xlsx
        Done writting 13 lines in /home/ljd/wsMA_prototyp/transform_projects/transform_riot/RIOT_output/drivers/netdev/Kconfig


Reader found: 309 lines in /home/ljd/riot/RIOT/drivers/at86rf215/Kconfig
call _transform_lines(lines from reader, input, configdefault dict info)
start transforming 309 input lines
current_indx: 19 - choice_attr_end: 26
PROCESS choice: [KconfigLine(commented, line=1, indent=0), KconfigLine(commented, line=2, indent=0), KconfigLine(other, line=3, indent=0), KconfigLine(commented, line=4, indent=0), KconfigLine(commented, line=5, indent=0), KconfigLine(commented, line=6, indent=0), KconfigLine(other, line=7, indent=0), KconfigLine(empty, line=8, indent=0), KconfigLine(if, line=9, indent=0), KconfigLine(empty, line=10, indent=0), KconfigLine(menu, line=11, indent=0), KconfigLine(empty, line=12, indent=0), KconfigLine(menuconfig, line=13, indent=0), KconfigLine(type_bool, line=14, indent=4), KconfigLine(default, line=15, indent=4), KconfigLine(empty, line=16, indent=0), KconfigLine(if, line=17, indent=0), KconfigLine(empty, line=18, indent=0), KconfigLine(choice, line=19, indent=0), KconfigLine(default, line=21, indent=4), KconfigLine(help, line=22, indent=4), KconfigLine(other, line=23, indent=8), KconfigLine(other, line=24, indent=8), KconfigLine(other, line=25, indent=8), KconfigLine(empty, line=26, indent=0), KconfigLine(config, line=27, indent=0), KconfigLine(type_bool, line=28, indent=4), KconfigLine(empty, line=29, indent=0), KconfigLine(config, line=30, indent=0), KconfigLine(type_bool, line=31, indent=4), KconfigLine(empty, line=32, indent=0), KconfigLine(endchoice, line=33, indent=0)]
current_indx: 56 - choice_attr_end: 58
PROCESS choice: [KconfigLine(commented, line=1, indent=0), KconfigLine(commented, line=2, indent=0), KconfigLine(other, line=3, indent=0), KconfigLine(commented, line=4, indent=0), KconfigLine(commented, line=5, indent=0), KconfigLine(commented, line=6, indent=0), KconfigLine(other, line=7, indent=0), KconfigLine(empty, line=8, indent=0), KconfigLine(if, line=9, indent=0), KconfigLine(empty, line=10, indent=0), KconfigLine(menu, line=11, indent=0), KconfigLine(empty, line=12, indent=0), KconfigLine(menuconfig, line=13, indent=0), KconfigLine(type_bool, line=14, indent=4), KconfigLine(default, line=15, indent=4), KconfigLine(empty, line=16, indent=0), KconfigLine(if, line=17, indent=0), KconfigLine(empty, line=18, indent=0), KconfigLine(choice, line=19, indent=0), KconfigLine(default, line=21, indent=4), KconfigLine(help, line=22, indent=4), KconfigLine(other, line=23, indent=8), KconfigLine(other, line=24, indent=8), KconfigLine(other, line=25, indent=8), KconfigLine(empty, line=26, indent=0), KconfigLine(config, line=27, indent=0), KconfigLine(type_bool, line=28, indent=4), KconfigLine(empty, line=29, indent=0), KconfigLine(config, line=30, indent=0), KconfigLine(type_bool, line=31, indent=4), KconfigLine(empty, line=32, indent=0), KconfigLine(endchoice, line=33, indent=0), KconfigLine(empty, line=34, indent=0), KconfigLine(config, line=35, indent=0), KconfigLine(type_int, line=36, indent=4), KconfigLine(default, line=37, indent=4), KconfigLine(default, line=38, indent=4), KconfigLine(empty, line=39, indent=0), KconfigLine(endif, line=40, indent=0), KconfigLine(empty, line=41, indent=0), KconfigLine(menuconfig, line=42, indent=0), KconfigLine(type_bool, line=43, indent=4), KconfigLine(default, line=44, indent=4), KconfigLine(empty, line=45, indent=0), KconfigLine(if, line=46, indent=0), KconfigLine(empty, line=47, indent=0), KconfigLine(config, line=48, indent=0), KconfigLine(type_int, line=49, indent=4), KconfigLine(range, line=50, indent=4), KconfigLine(default, line=51, indent=4), KconfigLine(help, line=52, indent=4), KconfigLine(other, line=53, indent=8), KconfigLine(other, line=54, indent=8), KconfigLine(empty, line=55, indent=0), KconfigLine(choice, line=56, indent=0), KconfigLine(prompt, line=57, indent=4), KconfigLine(empty, line=58, indent=0), KconfigLine(config, line=59, indent=0), KconfigLine(type_bool, line=60, indent=4), KconfigLine(empty, line=61, indent=0), KconfigLine(config, line=62, indent=0), KconfigLine(type_bool, line=63, indent=4), KconfigLine(empty, line=64, indent=0), KconfigLine(config, line=65, indent=0), KconfigLine(type_bool, line=66, indent=4), KconfigLine(empty, line=67, indent=0), KconfigLine(config, line=68, indent=0), KconfigLine(type_bool, line=69, indent=4), KconfigLine(empty, line=70, indent=0), KconfigLine(endchoice, line=71, indent=0)]
current_indx: 89 - choice_attr_end: 95
PROCESS choice: [KconfigLine(commented, line=1, indent=0), KconfigLine(commented, line=2, indent=0), KconfigLine(other, line=3, indent=0), KconfigLine(commented, line=4, indent=0), KconfigLine(commented, line=5, indent=0), KconfigLine(commented, line=6, indent=0), KconfigLine(other, line=7, indent=0), KconfigLine(empty, line=8, indent=0), KconfigLine(if, line=9, indent=0), KconfigLine(empty, line=10, indent=0), KconfigLine(menu, line=11, indent=0), KconfigLine(empty, line=12, indent=0), KconfigLine(menuconfig, line=13, indent=0), KconfigLine(type_bool, line=14, indent=4), KconfigLine(default, line=15, indent=4), KconfigLine(empty, line=16, indent=0), KconfigLine(if, line=17, indent=0), KconfigLine(empty, line=18, indent=0), KconfigLine(choice, line=19, indent=0), KconfigLine(default, line=21, indent=4), KconfigLine(help, line=22, indent=4), KconfigLine(other, line=23, indent=8), KconfigLine(other, line=24, indent=8), KconfigLine(other, line=25, indent=8), KconfigLine(empty, line=26, indent=0), KconfigLine(config, line=27, indent=0), KconfigLine(type_bool, line=28, indent=4), KconfigLine(empty, line=29, indent=0), KconfigLine(config, line=30, indent=0), KconfigLine(type_bool, line=31, indent=4), KconfigLine(empty, line=32, indent=0), KconfigLine(endchoice, line=33, indent=0), KconfigLine(empty, line=34, indent=0), KconfigLine(config, line=35, indent=0), KconfigLine(type_int, line=36, indent=4), KconfigLine(default, line=37, indent=4), KconfigLine(default, line=38, indent=4), KconfigLine(empty, line=39, indent=0), KconfigLine(endif, line=40, indent=0), KconfigLine(empty, line=41, indent=0), KconfigLine(menuconfig, line=42, indent=0), KconfigLine(type_bool, line=43, indent=4), KconfigLine(default, line=44, indent=4), KconfigLine(empty, line=45, indent=0), KconfigLine(if, line=46, indent=0), KconfigLine(empty, line=47, indent=0), KconfigLine(config, line=48, indent=0), KconfigLine(type_int, line=49, indent=4), KconfigLine(range, line=50, indent=4), KconfigLine(default, line=51, indent=4), KconfigLine(help, line=52, indent=4), KconfigLine(other, line=53, indent=8), KconfigLine(other, line=54, indent=8), KconfigLine(empty, line=55, indent=0), KconfigLine(choice, line=56, indent=0), KconfigLine(prompt, line=57, indent=4), KconfigLine(empty, line=58, indent=0), KconfigLine(config, line=59, indent=0), KconfigLine(type_bool, line=60, indent=4), KconfigLine(empty, line=61, indent=0), KconfigLine(config, line=62, indent=0), KconfigLine(type_bool, line=63, indent=4), KconfigLine(empty, line=64, indent=0), KconfigLine(config, line=65, indent=0), KconfigLine(type_bool, line=66, indent=4), KconfigLine(empty, line=67, indent=0), KconfigLine(config, line=68, indent=0), KconfigLine(type_bool, line=69, indent=4), KconfigLine(empty, line=70, indent=0), KconfigLine(endchoice, line=71, indent=0), KconfigLine(empty, line=72, indent=0), KconfigLine(endif, line=73, indent=0), KconfigLine(empty, line=74, indent=0), KconfigLine(menuconfig, line=75, indent=0), KconfigLine(type_bool, line=76, indent=4), KconfigLine(default, line=77, indent=4), KconfigLine(empty, line=78, indent=0), KconfigLine(if, line=79, indent=0), KconfigLine(empty, line=80, indent=0), KconfigLine(config, line=81, indent=0), KconfigLine(type_int, line=82, indent=4), KconfigLine(range, line=83, indent=4), KconfigLine(default, line=84, indent=4), KconfigLine(help, line=85, indent=4), KconfigLine(other, line=86, indent=8), KconfigLine(other, line=87, indent=8), KconfigLine(empty, line=88, indent=0), KconfigLine(choice, line=89, indent=0), KconfigLine(default, line=91, indent=4), KconfigLine(help, line=92, indent=4), KconfigLine(other, line=93, indent=8), KconfigLine(other, line=94, indent=8), KconfigLine(empty, line=95, indent=0), KconfigLine(config, line=96, indent=0), KconfigLine(type_bool, line=97, indent=4), KconfigLine(empty, line=98, indent=0), KconfigLine(config, line=99, indent=0), KconfigLine(type_bool, line=100, indent=4), KconfigLine(empty, line=101, indent=0), KconfigLine(config, line=102, indent=0), KconfigLine(type_bool, line=103, indent=4), KconfigLine(empty, line=104, indent=0), KconfigLine(config, line=105, indent=0), KconfigLine(type_bool, line=106, indent=4), KconfigLine(empty, line=107, indent=0), KconfigLine(config, line=108, indent=0), KconfigLine(type_bool, line=109, indent=4), KconfigLine(empty, line=110, indent=0), KconfigLine(config, line=111, indent=0), KconfigLine(type_bool, line=112, indent=4), KconfigLine(empty, line=113, indent=0), KconfigLine(config, line=114, indent=0), KconfigLine(type_bool, line=115, indent=4), KconfigLine(empty, line=116, indent=0), KconfigLine(endchoice, line=117, indent=0)]
current_indx: 137 - choice_attr_end: 142
PROCESS choice: [KconfigLine(commented, line=1, indent=0), KconfigLine(commented, line=2, indent=0), KconfigLine(other, line=3, indent=0), KconfigLine(commented, line=4, indent=0), KconfigLine(commented, line=5, indent=0), KconfigLine(commented, line=6, indent=0), KconfigLine(other, line=7, indent=0), KconfigLine(empty, line=8, indent=0), KconfigLine(if, line=9, indent=0), KconfigLine(empty, line=10, indent=0), KconfigLine(menu, line=11, indent=0), KconfigLine(empty, line=12, indent=0), KconfigLine(menuconfig, line=13, indent=0), KconfigLine(type_bool, line=14, indent=4), KconfigLine(default, line=15, indent=4), KconfigLine(empty, line=16, indent=0), KconfigLine(if, line=17, indent=0), KconfigLine(empty, line=18, indent=0), KconfigLine(choice, line=19, indent=0), KconfigLine(default, line=21, indent=4), KconfigLine(help, line=22, indent=4), KconfigLine(other, line=23, indent=8), KconfigLine(other, line=24, indent=8), KconfigLine(other, line=25, indent=8), KconfigLine(empty, line=26, indent=0), KconfigLine(config, line=27, indent=0), KconfigLine(type_bool, line=28, indent=4), KconfigLine(empty, line=29, indent=0), KconfigLine(config, line=30, indent=0), KconfigLine(type_bool, line=31, indent=4), KconfigLine(empty, line=32, indent=0), KconfigLine(endchoice, line=33, indent=0), KconfigLine(empty, line=34, indent=0), KconfigLine(config, line=35, indent=0), KconfigLine(type_int, line=36, indent=4), KconfigLine(default, line=37, indent=4), KconfigLine(default, line=38, indent=4), KconfigLine(empty, line=39, indent=0), KconfigLine(endif, line=40, indent=0), KconfigLine(empty, line=41, indent=0), KconfigLine(menuconfig, line=42, indent=0), KconfigLine(type_bool, line=43, indent=4), KconfigLine(default, line=44, indent=4), KconfigLine(empty, line=45, indent=0), KconfigLine(if, line=46, indent=0), KconfigLine(empty, line=47, indent=0), KconfigLine(config, line=48, indent=0), KconfigLine(type_int, line=49, indent=4), KconfigLine(range, line=50, indent=4), KconfigLine(default, line=51, indent=4), KconfigLine(help, line=52, indent=4), KconfigLine(other, line=53, indent=8), KconfigLine(other, line=54, indent=8), KconfigLine(empty, line=55, indent=0), KconfigLine(choice, line=56, indent=0), KconfigLine(prompt, line=57, indent=4), KconfigLine(empty, line=58, indent=0), KconfigLine(config, line=59, indent=0), KconfigLine(type_bool, line=60, indent=4), KconfigLine(empty, line=61, indent=0), KconfigLine(config, line=62, indent=0), KconfigLine(type_bool, line=63, indent=4), KconfigLine(empty, line=64, indent=0), KconfigLine(config, line=65, indent=0), KconfigLine(type_bool, line=66, indent=4), KconfigLine(empty, line=67, indent=0), KconfigLine(config, line=68, indent=0), KconfigLine(type_bool, line=69, indent=4), KconfigLine(empty, line=70, indent=0), KconfigLine(endchoice, line=71, indent=0), KconfigLine(empty, line=72, indent=0), KconfigLine(endif, line=73, indent=0), KconfigLine(empty, line=74, indent=0), KconfigLine(menuconfig, line=75, indent=0), KconfigLine(type_bool, line=76, indent=4), KconfigLine(default, line=77, indent=4), KconfigLine(empty, line=78, indent=0), KconfigLine(if, line=79, indent=0), KconfigLine(empty, line=80, indent=0), KconfigLine(config, line=81, indent=0), KconfigLine(type_int, line=82, indent=4), KconfigLine(range, line=83, indent=4), KconfigLine(default, line=84, indent=4), KconfigLine(help, line=85, indent=4), KconfigLine(other, line=86, indent=8), KconfigLine(other, line=87, indent=8), KconfigLine(empty, line=88, indent=0), KconfigLine(choice, line=89, indent=0), KconfigLine(default, line=91, indent=4), KconfigLine(help, line=92, indent=4), KconfigLine(other, line=93, indent=8), KconfigLine(other, line=94, indent=8), KconfigLine(empty, line=95, indent=0), KconfigLine(config, line=96, indent=0), KconfigLine(type_bool, line=97, indent=4), KconfigLine(empty, line=98, indent=0), KconfigLine(config, line=99, indent=0), KconfigLine(type_bool, line=100, indent=4), KconfigLine(empty, line=101, indent=0), KconfigLine(config, line=102, indent=0), KconfigLine(type_bool, line=103, indent=4), KconfigLine(empty, line=104, indent=0), KconfigLine(config, line=105, indent=0), KconfigLine(type_bool, line=106, indent=4), KconfigLine(empty, line=107, indent=0), KconfigLine(config, line=108, indent=0), KconfigLine(type_bool, line=109, indent=4), KconfigLine(empty, line=110, indent=0), KconfigLine(config, line=111, indent=0), KconfigLine(type_bool, line=112, indent=4), KconfigLine(empty, line=113, indent=0), KconfigLine(config, line=114, indent=0), KconfigLine(type_bool, line=115, indent=4), KconfigLine(empty, line=116, indent=0), KconfigLine(endchoice, line=117, indent=0), KconfigLine(empty, line=118, indent=0), KconfigLine(config, line=119, indent=0), KconfigLine(type_int, line=120, indent=4), KconfigLine(default, line=121, indent=4), KconfigLine(default, line=122, indent=4), KconfigLine(default, line=123, indent=4), KconfigLine(default, line=124, indent=4), KconfigLine(default, line=125, indent=4), KconfigLine(default, line=126, indent=4), KconfigLine(default, line=127, indent=4), KconfigLine(empty, line=128, indent=0), KconfigLine(endif, line=129, indent=0), KconfigLine(empty, line=130, indent=0), KconfigLine(menuconfig, line=131, indent=0), KconfigLine(type_bool, line=132, indent=4), KconfigLine(default, line=133, indent=4), KconfigLine(empty, line=134, indent=0), KconfigLine(if, line=135, indent=0), KconfigLine(empty, line=136, indent=0), KconfigLine(choice, line=137, indent=0), KconfigLine(default, line=139, indent=4), KconfigLine(help, line=140, indent=4), KconfigLine(other, line=141, indent=8), KconfigLine(empty, line=142, indent=0), KconfigLine(config, line=143, indent=0), KconfigLine(type_bool, line=144, indent=4), KconfigLine(empty, line=145, indent=0), KconfigLine(config, line=146, indent=0), KconfigLine(type_bool, line=147, indent=4), KconfigLine(empty, line=148, indent=0), KconfigLine(config, line=149, indent=0), KconfigLine(type_bool, line=150, indent=4), KconfigLine(empty, line=151, indent=0), KconfigLine(config, line=152, indent=0), KconfigLine(type_bool, line=153, indent=4), KconfigLine(empty, line=154, indent=0), KconfigLine(config, line=155, indent=0), KconfigLine(type_bool, line=156, indent=4), KconfigLine(empty, line=157, indent=0), KconfigLine(config, line=158, indent=0), KconfigLine(type_bool, line=159, indent=4), KconfigLine(empty, line=160, indent=0), KconfigLine(endchoice, line=161, indent=0)]
current_indx: 180 - choice_attr_end: 183
PROCESS choice: [KconfigLine(commented, line=1, indent=0), KconfigLine(commented, line=2, indent=0), KconfigLine(other, line=3, indent=0), KconfigLine(commented, line=4, indent=0), KconfigLine(commented, line=5, indent=0), KconfigLine(commented, line=6, indent=0), KconfigLine(other, line=7, indent=0), KconfigLine(empty, line=8, indent=0), KconfigLine(if, line=9, indent=0), KconfigLine(empty, line=10, indent=0), KconfigLine(menu, line=11, indent=0), KconfigLine(empty, line=12, indent=0), KconfigLine(menuconfig, line=13, indent=0), KconfigLine(type_bool, line=14, indent=4), KconfigLine(default, line=15, indent=4), KconfigLine(empty, line=16, indent=0), KconfigLine(if, line=17, indent=0), KconfigLine(empty, line=18, indent=0), KconfigLine(choice, line=19, indent=0), KconfigLine(default, line=21, indent=4), KconfigLine(help, line=22, indent=4), KconfigLine(other, line=23, indent=8), KconfigLine(other, line=24, indent=8), KconfigLine(other, line=25, indent=8), KconfigLine(empty, line=26, indent=0), KconfigLine(config, line=27, indent=0), KconfigLine(type_bool, line=28, indent=4), KconfigLine(empty, line=29, indent=0), KconfigLine(config, line=30, indent=0), KconfigLine(type_bool, line=31, indent=4), KconfigLine(empty, line=32, indent=0), KconfigLine(endchoice, line=33, indent=0), KconfigLine(empty, line=34, indent=0), KconfigLine(config, line=35, indent=0), KconfigLine(type_int, line=36, indent=4), KconfigLine(default, line=37, indent=4), KconfigLine(default, line=38, indent=4), KconfigLine(empty, line=39, indent=0), KconfigLine(endif, line=40, indent=0), KconfigLine(empty, line=41, indent=0), KconfigLine(menuconfig, line=42, indent=0), KconfigLine(type_bool, line=43, indent=4), KconfigLine(default, line=44, indent=4), KconfigLine(empty, line=45, indent=0), KconfigLine(if, line=46, indent=0), KconfigLine(empty, line=47, indent=0), KconfigLine(config, line=48, indent=0), KconfigLine(type_int, line=49, indent=4), KconfigLine(range, line=50, indent=4), KconfigLine(default, line=51, indent=4), KconfigLine(help, line=52, indent=4), KconfigLine(other, line=53, indent=8), KconfigLine(other, line=54, indent=8), KconfigLine(empty, line=55, indent=0), KconfigLine(choice, line=56, indent=0), KconfigLine(prompt, line=57, indent=4), KconfigLine(empty, line=58, indent=0), KconfigLine(config, line=59, indent=0), KconfigLine(type_bool, line=60, indent=4), KconfigLine(empty, line=61, indent=0), KconfigLine(config, line=62, indent=0), KconfigLine(type_bool, line=63, indent=4), KconfigLine(empty, line=64, indent=0), KconfigLine(config, line=65, indent=0), KconfigLine(type_bool, line=66, indent=4), KconfigLine(empty, line=67, indent=0), KconfigLine(config, line=68, indent=0), KconfigLine(type_bool, line=69, indent=4), KconfigLine(empty, line=70, indent=0), KconfigLine(endchoice, line=71, indent=0), KconfigLine(empty, line=72, indent=0), KconfigLine(endif, line=73, indent=0), KconfigLine(empty, line=74, indent=0), KconfigLine(menuconfig, line=75, indent=0), KconfigLine(type_bool, line=76, indent=4), KconfigLine(default, line=77, indent=4), KconfigLine(empty, line=78, indent=0), KconfigLine(if, line=79, indent=0), KconfigLine(empty, line=80, indent=0), KconfigLine(config, line=81, indent=0), KconfigLine(type_int, line=82, indent=4), KconfigLine(range, line=83, indent=4), KconfigLine(default, line=84, indent=4), KconfigLine(help, line=85, indent=4), KconfigLine(other, line=86, indent=8), KconfigLine(other, line=87, indent=8), KconfigLine(empty, line=88, indent=0), KconfigLine(choice, line=89, indent=0), KconfigLine(default, line=91, indent=4), KconfigLine(help, line=92, indent=4), KconfigLine(other, line=93, indent=8), KconfigLine(other, line=94, indent=8), KconfigLine(empty, line=95, indent=0), KconfigLine(config, line=96, indent=0), KconfigLine(type_bool, line=97, indent=4), KconfigLine(empty, line=98, indent=0), KconfigLine(config, line=99, indent=0), KconfigLine(type_bool, line=100, indent=4), KconfigLine(empty, line=101, indent=0), KconfigLine(config, line=102, indent=0), KconfigLine(type_bool, line=103, indent=4), KconfigLine(empty, line=104, indent=0), KconfigLine(config, line=105, indent=0), KconfigLine(type_bool, line=106, indent=4), KconfigLine(empty, line=107, indent=0), KconfigLine(config, line=108, indent=0), KconfigLine(type_bool, line=109, indent=4), KconfigLine(empty, line=110, indent=0), KconfigLine(config, line=111, indent=0), KconfigLine(type_bool, line=112, indent=4), KconfigLine(empty, line=113, indent=0), KconfigLine(config, line=114, indent=0), KconfigLine(type_bool, line=115, indent=4), KconfigLine(empty, line=116, indent=0), KconfigLine(endchoice, line=117, indent=0), KconfigLine(empty, line=118, indent=0), KconfigLine(config, line=119, indent=0), KconfigLine(type_int, line=120, indent=4), KconfigLine(default, line=121, indent=4), KconfigLine(default, line=122, indent=4), KconfigLine(default, line=123, indent=4), KconfigLine(default, line=124, indent=4), KconfigLine(default, line=125, indent=4), KconfigLine(default, line=126, indent=4), KconfigLine(default, line=127, indent=4), KconfigLine(empty, line=128, indent=0), KconfigLine(endif, line=129, indent=0), KconfigLine(empty, line=130, indent=0), KconfigLine(menuconfig, line=131, indent=0), KconfigLine(type_bool, line=132, indent=4), KconfigLine(default, line=133, indent=4), KconfigLine(empty, line=134, indent=0), KconfigLine(if, line=135, indent=0), KconfigLine(empty, line=136, indent=0), KconfigLine(choice, line=137, indent=0), KconfigLine(default, line=139, indent=4), KconfigLine(help, line=140, indent=4), KconfigLine(other, line=141, indent=8), KconfigLine(empty, line=142, indent=0), KconfigLine(config, line=143, indent=0), KconfigLine(type_bool, line=144, indent=4), KconfigLine(empty, line=145, indent=0), KconfigLine(config, line=146, indent=0), KconfigLine(type_bool, line=147, indent=4), KconfigLine(empty, line=148, indent=0), KconfigLine(config, line=149, indent=0), KconfigLine(type_bool, line=150, indent=4), KconfigLine(empty, line=151, indent=0), KconfigLine(config, line=152, indent=0), KconfigLine(type_bool, line=153, indent=4), KconfigLine(empty, line=154, indent=0), KconfigLine(config, line=155, indent=0), KconfigLine(type_bool, line=156, indent=4), KconfigLine(empty, line=157, indent=0), KconfigLine(config, line=158, indent=0), KconfigLine(type_bool, line=159, indent=4), KconfigLine(empty, line=160, indent=0), KconfigLine(endchoice, line=161, indent=0), KconfigLine(empty, line=162, indent=0), KconfigLine(config, line=163, indent=0), KconfigLine(type_int, line=164, indent=4), KconfigLine(default, line=165, indent=4), KconfigLine(default, line=166, indent=4), KconfigLine(default, line=167, indent=4), KconfigLine(default, line=168, indent=4), KconfigLine(default, line=169, indent=4), KconfigLine(default, line=170, indent=4), KconfigLine(empty, line=171, indent=0), KconfigLine(config, line=172, indent=0), KconfigLine(type_int, line=173, indent=4), KconfigLine(range, line=174, indent=4), KconfigLine(default, line=175, indent=4), KconfigLine(help, line=176, indent=4), KconfigLine(other, line=177, indent=8), KconfigLine(other, line=178, indent=8), KconfigLine(empty, line=179, indent=0), KconfigLine(choice, line=180, indent=0), KconfigLine(default, line=182, indent=4), KconfigLine(empty, line=183, indent=0), KconfigLine(config, line=184, indent=0), KconfigLine(type_bool, line=185, indent=4), KconfigLine(empty, line=186, indent=0), KconfigLine(config, line=187, indent=0), KconfigLine(type_bool, line=188, indent=4), KconfigLine(empty, line=189, indent=0), KconfigLine(endchoice, line=190, indent=0)]
current_indx: 197 - choice_attr_end: 200
PROCESS choice: [KconfigLine(commented, line=1, indent=0), KconfigLine(commented, line=2, indent=0), KconfigLine(other, line=3, indent=0), KconfigLine(commented, line=4, indent=0), KconfigLine(commented, line=5, indent=0), KconfigLine(commented, line=6, indent=0), KconfigLine(other, line=7, indent=0), KconfigLine(empty, line=8, indent=0), KconfigLine(if, line=9, indent=0), KconfigLine(empty, line=10, indent=0), KconfigLine(menu, line=11, indent=0), KconfigLine(empty, line=12, indent=0), KconfigLine(menuconfig, line=13, indent=0), KconfigLine(type_bool, line=14, indent=4), KconfigLine(default, line=15, indent=4), KconfigLine(empty, line=16, indent=0), KconfigLine(if, line=17, indent=0), KconfigLine(empty, line=18, indent=0), KconfigLine(choice, line=19, indent=0), KconfigLine(default, line=21, indent=4), KconfigLine(help, line=22, indent=4), KconfigLine(other, line=23, indent=8), KconfigLine(other, line=24, indent=8), KconfigLine(other, line=25, indent=8), KconfigLine(empty, line=26, indent=0), KconfigLine(config, line=27, indent=0), KconfigLine(type_bool, line=28, indent=4), KconfigLine(empty, line=29, indent=0), KconfigLine(config, line=30, indent=0), KconfigLine(type_bool, line=31, indent=4), KconfigLine(empty, line=32, indent=0), KconfigLine(endchoice, line=33, indent=0), KconfigLine(empty, line=34, indent=0), KconfigLine(config, line=35, indent=0), KconfigLine(type_int, line=36, indent=4), KconfigLine(default, line=37, indent=4), KconfigLine(default, line=38, indent=4), KconfigLine(empty, line=39, indent=0), KconfigLine(endif, line=40, indent=0), KconfigLine(empty, line=41, indent=0), KconfigLine(menuconfig, line=42, indent=0), KconfigLine(type_bool, line=43, indent=4), KconfigLine(default, line=44, indent=4), KconfigLine(empty, line=45, indent=0), KconfigLine(if, line=46, indent=0), KconfigLine(empty, line=47, indent=0), KconfigLine(config, line=48, indent=0), KconfigLine(type_int, line=49, indent=4), KconfigLine(range, line=50, indent=4), KconfigLine(default, line=51, indent=4), KconfigLine(help, line=52, indent=4), KconfigLine(other, line=53, indent=8), KconfigLine(other, line=54, indent=8), KconfigLine(empty, line=55, indent=0), KconfigLine(choice, line=56, indent=0), KconfigLine(prompt, line=57, indent=4), KconfigLine(empty, line=58, indent=0), KconfigLine(config, line=59, indent=0), KconfigLine(type_bool, line=60, indent=4), KconfigLine(empty, line=61, indent=0), KconfigLine(config, line=62, indent=0), KconfigLine(type_bool, line=63, indent=4), KconfigLine(empty, line=64, indent=0), KconfigLine(config, line=65, indent=0), KconfigLine(type_bool, line=66, indent=4), KconfigLine(empty, line=67, indent=0), KconfigLine(config, line=68, indent=0), KconfigLine(type_bool, line=69, indent=4), KconfigLine(empty, line=70, indent=0), KconfigLine(endchoice, line=71, indent=0), KconfigLine(empty, line=72, indent=0), KconfigLine(endif, line=73, indent=0), KconfigLine(empty, line=74, indent=0), KconfigLine(menuconfig, line=75, indent=0), KconfigLine(type_bool, line=76, indent=4), KconfigLine(default, line=77, indent=4), KconfigLine(empty, line=78, indent=0), KconfigLine(if, line=79, indent=0), KconfigLine(empty, line=80, indent=0), KconfigLine(config, line=81, indent=0), KconfigLine(type_int, line=82, indent=4), KconfigLine(range, line=83, indent=4), KconfigLine(default, line=84, indent=4), KconfigLine(help, line=85, indent=4), KconfigLine(other, line=86, indent=8), KconfigLine(other, line=87, indent=8), KconfigLine(empty, line=88, indent=0), KconfigLine(choice, line=89, indent=0), KconfigLine(default, line=91, indent=4), KconfigLine(help, line=92, indent=4), KconfigLine(other, line=93, indent=8), KconfigLine(other, line=94, indent=8), KconfigLine(empty, line=95, indent=0), KconfigLine(config, line=96, indent=0), KconfigLine(type_bool, line=97, indent=4), KconfigLine(empty, line=98, indent=0), KconfigLine(config, line=99, indent=0), KconfigLine(type_bool, line=100, indent=4), KconfigLine(empty, line=101, indent=0), KconfigLine(config, line=102, indent=0), KconfigLine(type_bool, line=103, indent=4), KconfigLine(empty, line=104, indent=0), KconfigLine(config, line=105, indent=0), KconfigLine(type_bool, line=106, indent=4), KconfigLine(empty, line=107, indent=0), KconfigLine(config, line=108, indent=0), KconfigLine(type_bool, line=109, indent=4), KconfigLine(empty, line=110, indent=0), KconfigLine(config, line=111, indent=0), KconfigLine(type_bool, line=112, indent=4), KconfigLine(empty, line=113, indent=0), KconfigLine(config, line=114, indent=0), KconfigLine(type_bool, line=115, indent=4), KconfigLine(empty, line=116, indent=0), KconfigLine(endchoice, line=117, indent=0), KconfigLine(empty, line=118, indent=0), KconfigLine(config, line=119, indent=0), KconfigLine(type_int, line=120, indent=4), KconfigLine(default, line=121, indent=4), KconfigLine(default, line=122, indent=4), KconfigLine(default, line=123, indent=4), KconfigLine(default, line=124, indent=4), KconfigLine(default, line=125, indent=4), KconfigLine(default, line=126, indent=4), KconfigLine(default, line=127, indent=4), KconfigLine(empty, line=128, indent=0), KconfigLine(endif, line=129, indent=0), KconfigLine(empty, line=130, indent=0), KconfigLine(menuconfig, line=131, indent=0), KconfigLine(type_bool, line=132, indent=4), KconfigLine(default, line=133, indent=4), KconfigLine(empty, line=134, indent=0), KconfigLine(if, line=135, indent=0), KconfigLine(empty, line=136, indent=0), KconfigLine(choice, line=137, indent=0), KconfigLine(default, line=139, indent=4), KconfigLine(help, line=140, indent=4), KconfigLine(other, line=141, indent=8), KconfigLine(empty, line=142, indent=0), KconfigLine(config, line=143, indent=0), KconfigLine(type_bool, line=144, indent=4), KconfigLine(empty, line=145, indent=0), KconfigLine(config, line=146, indent=0), KconfigLine(type_bool, line=147, indent=4), KconfigLine(empty, line=148, indent=0), KconfigLine(config, line=149, indent=0), KconfigLine(type_bool, line=150, indent=4), KconfigLine(empty, line=151, indent=0), KconfigLine(config, line=152, indent=0), KconfigLine(type_bool, line=153, indent=4), KconfigLine(empty, line=154, indent=0), KconfigLine(config, line=155, indent=0), KconfigLine(type_bool, line=156, indent=4), KconfigLine(empty, line=157, indent=0), KconfigLine(config, line=158, indent=0), KconfigLine(type_bool, line=159, indent=4), KconfigLine(empty, line=160, indent=0), KconfigLine(endchoice, line=161, indent=0), KconfigLine(empty, line=162, indent=0), KconfigLine(config, line=163, indent=0), KconfigLine(type_int, line=164, indent=4), KconfigLine(default, line=165, indent=4), KconfigLine(default, line=166, indent=4), KconfigLine(default, line=167, indent=4), KconfigLine(default, line=168, indent=4), KconfigLine(default, line=169, indent=4), KconfigLine(default, line=170, indent=4), KconfigLine(empty, line=171, indent=0), KconfigLine(config, line=172, indent=0), KconfigLine(type_int, line=173, indent=4), KconfigLine(range, line=174, indent=4), KconfigLine(default, line=175, indent=4), KconfigLine(help, line=176, indent=4), KconfigLine(other, line=177, indent=8), KconfigLine(other, line=178, indent=8), KconfigLine(empty, line=179, indent=0), KconfigLine(choice, line=180, indent=0), KconfigLine(default, line=182, indent=4), KconfigLine(empty, line=183, indent=0), KconfigLine(config, line=184, indent=0), KconfigLine(type_bool, line=185, indent=4), KconfigLine(empty, line=186, indent=0), KconfigLine(config, line=187, indent=0), KconfigLine(type_bool, line=188, indent=4), KconfigLine(empty, line=189, indent=0), KconfigLine(endchoice, line=190, indent=0), KconfigLine(empty, line=191, indent=0), KconfigLine(config, line=192, indent=0), KconfigLine(type_int, line=193, indent=4), KconfigLine(default, line=194, indent=4), KconfigLine(default, line=195, indent=4), KconfigLine(empty, line=196, indent=0), KconfigLine(choice, line=197, indent=0), KconfigLine(default, line=199, indent=4), KconfigLine(empty, line=200, indent=0), KconfigLine(config, line=201, indent=0), KconfigLine(type_bool, line=202, indent=4), KconfigLine(empty, line=203, indent=0), KconfigLine(config, line=204, indent=0), KconfigLine(type_bool, line=205, indent=4), KconfigLine(empty, line=206, indent=0), KconfigLine(config, line=207, indent=0), KconfigLine(type_bool, line=208, indent=4), KconfigLine(empty, line=209, indent=0), KconfigLine(endchoice, line=210, indent=0)]
current_indx: 220 - choice_attr_end: 222
PROCESS choice: [KconfigLine(commented, line=1, indent=0), KconfigLine(commented, line=2, indent=0), KconfigLine(other, line=3, indent=0), KconfigLine(commented, line=4, indent=0), KconfigLine(commented, line=5, indent=0), KconfigLine(commented, line=6, indent=0), KconfigLine(other, line=7, indent=0), KconfigLine(empty, line=8, indent=0), KconfigLine(if, line=9, indent=0), KconfigLine(empty, line=10, indent=0), KconfigLine(menu, line=11, indent=0), KconfigLine(empty, line=12, indent=0), KconfigLine(menuconfig, line=13, indent=0), KconfigLine(type_bool, line=14, indent=4), KconfigLine(default, line=15, indent=4), KconfigLine(empty, line=16, indent=0), KconfigLine(if, line=17, indent=0), KconfigLine(empty, line=18, indent=0), KconfigLine(choice, line=19, indent=0), KconfigLine(default, line=21, indent=4), KconfigLine(help, line=22, indent=4), KconfigLine(other, line=23, indent=8), KconfigLine(other, line=24, indent=8), KconfigLine(other, line=25, indent=8), KconfigLine(empty, line=26, indent=0), KconfigLine(config, line=27, indent=0), KconfigLine(type_bool, line=28, indent=4), KconfigLine(empty, line=29, indent=0), KconfigLine(config, line=30, indent=0), KconfigLine(type_bool, line=31, indent=4), KconfigLine(empty, line=32, indent=0), KconfigLine(endchoice, line=33, indent=0), KconfigLine(empty, line=34, indent=0), KconfigLine(config, line=35, indent=0), KconfigLine(type_int, line=36, indent=4), KconfigLine(default, line=37, indent=4), KconfigLine(default, line=38, indent=4), KconfigLine(empty, line=39, indent=0), KconfigLine(endif, line=40, indent=0), KconfigLine(empty, line=41, indent=0), KconfigLine(menuconfig, line=42, indent=0), KconfigLine(type_bool, line=43, indent=4), KconfigLine(default, line=44, indent=4), KconfigLine(empty, line=45, indent=0), KconfigLine(if, line=46, indent=0), KconfigLine(empty, line=47, indent=0), KconfigLine(config, line=48, indent=0), KconfigLine(type_int, line=49, indent=4), KconfigLine(range, line=50, indent=4), KconfigLine(default, line=51, indent=4), KconfigLine(help, line=52, indent=4), KconfigLine(other, line=53, indent=8), KconfigLine(other, line=54, indent=8), KconfigLine(empty, line=55, indent=0), KconfigLine(choice, line=56, indent=0), KconfigLine(prompt, line=57, indent=4), KconfigLine(empty, line=58, indent=0), KconfigLine(config, line=59, indent=0), KconfigLine(type_bool, line=60, indent=4), KconfigLine(empty, line=61, indent=0), KconfigLine(config, line=62, indent=0), KconfigLine(type_bool, line=63, indent=4), KconfigLine(empty, line=64, indent=0), KconfigLine(config, line=65, indent=0), KconfigLine(type_bool, line=66, indent=4), KconfigLine(empty, line=67, indent=0), KconfigLine(config, line=68, indent=0), KconfigLine(type_bool, line=69, indent=4), KconfigLine(empty, line=70, indent=0), KconfigLine(endchoice, line=71, indent=0), KconfigLine(empty, line=72, indent=0), KconfigLine(endif, line=73, indent=0), KconfigLine(empty, line=74, indent=0), KconfigLine(menuconfig, line=75, indent=0), KconfigLine(type_bool, line=76, indent=4), KconfigLine(default, line=77, indent=4), KconfigLine(empty, line=78, indent=0), KconfigLine(if, line=79, indent=0), KconfigLine(empty, line=80, indent=0), KconfigLine(config, line=81, indent=0), KconfigLine(type_int, line=82, indent=4), KconfigLine(range, line=83, indent=4), KconfigLine(default, line=84, indent=4), KconfigLine(help, line=85, indent=4), KconfigLine(other, line=86, indent=8), KconfigLine(other, line=87, indent=8), KconfigLine(empty, line=88, indent=0), KconfigLine(choice, line=89, indent=0), KconfigLine(default, line=91, indent=4), KconfigLine(help, line=92, indent=4), KconfigLine(other, line=93, indent=8), KconfigLine(other, line=94, indent=8), KconfigLine(empty, line=95, indent=0), KconfigLine(config, line=96, indent=0), KconfigLine(type_bool, line=97, indent=4), KconfigLine(empty, line=98, indent=0), KconfigLine(config, line=99, indent=0), KconfigLine(type_bool, line=100, indent=4), KconfigLine(empty, line=101, indent=0), KconfigLine(config, line=102, indent=0), KconfigLine(type_bool, line=103, indent=4), KconfigLine(empty, line=104, indent=0), KconfigLine(config, line=105, indent=0), KconfigLine(type_bool, line=106, indent=4), KconfigLine(empty, line=107, indent=0), KconfigLine(config, line=108, indent=0), KconfigLine(type_bool, line=109, indent=4), KconfigLine(empty, line=110, indent=0), KconfigLine(config, line=111, indent=0), KconfigLine(type_bool, line=112, indent=4), KconfigLine(empty, line=113, indent=0), KconfigLine(config, line=114, indent=0), KconfigLine(type_bool, line=115, indent=4), KconfigLine(empty, line=116, indent=0), KconfigLine(endchoice, line=117, indent=0), KconfigLine(empty, line=118, indent=0), KconfigLine(config, line=119, indent=0), KconfigLine(type_int, line=120, indent=4), KconfigLine(default, line=121, indent=4), KconfigLine(default, line=122, indent=4), KconfigLine(default, line=123, indent=4), KconfigLine(default, line=124, indent=4), KconfigLine(default, line=125, indent=4), KconfigLine(default, line=126, indent=4), KconfigLine(default, line=127, indent=4), KconfigLine(empty, line=128, indent=0), KconfigLine(endif, line=129, indent=0), KconfigLine(empty, line=130, indent=0), KconfigLine(menuconfig, line=131, indent=0), KconfigLine(type_bool, line=132, indent=4), KconfigLine(default, line=133, indent=4), KconfigLine(empty, line=134, indent=0), KconfigLine(if, line=135, indent=0), KconfigLine(empty, line=136, indent=0), KconfigLine(choice, line=137, indent=0), KconfigLine(default, line=139, indent=4), KconfigLine(help, line=140, indent=4), KconfigLine(other, line=141, indent=8), KconfigLine(empty, line=142, indent=0), KconfigLine(config, line=143, indent=0), KconfigLine(type_bool, line=144, indent=4), KconfigLine(empty, line=145, indent=0), KconfigLine(config, line=146, indent=0), KconfigLine(type_bool, line=147, indent=4), KconfigLine(empty, line=148, indent=0), KconfigLine(config, line=149, indent=0), KconfigLine(type_bool, line=150, indent=4), KconfigLine(empty, line=151, indent=0), KconfigLine(config, line=152, indent=0), KconfigLine(type_bool, line=153, indent=4), KconfigLine(empty, line=154, indent=0), KconfigLine(config, line=155, indent=0), KconfigLine(type_bool, line=156, indent=4), KconfigLine(empty, line=157, indent=0), KconfigLine(config, line=158, indent=0), KconfigLine(type_bool, line=159, indent=4), KconfigLine(empty, line=160, indent=0), KconfigLine(endchoice, line=161, indent=0), KconfigLine(empty, line=162, indent=0), KconfigLine(config, line=163, indent=0), KconfigLine(type_int, line=164, indent=4), KconfigLine(default, line=165, indent=4), KconfigLine(default, line=166, indent=4), KconfigLine(default, line=167, indent=4), KconfigLine(default, line=168, indent=4), KconfigLine(default, line=169, indent=4), KconfigLine(default, line=170, indent=4), KconfigLine(empty, line=171, indent=0), KconfigLine(config, line=172, indent=0), KconfigLine(type_int, line=173, indent=4), KconfigLine(range, line=174, indent=4), KconfigLine(default, line=175, indent=4), KconfigLine(help, line=176, indent=4), KconfigLine(other, line=177, indent=8), KconfigLine(other, line=178, indent=8), KconfigLine(empty, line=179, indent=0), KconfigLine(choice, line=180, indent=0), KconfigLine(default, line=182, indent=4), KconfigLine(empty, line=183, indent=0), KconfigLine(config, line=184, indent=0), KconfigLine(type_bool, line=185, indent=4), KconfigLine(empty, line=186, indent=0), KconfigLine(config, line=187, indent=0), KconfigLine(type_bool, line=188, indent=4), KconfigLine(empty, line=189, indent=0), KconfigLine(endchoice, line=190, indent=0), KconfigLine(empty, line=191, indent=0), KconfigLine(config, line=192, indent=0), KconfigLine(type_int, line=193, indent=4), KconfigLine(default, line=194, indent=4), KconfigLine(default, line=195, indent=4), KconfigLine(empty, line=196, indent=0), KconfigLine(choice, line=197, indent=0), KconfigLine(default, line=199, indent=4), KconfigLine(empty, line=200, indent=0), KconfigLine(config, line=201, indent=0), KconfigLine(type_bool, line=202, indent=4), KconfigLine(empty, line=203, indent=0), KconfigLine(config, line=204, indent=0), KconfigLine(type_bool, line=205, indent=4), KconfigLine(empty, line=206, indent=0), KconfigLine(config, line=207, indent=0), KconfigLine(type_bool, line=208, indent=4), KconfigLine(empty, line=209, indent=0), KconfigLine(endchoice, line=210, indent=0), KconfigLine(empty, line=211, indent=0), KconfigLine(config, line=212, indent=0), KconfigLine(type_int, line=213, indent=4), KconfigLine(default, line=214, indent=4), KconfigLine(default, line=215, indent=4), KconfigLine(default, line=216, indent=4), KconfigLine(empty, line=217, indent=0), KconfigLine(endif, line=218, indent=0), KconfigLine(empty, line=219, indent=0), KconfigLine(choice, line=220, indent=0), KconfigLine(prompt, line=221, indent=4), KconfigLine(empty, line=222, indent=0), KconfigLine(config, line=223, indent=0), KconfigLine(type_bool, line=224, indent=4), KconfigLine(depends_on, line=225, indent=4), KconfigLine(help, line=226, indent=4), KconfigLine(other, line=227, indent=8), KconfigLine(empty, line=228, indent=0), KconfigLine(config, line=229, indent=0), KconfigLine(type_bool, line=230, indent=4), KconfigLine(depends_on, line=231, indent=4), KconfigLine(help, line=232, indent=4), KconfigLine(other, line=233, indent=8), KconfigLine(empty, line=234, indent=0), KconfigLine(config, line=235, indent=0), KconfigLine(type_bool, line=236, indent=4), KconfigLine(depends_on, line=237, indent=4), KconfigLine(help, line=238, indent=4), KconfigLine(other, line=239, indent=8), KconfigLine(empty, line=240, indent=0), KconfigLine(config, line=241, indent=0), KconfigLine(type_bool, line=242, indent=4), KconfigLine(depends_on, line=243, indent=4), KconfigLine(help, line=244, indent=4), KconfigLine(other, line=245, indent=8), KconfigLine(empty, line=246, indent=0), KconfigLine(endchoice, line=247, indent=0)]
    FILE LOG --------------------------------------------------------------
    Reader input                309 lines
    -----------------------------------------------------------------------
    All source without glob:    0
    All source using glob:      0
    All osource_keywords:       0
    All rsource_keywords:       0
    All orsource_keywords:      0
    SUM (r/or/o)source lines:   0
    All "option env" attr:      0
    -----------------------------------------------------------------------
    Transformer Output:         304 lines
    -----------------------------------------------------------------------
        Added new bc of def_*:           0
        Added new bc of glob:            0
        Added new bc of config_default:  0
        Added new bc of named choice:    0
        Removed bc of config_default:    0
        Removed bc of named choice:      0
        Removed no match for o(r)source: 0
        Removed optional choice attr:    0
        Removed bool     choice attr:    5
        Removed tristate choice attr:    0
Excel saved: /home/ljd/wsMA_prototyp/transform_projects/transform_riot/RIOT_log/results3.xlsx
        Done writting 304 lines in /home/ljd/wsMA_prototyp/transform_projects/transform_riot/RIOT_output/drivers/at86rf215/Kconfig


Reader found: 19 lines in /home/ljd/riot/RIOT/drivers/cc110x/Kconfig
call _transform_lines(lines from reader, input, configdefault dict info)
start transforming 19 input lines
    FILE LOG --------------------------------------------------------------
    Reader input                19 lines
    -----------------------------------------------------------------------
    All source without glob:    0
    All source using glob:      0
    All osource_keywords:       0
    All rsource_keywords:       0
    All orsource_keywords:      0
    SUM (r/or/o)source lines:   0
    All "option env" attr:      0
    -----------------------------------------------------------------------
    Transformer Output:         19 lines
    -----------------------------------------------------------------------
        Added new bc of def_*:           0
        Added new bc of glob:            0
        Added new bc of config_default:  0
        Added new bc of named choice:    0
        Removed bc of config_default:    0
        Removed bc of named choice:      0
        Removed no match for o(r)source: 0
        Removed optional choice attr:    0
        Removed bool     choice attr:    0
        Removed tristate choice attr:    0
Excel saved: /home/ljd/wsMA_prototyp/transform_projects/transform_riot/RIOT_log/results3.xlsx
        Done writting 19 lines in /home/ljd/wsMA_prototyp/transform_projects/transform_riot/RIOT_output/drivers/cc110x/Kconfig


Reader found: 8 lines in /home/ljd/riot/RIOT/cpu/nrf5x_common/radio/Kconfig.nrf5x
call _transform_lines(lines from reader, input, configdefault dict info)
start transforming 8 input lines
    GLOB LOG ----------------------------------------------------------------------------
    Resolve rsource: $(RIOTCPU)/nrf52/radio/nrf802154/Kconfig at line 8
      -> cpu/nrf52/radio/nrf802154/Kconfig
    Files matching: 1 (using rsource)
    FILE LOG --------------------------------------------------------------
    Reader input                8 lines
    -----------------------------------------------------------------------
    All source without glob:    0
    All source using glob:      0
    All osource_keywords:       0
    All rsource_keywords:       1
    All orsource_keywords:      0
    SUM (r/or/o)source lines:   1
    All "option env" attr:      0
    -----------------------------------------------------------------------
    Transformer Output:         8 lines
    -----------------------------------------------------------------------
        Added new bc of def_*:           0
        Added new bc of glob:            0
        Added new bc of config_default:  0
        Added new bc of named choice:    0
        Removed bc of config_default:    0
        Removed bc of named choice:      0
        Removed no match for o(r)source: 0
        Removed optional choice attr:    0
        Removed bool     choice attr:    0
        Removed tristate choice attr:    0
Excel saved: /home/ljd/wsMA_prototyp/transform_projects/transform_riot/RIOT_log/results3.xlsx
        Done writting 8 lines in /home/ljd/wsMA_prototyp/transform_projects/transform_riot/RIOT_output/cpu/nrf5x_common/radio/Kconfig.nrf5x


Reader found: 14 lines in /home/ljd/riot/RIOT/cpu/nrf52/radio/nrf802154/Kconfig
call _transform_lines(lines from reader, input, configdefault dict info)
start transforming 14 input lines
    FILE LOG --------------------------------------------------------------
    Reader input                14 lines
    -----------------------------------------------------------------------
    All source without glob:    0
    All source using glob:      0
    All osource_keywords:       0
    All rsource_keywords:       0
    All orsource_keywords:      0
    SUM (r/or/o)source lines:   0
    All "option env" attr:      0
    -----------------------------------------------------------------------
    Transformer Output:         14 lines
    -----------------------------------------------------------------------
        Added new bc of def_*:           0
        Added new bc of glob:            0
        Added new bc of config_default:  0
        Added new bc of named choice:    0
        Removed bc of config_default:    0
        Removed bc of named choice:      0
        Removed no match for o(r)source: 0
        Removed optional choice attr:    0
        Removed bool     choice attr:    0
        Removed tristate choice attr:    0
Excel saved: /home/ljd/wsMA_prototyp/transform_projects/transform_riot/RIOT_log/results3.xlsx
        Done writting 14 lines in /home/ljd/wsMA_prototyp/transform_projects/transform_riot/RIOT_output/cpu/nrf52/radio/nrf802154/Kconfig


Reader found: 17 lines in /home/ljd/riot/RIOT/drivers/dose/Kconfig
call _transform_lines(lines from reader, input, configdefault dict info)
start transforming 17 input lines
    FILE LOG --------------------------------------------------------------
    Reader input                17 lines
    -----------------------------------------------------------------------
    All source without glob:    0
    All source using glob:      0
    All osource_keywords:       0
    All rsource_keywords:       0
    All orsource_keywords:      0
    SUM (r/or/o)source lines:   0
    All "option env" attr:      0
    -----------------------------------------------------------------------
    Transformer Output:         17 lines
    -----------------------------------------------------------------------
        Added new bc of def_*:           0
        Added new bc of glob:            0
        Added new bc of config_default:  0
        Added new bc of named choice:    0
        Removed bc of config_default:    0
        Removed bc of named choice:      0
        Removed no match for o(r)source: 0
        Removed optional choice attr:    0
        Removed bool     choice attr:    0
        Removed tristate choice attr:    0
Excel saved: /home/ljd/wsMA_prototyp/transform_projects/transform_riot/RIOT_log/results3.xlsx
        Done writting 17 lines in /home/ljd/wsMA_prototyp/transform_projects/transform_riot/RIOT_output/drivers/dose/Kconfig


Reader found: 29 lines in /home/ljd/riot/RIOT/drivers/mrf24j40/Kconfig
call _transform_lines(lines from reader, input, configdefault dict info)
start transforming 29 input lines
    FILE LOG --------------------------------------------------------------
    Reader input                29 lines
    -----------------------------------------------------------------------
    All source without glob:    0
    All source using glob:      0
    All osource_keywords:       0
    All rsource_keywords:       0
    All orsource_keywords:      0
    SUM (r/or/o)source lines:   0
    All "option env" attr:      0
    -----------------------------------------------------------------------
    Transformer Output:         29 lines
    -----------------------------------------------------------------------
        Added new bc of def_*:           0
        Added new bc of glob:            0
        Added new bc of config_default:  0
        Added new bc of named choice:    0
        Removed bc of config_default:    0
        Removed bc of named choice:      0
        Removed no match for o(r)source: 0
        Removed optional choice attr:    0
        Removed bool     choice attr:    0
        Removed tristate choice attr:    0
Excel saved: /home/ljd/wsMA_prototyp/transform_projects/transform_riot/RIOT_log/results3.xlsx
        Done writting 29 lines in /home/ljd/wsMA_prototyp/transform_projects/transform_riot/RIOT_output/drivers/mrf24j40/Kconfig


Reader found: 20 lines in /home/ljd/riot/RIOT/drivers/pn532/Kconfig
call _transform_lines(lines from reader, input, configdefault dict info)
start transforming 20 input lines
    FILE LOG --------------------------------------------------------------
    Reader input                20 lines
    -----------------------------------------------------------------------
    All source without glob:    0
    All source using glob:      0
    All osource_keywords:       0
    All rsource_keywords:       0
    All orsource_keywords:      0
    SUM (r/or/o)source lines:   0
    All "option env" attr:      0
    -----------------------------------------------------------------------
    Transformer Output:         20 lines
    -----------------------------------------------------------------------
        Added new bc of def_*:           0
        Added new bc of glob:            0
        Added new bc of config_default:  0
        Added new bc of named choice:    0
        Removed bc of config_default:    0
        Removed bc of named choice:      0
        Removed no match for o(r)source: 0
        Removed optional choice attr:    0
        Removed bool     choice attr:    0
        Removed tristate choice attr:    0
Excel saved: /home/ljd/wsMA_prototyp/transform_projects/transform_riot/RIOT_log/results3.xlsx
        Done writting 20 lines in /home/ljd/wsMA_prototyp/transform_projects/transform_riot/RIOT_output/drivers/pn532/Kconfig


Reader found: 30 lines in /home/ljd/riot/RIOT/drivers/rn2xx3/Kconfig
call _transform_lines(lines from reader, input, configdefault dict info)
start transforming 30 input lines
    FILE LOG --------------------------------------------------------------
    Reader input                30 lines
    -----------------------------------------------------------------------
    All source without glob:    0
    All source using glob:      0
    All osource_keywords:       0
    All rsource_keywords:       0
    All orsource_keywords:      0
    SUM (r/or/o)source lines:   0
    All "option env" attr:      0
    -----------------------------------------------------------------------
    Transformer Output:         30 lines
    -----------------------------------------------------------------------
        Added new bc of def_*:           0
        Added new bc of glob:            0
        Added new bc of config_default:  0
        Added new bc of named choice:    0
        Removed bc of config_default:    0
        Removed bc of named choice:      0
        Removed no match for o(r)source: 0
        Removed optional choice attr:    0
        Removed bool     choice attr:    0
        Removed tristate choice attr:    0
Excel saved: /home/ljd/wsMA_prototyp/transform_projects/transform_riot/RIOT_log/results3.xlsx
        Done writting 30 lines in /home/ljd/wsMA_prototyp/transform_projects/transform_riot/RIOT_output/drivers/rn2xx3/Kconfig


Reader found: 22 lines in /home/ljd/riot/RIOT/drivers/slipdev/Kconfig
call _transform_lines(lines from reader, input, configdefault dict info)
start transforming 22 input lines
    FILE LOG --------------------------------------------------------------
    Reader input                22 lines
    -----------------------------------------------------------------------
    All source without glob:    0
    All source using glob:      0
    All osource_keywords:       0
    All rsource_keywords:       0
    All orsource_keywords:      0
    SUM (r/or/o)source lines:   0
    All "option env" attr:      0
    -----------------------------------------------------------------------
    Transformer Output:         22 lines
    -----------------------------------------------------------------------
        Added new bc of def_*:           0
        Added new bc of glob:            0
        Added new bc of config_default:  0
        Added new bc of named choice:    0
        Removed bc of config_default:    0
        Removed bc of named choice:      0
        Removed no match for o(r)source: 0
        Removed optional choice attr:    0
        Removed bool     choice attr:    0
        Removed tristate choice attr:    0
Excel saved: /home/ljd/wsMA_prototyp/transform_projects/transform_riot/RIOT_log/results3.xlsx
        Done writting 22 lines in /home/ljd/wsMA_prototyp/transform_projects/transform_riot/RIOT_output/drivers/slipdev/Kconfig


Reader found: 18 lines in /home/ljd/riot/RIOT/drivers/periph_common/Kconfig
call _transform_lines(lines from reader, input, configdefault dict info)
start transforming 18 input lines
    GLOB LOG ----------------------------------------------------------------------------
    Resolve rsource: Kconfig.gpio at line 7
      no files found for the: Kconfig.gpio
    GLOB LOG ----------------------------------------------------------------------------
    Resolve rsource: Kconfig.i2c at line 9
      no files found for the: Kconfig.i2c
    GLOB LOG ----------------------------------------------------------------------------
    Resolve rsource: Kconfig.rtc at line 11
      no files found for the: Kconfig.rtc
    GLOB LOG ----------------------------------------------------------------------------
    Resolve rsource: Kconfig.spi at line 13
      no files found for the: Kconfig.spi
    GLOB LOG ----------------------------------------------------------------------------
    Resolve rsource: Kconfig.timer at line 15
      -> drivers/periph_common/Kconfig.timer
    Files matching: 1 (using rsource)
    GLOB LOG ----------------------------------------------------------------------------
    Resolve rsource: Kconfig.vbat at line 17
      -> drivers/periph_common/Kconfig.vbat
    Files matching: 1 (using rsource)
    GLOB LOG ----------------------------------------------------------------------------
    Resolve rsource: Kconfig.wdt at line 18
      -> drivers/periph_common/Kconfig.wdt
    Files matching: 1 (using rsource)
    FILE LOG --------------------------------------------------------------
    Reader input                18 lines
    -----------------------------------------------------------------------
    All source without glob:    0
    All source using glob:      0
    All osource_keywords:       0
    All rsource_keywords:       7
    All orsource_keywords:      0
    SUM (r/or/o)source lines:   7
    All "option env" attr:      0
    -----------------------------------------------------------------------
    Transformer Output:         14 lines
    -----------------------------------------------------------------------
        Added new bc of def_*:           0
        Added new bc of glob:            0
        Added new bc of config_default:  0
        Added new bc of named choice:    0
        Removed bc of config_default:    0
        Removed bc of named choice:      0
        Removed no match for o(r)source: 4
        Removed optional choice attr:    0
        Removed bool     choice attr:    0
        Removed tristate choice attr:    0
Excel saved: /home/ljd/wsMA_prototyp/transform_projects/transform_riot/RIOT_log/results3.xlsx
        Done writting 10 lines in /home/ljd/wsMA_prototyp/transform_projects/transform_riot/RIOT_output/drivers/periph_common/Kconfig


Reader found: 16 lines in /home/ljd/riot/RIOT/drivers/periph_common/Kconfig.gpio
call _transform_lines(lines from reader, input, configdefault dict info)
start transforming 16 input lines
    GLOB LOG ----------------------------------------------------------------------------
    Resolve osource: $(RIOTCPU)/$(CPU)/periph/Kconfig.gpio at line 16
      no files found for the: $(RIOTCPU)/$(CPU)/periph/Kconfig.gpio
    FILE LOG --------------------------------------------------------------
    Reader input                16 lines
    -----------------------------------------------------------------------
    All source without glob:    0
    All source using glob:      0
    All osource_keywords:       1
    All rsource_keywords:       0
    All orsource_keywords:      0
    SUM (r/or/o)source lines:   1
    All "option env" attr:      0
    -----------------------------------------------------------------------
    Transformer Output:         15 lines
    -----------------------------------------------------------------------
        Added new bc of def_*:           0
        Added new bc of glob:            0
        Added new bc of config_default:  0
        Added new bc of named choice:    0
        Removed bc of config_default:    0
        Removed bc of named choice:      0
        Removed no match for o(r)source: 1
        Removed optional choice attr:    0
        Removed bool     choice attr:    0
        Removed tristate choice attr:    0
Excel saved: /home/ljd/wsMA_prototyp/transform_projects/transform_riot/RIOT_log/results3.xlsx
        Done writting 15 lines in /home/ljd/wsMA_prototyp/transform_projects/transform_riot/RIOT_output/drivers/periph_common/Kconfig.gpio


Reader found: 16 lines in /home/ljd/riot/RIOT/drivers/periph_common/Kconfig.i2c
call _transform_lines(lines from reader, input, configdefault dict info)
start transforming 16 input lines
    GLOB LOG ----------------------------------------------------------------------------
    Resolve osource: $(RIOTCPU)/$(CPU)/periph/Kconfig.i2c at line 16
      no files found for the: $(RIOTCPU)/$(CPU)/periph/Kconfig.i2c
    FILE LOG --------------------------------------------------------------
    Reader input                16 lines
    -----------------------------------------------------------------------
    All source without glob:    0
    All source using glob:      0
    All osource_keywords:       1
    All rsource_keywords:       0
    All orsource_keywords:      0
    SUM (r/or/o)source lines:   1
    All "option env" attr:      0
    -----------------------------------------------------------------------
    Transformer Output:         15 lines
    -----------------------------------------------------------------------
        Added new bc of def_*:           0
        Added new bc of glob:            0
        Added new bc of config_default:  0
        Added new bc of named choice:    0
        Removed bc of config_default:    0
        Removed bc of named choice:      0
        Removed no match for o(r)source: 1
        Removed optional choice attr:    0
        Removed bool     choice attr:    0
        Removed tristate choice attr:    0
Excel saved: /home/ljd/wsMA_prototyp/transform_projects/transform_riot/RIOT_log/results3.xlsx
        Done writting 15 lines in /home/ljd/wsMA_prototyp/transform_projects/transform_riot/RIOT_output/drivers/periph_common/Kconfig.i2c


Reader found: 17 lines in /home/ljd/riot/RIOT/drivers/periph_common/Kconfig.rtc
call _transform_lines(lines from reader, input, configdefault dict info)
start transforming 17 input lines
    GLOB LOG ----------------------------------------------------------------------------
    Resolve osource: $(RIOTCPU)/$(CPU)/periph/Kconfig.rtc at line 17
      no files found for the: $(RIOTCPU)/$(CPU)/periph/Kconfig.rtc
    FILE LOG --------------------------------------------------------------
    Reader input                17 lines
    -----------------------------------------------------------------------
    All source without glob:    0
    All source using glob:      0
    All osource_keywords:       1
    All rsource_keywords:       0
    All orsource_keywords:      0
    SUM (r/or/o)source lines:   1
    All "option env" attr:      0
    -----------------------------------------------------------------------
    Transformer Output:         16 lines
    -----------------------------------------------------------------------
        Added new bc of def_*:           0
        Added new bc of glob:            0
        Added new bc of config_default:  0
        Added new bc of named choice:    0
        Removed bc of config_default:    0
        Removed bc of named choice:      0
        Removed no match for o(r)source: 1
        Removed optional choice attr:    0
        Removed bool     choice attr:    0
        Removed tristate choice attr:    0
Excel saved: /home/ljd/wsMA_prototyp/transform_projects/transform_riot/RIOT_log/results3.xlsx
        Done writting 16 lines in /home/ljd/wsMA_prototyp/transform_projects/transform_riot/RIOT_output/drivers/periph_common/Kconfig.rtc


Reader found: 17 lines in /home/ljd/riot/RIOT/drivers/periph_common/Kconfig.spi
call _transform_lines(lines from reader, input, configdefault dict info)
start transforming 17 input lines
    GLOB LOG ----------------------------------------------------------------------------
    Resolve osource: $(RIOTCPU)/$(CPU)/periph/Kconfig.spi at line 15
      no files found for the: $(RIOTCPU)/$(CPU)/periph/Kconfig.spi
    FILE LOG --------------------------------------------------------------
    Reader input                17 lines
    -----------------------------------------------------------------------
    All source without glob:    0
    All source using glob:      0
    All osource_keywords:       1
    All rsource_keywords:       0
    All orsource_keywords:      0
    SUM (r/or/o)source lines:   1
    All "option env" attr:      0
    -----------------------------------------------------------------------
    Transformer Output:         16 lines
    -----------------------------------------------------------------------
        Added new bc of def_*:           0
        Added new bc of glob:            0
        Added new bc of config_default:  0
        Added new bc of named choice:    0
        Removed bc of config_default:    0
        Removed bc of named choice:      0
        Removed no match for o(r)source: 1
        Removed optional choice attr:    0
        Removed bool     choice attr:    0
        Removed tristate choice attr:    0
Excel saved: /home/ljd/wsMA_prototyp/transform_projects/transform_riot/RIOT_log/results3.xlsx
        Done writting 16 lines in /home/ljd/wsMA_prototyp/transform_projects/transform_riot/RIOT_output/drivers/periph_common/Kconfig.spi


Reader found: 14 lines in /home/ljd/riot/RIOT/drivers/periph_common/Kconfig.timer
call _transform_lines(lines from reader, input, configdefault dict info)
start transforming 14 input lines
    GLOB LOG ----------------------------------------------------------------------------
    Resolve osource: $(RIOTCPU)/$(CPU)/periph/Kconfig.timer at line 11
      no files found for the: $(RIOTCPU)/$(CPU)/periph/Kconfig.timer
    FILE LOG --------------------------------------------------------------
    Reader input                14 lines
    -----------------------------------------------------------------------
    All source without glob:    0
    All source using glob:      0
    All osource_keywords:       1
    All rsource_keywords:       0
    All orsource_keywords:      0
    SUM (r/or/o)source lines:   1
    All "option env" attr:      0
    -----------------------------------------------------------------------
    Transformer Output:         13 lines
    -----------------------------------------------------------------------
        Added new bc of def_*:           0
        Added new bc of glob:            0
        Added new bc of config_default:  0
        Added new bc of named choice:    0
        Removed bc of config_default:    0
        Removed bc of named choice:      0
        Removed no match for o(r)source: 1
        Removed optional choice attr:    0
        Removed bool     choice attr:    0
        Removed tristate choice attr:    0
Excel saved: /home/ljd/wsMA_prototyp/transform_projects/transform_riot/RIOT_log/results3.xlsx
        Done writting 12 lines in /home/ljd/wsMA_prototyp/transform_projects/transform_riot/RIOT_output/drivers/periph_common/Kconfig.timer


Reader found: 18 lines in /home/ljd/riot/RIOT/drivers/periph_common/Kconfig.vbat
call _transform_lines(lines from reader, input, configdefault dict info)
start transforming 18 input lines
    FILE LOG --------------------------------------------------------------
    Reader input                18 lines
    -----------------------------------------------------------------------
    All source without glob:    0
    All source using glob:      0
    All osource_keywords:       0
    All rsource_keywords:       0
    All orsource_keywords:      0
    SUM (r/or/o)source lines:   0
    All "option env" attr:      0
    -----------------------------------------------------------------------
    Transformer Output:         18 lines
    -----------------------------------------------------------------------
        Added new bc of def_*:           0
        Added new bc of glob:            0
        Added new bc of config_default:  0
        Added new bc of named choice:    0
        Removed bc of config_default:    0
        Removed bc of named choice:      0
        Removed no match for o(r)source: 0
        Removed optional choice attr:    0
        Removed bool     choice attr:    0
        Removed tristate choice attr:    0
Excel saved: /home/ljd/wsMA_prototyp/transform_projects/transform_riot/RIOT_log/results3.xlsx
        Done writting 18 lines in /home/ljd/wsMA_prototyp/transform_projects/transform_riot/RIOT_output/drivers/periph_common/Kconfig.vbat


Reader found: 11 lines in /home/ljd/riot/RIOT/drivers/periph_common/Kconfig.wdt
call _transform_lines(lines from reader, input, configdefault dict info)
start transforming 11 input lines
    FILE LOG --------------------------------------------------------------
    Reader input                11 lines
    -----------------------------------------------------------------------
    All source without glob:    0
    All source using glob:      0
    All osource_keywords:       0
    All rsource_keywords:       0
    All orsource_keywords:      0
    SUM (r/or/o)source lines:   0
    All "option env" attr:      0
    -----------------------------------------------------------------------
    Transformer Output:         11 lines
    -----------------------------------------------------------------------
        Added new bc of def_*:           0
        Added new bc of glob:            0
        Added new bc of config_default:  0
        Added new bc of named choice:    0
        Removed bc of config_default:    0
        Removed bc of named choice:      0
        Removed no match for o(r)source: 0
        Removed optional choice attr:    0
        Removed bool     choice attr:    0
        Removed tristate choice attr:    0
Excel saved: /home/ljd/wsMA_prototyp/transform_projects/transform_riot/RIOT_log/results3.xlsx
        Done writting 11 lines in /home/ljd/wsMA_prototyp/transform_projects/transform_riot/RIOT_output/drivers/periph_common/Kconfig.wdt


Reader found: 20 lines in /home/ljd/riot/RIOT/drivers/ads1x1x/Kconfig
call _transform_lines(lines from reader, input, configdefault dict info)
start transforming 20 input lines
    FILE LOG --------------------------------------------------------------
    Reader input                20 lines
    -----------------------------------------------------------------------
    All source without glob:    0
    All source using glob:      0
    All osource_keywords:       0
    All rsource_keywords:       0
    All orsource_keywords:      0
    SUM (r/or/o)source lines:   0
    All "option env" attr:      0
    -----------------------------------------------------------------------
    Transformer Output:         20 lines
    -----------------------------------------------------------------------
        Added new bc of def_*:           0
        Added new bc of glob:            0
        Added new bc of config_default:  0
        Added new bc of named choice:    0
        Removed bc of config_default:    0
        Removed bc of named choice:      0
        Removed no match for o(r)source: 0
        Removed optional choice attr:    0
        Removed bool     choice attr:    0
        Removed tristate choice attr:    0
Excel saved: /home/ljd/wsMA_prototyp/transform_projects/transform_riot/RIOT_log/results3.xlsx
        Done writting 20 lines in /home/ljd/wsMA_prototyp/transform_projects/transform_riot/RIOT_output/drivers/ads1x1x/Kconfig


Reader found: 39 lines in /home/ljd/riot/RIOT/drivers/bmx055/Kconfig
call _transform_lines(lines from reader, input, configdefault dict info)
start transforming 39 input lines
    FILE LOG --------------------------------------------------------------
    Reader input                39 lines
    -----------------------------------------------------------------------
    All source without glob:    0
    All source using glob:      0
    All osource_keywords:       0
    All rsource_keywords:       0
    All orsource_keywords:      0
    SUM (r/or/o)source lines:   0
    All "option env" attr:      0
    -----------------------------------------------------------------------
    Transformer Output:         39 lines
    -----------------------------------------------------------------------
        Added new bc of def_*:           0
        Added new bc of glob:            0
        Added new bc of config_default:  0
        Added new bc of named choice:    0
        Removed bc of config_default:    0
        Removed bc of named choice:      0
        Removed no match for o(r)source: 0
        Removed optional choice attr:    0
        Removed bool     choice attr:    0
        Removed tristate choice attr:    0
Excel saved: /home/ljd/wsMA_prototyp/transform_projects/transform_riot/RIOT_log/results3.xlsx
        Done writting 39 lines in /home/ljd/wsMA_prototyp/transform_projects/transform_riot/RIOT_output/drivers/bmx055/Kconfig


Reader found: 18 lines in /home/ljd/riot/RIOT/drivers/fxos8700/Kconfig
call _transform_lines(lines from reader, input, configdefault dict info)
start transforming 18 input lines
    FILE LOG --------------------------------------------------------------
    Reader input                18 lines
    -----------------------------------------------------------------------
    All source without glob:    0
    All source using glob:      0
    All osource_keywords:       0
    All rsource_keywords:       0
    All orsource_keywords:      0
    SUM (r/or/o)source lines:   0
    All "option env" attr:      0
    -----------------------------------------------------------------------
    Transformer Output:         18 lines
    -----------------------------------------------------------------------
        Added new bc of def_*:           0
        Added new bc of glob:            0
        Added new bc of config_default:  0
        Added new bc of named choice:    0
        Removed bc of config_default:    0
        Removed bc of named choice:      0
        Removed no match for o(r)source: 0
        Removed optional choice attr:    0
        Removed bool     choice attr:    0
        Removed tristate choice attr:    0
Excel saved: /home/ljd/wsMA_prototyp/transform_projects/transform_riot/RIOT_log/results3.xlsx
        Done writting 18 lines in /home/ljd/wsMA_prototyp/transform_projects/transform_riot/RIOT_output/drivers/fxos8700/Kconfig


Reader found: 18 lines in /home/ljd/riot/RIOT/drivers/gp2y10xx/Kconfig
call _transform_lines(lines from reader, input, configdefault dict info)
start transforming 18 input lines
    FILE LOG --------------------------------------------------------------
    Reader input                18 lines
    -----------------------------------------------------------------------
    All source without glob:    0
    All source using glob:      0
    All osource_keywords:       0
    All rsource_keywords:       0
    All orsource_keywords:      0
    SUM (r/or/o)source lines:   0
    All "option env" attr:      0
    -----------------------------------------------------------------------
    Transformer Output:         18 lines
    -----------------------------------------------------------------------
        Added new bc of def_*:           0
        Added new bc of glob:            0
        Added new bc of config_default:  0
        Added new bc of named choice:    0
        Removed bc of config_default:    0
        Removed bc of named choice:      0
        Removed no match for o(r)source: 0
        Removed optional choice attr:    0
        Removed bool     choice attr:    0
        Removed tristate choice attr:    0
Excel saved: /home/ljd/wsMA_prototyp/transform_projects/transform_riot/RIOT_log/results3.xlsx
        Done writting 18 lines in /home/ljd/wsMA_prototyp/transform_projects/transform_riot/RIOT_output/drivers/gp2y10xx/Kconfig


Reader found: 28 lines in /home/ljd/riot/RIOT/drivers/hdc1000/Kconfig
call _transform_lines(lines from reader, input, configdefault dict info)
start transforming 28 input lines
    FILE LOG --------------------------------------------------------------
    Reader input                28 lines
    -----------------------------------------------------------------------
    All source without glob:    0
    All source using glob:      0
    All osource_keywords:       0
    All rsource_keywords:       0
    All orsource_keywords:      0
    SUM (r/or/o)source lines:   0
    All "option env" attr:      0
    -----------------------------------------------------------------------
    Transformer Output:         28 lines
    -----------------------------------------------------------------------
        Added new bc of def_*:           0
        Added new bc of glob:            0
        Added new bc of config_default:  0
        Added new bc of named choice:    0
        Removed bc of config_default:    0
        Removed bc of named choice:      0
        Removed no match for o(r)source: 0
        Removed optional choice attr:    0
        Removed bool     choice attr:    0
        Removed tristate choice attr:    0
Excel saved: /home/ljd/wsMA_prototyp/transform_projects/transform_riot/RIOT_log/results3.xlsx
        Done writting 28 lines in /home/ljd/wsMA_prototyp/transform_projects/transform_riot/RIOT_output/drivers/hdc1000/Kconfig


Reader found: 19 lines in /home/ljd/riot/RIOT/drivers/hm330x/Kconfig
call _transform_lines(lines from reader, input, configdefault dict info)
start transforming 19 input lines
    FILE LOG --------------------------------------------------------------
    Reader input                19 lines
    -----------------------------------------------------------------------
    All source without glob:    0
    All source using glob:      0
    All osource_keywords:       0
    All rsource_keywords:       0
    All orsource_keywords:      0
    SUM (r/or/o)source lines:   0
    All "option env" attr:      0
    -----------------------------------------------------------------------
    Transformer Output:         19 lines
    -----------------------------------------------------------------------
        Added new bc of def_*:           0
        Added new bc of glob:            0
        Added new bc of config_default:  0
        Added new bc of named choice:    0
        Removed bc of config_default:    0
        Removed bc of named choice:      0
        Removed no match for o(r)source: 0
        Removed optional choice attr:    0
        Removed bool     choice attr:    0
        Removed tristate choice attr:    0
Excel saved: /home/ljd/wsMA_prototyp/transform_projects/transform_riot/RIOT_log/results3.xlsx
        Done writting 19 lines in /home/ljd/wsMA_prototyp/transform_projects/transform_riot/RIOT_output/drivers/hm330x/Kconfig


Reader found: 27 lines in /home/ljd/riot/RIOT/drivers/hsc/Kconfig
call _transform_lines(lines from reader, input, configdefault dict info)
start transforming 27 input lines
    FILE LOG --------------------------------------------------------------
    Reader input                27 lines
    -----------------------------------------------------------------------
    All source without glob:    0
    All source using glob:      0
    All osource_keywords:       0
    All rsource_keywords:       0
    All orsource_keywords:      0
    SUM (r/or/o)source lines:   0
    All "option env" attr:      0
    -----------------------------------------------------------------------
    Transformer Output:         27 lines
    -----------------------------------------------------------------------
        Added new bc of def_*:           0
        Added new bc of glob:            0
        Added new bc of config_default:  0
        Added new bc of named choice:    0
        Removed bc of config_default:    0
        Removed bc of named choice:      0
        Removed no match for o(r)source: 0
        Removed optional choice attr:    0
        Removed bool     choice attr:    0
        Removed tristate choice attr:    0
Excel saved: /home/ljd/wsMA_prototyp/transform_projects/transform_riot/RIOT_log/results3.xlsx
        Done writting 27 lines in /home/ljd/wsMA_prototyp/transform_projects/transform_riot/RIOT_output/drivers/hsc/Kconfig


Reader found: 21 lines in /home/ljd/riot/RIOT/drivers/isl29020/Kconfig
call _transform_lines(lines from reader, input, configdefault dict info)
start transforming 21 input lines
    FILE LOG --------------------------------------------------------------
    Reader input                21 lines
    -----------------------------------------------------------------------
    All source without glob:    0
    All source using glob:      0
    All osource_keywords:       0
    All rsource_keywords:       0
    All orsource_keywords:      0
    SUM (r/or/o)source lines:   0
    All "option env" attr:      0
    -----------------------------------------------------------------------
    Transformer Output:         21 lines
    -----------------------------------------------------------------------
        Added new bc of def_*:           0
        Added new bc of glob:            0
        Added new bc of config_default:  0
        Added new bc of named choice:    0
        Removed bc of config_default:    0
        Removed bc of named choice:      0
        Removed no match for o(r)source: 0
        Removed optional choice attr:    0
        Removed bool     choice attr:    0
        Removed tristate choice attr:    0
Excel saved: /home/ljd/wsMA_prototyp/transform_projects/transform_riot/RIOT_log/results3.xlsx
        Done writting 21 lines in /home/ljd/wsMA_prototyp/transform_projects/transform_riot/RIOT_output/drivers/isl29020/Kconfig


Reader found: 22 lines in /home/ljd/riot/RIOT/drivers/l3g4200d/Kconfig
call _transform_lines(lines from reader, input, configdefault dict info)
start transforming 22 input lines
    FILE LOG --------------------------------------------------------------
    Reader input                22 lines
    -----------------------------------------------------------------------
    All source without glob:    0
    All source using glob:      0
    All osource_keywords:       0
    All rsource_keywords:       0
    All orsource_keywords:      0
    SUM (r/or/o)source lines:   0
    All "option env" attr:      0
    -----------------------------------------------------------------------
    Transformer Output:         22 lines
    -----------------------------------------------------------------------
        Added new bc of def_*:           0
        Added new bc of glob:            0
        Added new bc of config_default:  0
        Added new bc of named choice:    0
        Removed bc of config_default:    0
        Removed bc of named choice:      0
        Removed no match for o(r)source: 0
        Removed optional choice attr:    0
        Removed bool     choice attr:    0
        Removed tristate choice attr:    0
Excel saved: /home/ljd/wsMA_prototyp/transform_projects/transform_riot/RIOT_log/results3.xlsx
        Done writting 22 lines in /home/ljd/wsMA_prototyp/transform_projects/transform_riot/RIOT_output/drivers/l3g4200d/Kconfig


Reader found: 325 lines in /home/ljd/riot/RIOT/drivers/l3gxxxx/Kconfig
call _transform_lines(lines from reader, input, configdefault dict info)
start transforming 325 input lines
current_indx: 11 - choice_attr_end: 19
PROCESS choice: [KconfigLine(commented, line=1, indent=0), KconfigLine(other, line=2, indent=0), KconfigLine(commented, line=3, indent=0), KconfigLine(commented, line=4, indent=0), KconfigLine(commented, line=5, indent=0), KconfigLine(other, line=6, indent=0), KconfigLine(empty, line=7, indent=0), KconfigLine(if, line=8, indent=0), KconfigLine(empty, line=9, indent=0), KconfigLine(empty, line=10, indent=0), KconfigLine(choice, line=11, indent=0), KconfigLine(default, line=13, indent=4), KconfigLine(help, line=14, indent=4), KconfigLine(other, line=15, indent=8), KconfigLine(other, line=16, indent=8), KconfigLine(other, line=17, indent=8), KconfigLine(other, line=18, indent=8), KconfigLine(empty, line=19, indent=0), KconfigLine(config, line=20, indent=4), KconfigLine(type_bool, line=21, indent=8), KconfigLine(config, line=22, indent=4), KconfigLine(type_bool, line=23, indent=8), KconfigLine(config, line=24, indent=4), KconfigLine(type_bool, line=25, indent=8), KconfigLine(config, line=26, indent=4), KconfigLine(type_bool, line=27, indent=8), KconfigLine(config, line=28, indent=4), KconfigLine(type_bool, line=29, indent=8), KconfigLine(config, line=30, indent=4), KconfigLine(type_bool, line=31, indent=8), KconfigLine(config, line=32, indent=4), KconfigLine(type_bool, line=33, indent=8), KconfigLine(config, line=34, indent=4), KconfigLine(type_bool, line=35, indent=8), KconfigLine(config, line=36, indent=4), KconfigLine(type_bool, line=37, indent=8), KconfigLine(config, line=38, indent=4), KconfigLine(type_bool, line=39, indent=8), KconfigLine(config, line=40, indent=4), KconfigLine(type_bool, line=41, indent=8), KconfigLine(config, line=42, indent=4), KconfigLine(type_bool, line=43, indent=8), KconfigLine(config, line=44, indent=4), KconfigLine(type_bool, line=45, indent=8), KconfigLine(config, line=46, indent=4), KconfigLine(type_bool, line=47, indent=8), KconfigLine(empty, line=48, indent=0), KconfigLine(if, line=49, indent=0), KconfigLine(empty, line=50, indent=0), KconfigLine(config, line=51, indent=4), KconfigLine(type_bool, line=52, indent=8), KconfigLine(config, line=53, indent=4), KconfigLine(type_bool, line=54, indent=8), KconfigLine(config, line=55, indent=4), KconfigLine(type_bool, line=56, indent=8), KconfigLine(empty, line=57, indent=0), KconfigLine(endif, line=58, indent=0), KconfigLine(empty, line=59, indent=0), KconfigLine(endchoice, line=60, indent=0)]
current_indx: 62 - choice_attr_end: 69
PROCESS choice: [KconfigLine(commented, line=1, indent=0), KconfigLine(other, line=2, indent=0), KconfigLine(commented, line=3, indent=0), KconfigLine(commented, line=4, indent=0), KconfigLine(commented, line=5, indent=0), KconfigLine(other, line=6, indent=0), KconfigLine(empty, line=7, indent=0), KconfigLine(if, line=8, indent=0), KconfigLine(empty, line=9, indent=0), KconfigLine(empty, line=10, indent=0), KconfigLine(choice, line=11, indent=0), KconfigLine(default, line=13, indent=4), KconfigLine(help, line=14, indent=4), KconfigLine(other, line=15, indent=8), KconfigLine(other, line=16, indent=8), KconfigLine(other, line=17, indent=8), KconfigLine(other, line=18, indent=8), KconfigLine(empty, line=19, indent=0), KconfigLine(config, line=20, indent=4), KconfigLine(type_bool, line=21, indent=8), KconfigLine(config, line=22, indent=4), KconfigLine(type_bool, line=23, indent=8), KconfigLine(config, line=24, indent=4), KconfigLine(type_bool, line=25, indent=8), KconfigLine(config, line=26, indent=4), KconfigLine(type_bool, line=27, indent=8), KconfigLine(config, line=28, indent=4), KconfigLine(type_bool, line=29, indent=8), KconfigLine(config, line=30, indent=4), KconfigLine(type_bool, line=31, indent=8), KconfigLine(config, line=32, indent=4), KconfigLine(type_bool, line=33, indent=8), KconfigLine(config, line=34, indent=4), KconfigLine(type_bool, line=35, indent=8), KconfigLine(config, line=36, indent=4), KconfigLine(type_bool, line=37, indent=8), KconfigLine(config, line=38, indent=4), KconfigLine(type_bool, line=39, indent=8), KconfigLine(config, line=40, indent=4), KconfigLine(type_bool, line=41, indent=8), KconfigLine(config, line=42, indent=4), KconfigLine(type_bool, line=43, indent=8), KconfigLine(config, line=44, indent=4), KconfigLine(type_bool, line=45, indent=8), KconfigLine(config, line=46, indent=4), KconfigLine(type_bool, line=47, indent=8), KconfigLine(empty, line=48, indent=0), KconfigLine(if, line=49, indent=0), KconfigLine(empty, line=50, indent=0), KconfigLine(config, line=51, indent=4), KconfigLine(type_bool, line=52, indent=8), KconfigLine(config, line=53, indent=4), KconfigLine(type_bool, line=54, indent=8), KconfigLine(config, line=55, indent=4), KconfigLine(type_bool, line=56, indent=8), KconfigLine(empty, line=57, indent=0), KconfigLine(endif, line=58, indent=0), KconfigLine(empty, line=59, indent=0), KconfigLine(endchoice, line=60, indent=0), KconfigLine(empty, line=61, indent=0), KconfigLine(choice, line=62, indent=0), KconfigLine(default, line=64, indent=4), KconfigLine(help, line=65, indent=4), KconfigLine(other, line=66, indent=8), KconfigLine(other, line=67, indent=8), KconfigLine(other, line=68, indent=8), KconfigLine(empty, line=69, indent=0), KconfigLine(config, line=70, indent=4), KconfigLine(type_bool, line=71, indent=8), KconfigLine(help, line=72, indent=8), KconfigLine(other, line=73, indent=12), KconfigLine(empty, line=74, indent=0), KconfigLine(if, line=75, indent=0), KconfigLine(empty, line=76, indent=0), KconfigLine(config, line=77, indent=4), KconfigLine(type_bool, line=78, indent=8), KconfigLine(help, line=79, indent=8), KconfigLine(other, line=80, indent=12), KconfigLine(empty, line=81, indent=0), KconfigLine(config, line=82, indent=4), KconfigLine(type_bool, line=83, indent=8), KconfigLine(help, line=84, indent=8), KconfigLine(other, line=85, indent=12), KconfigLine(empty, line=86, indent=0), KconfigLine(endif, line=87, indent=0), KconfigLine(empty, line=88, indent=0), KconfigLine(endchoice, line=89, indent=0)]
current_indx: 91 - choice_attr_end: 106
PROCESS choice: [KconfigLine(commented, line=1, indent=0), KconfigLine(other, line=2, indent=0), KconfigLine(commented, line=3, indent=0), KconfigLine(commented, line=4, indent=0), KconfigLine(commented, line=5, indent=0), KconfigLine(other, line=6, indent=0), KconfigLine(empty, line=7, indent=0), KconfigLine(if, line=8, indent=0), KconfigLine(empty, line=9, indent=0), KconfigLine(empty, line=10, indent=0), KconfigLine(choice, line=11, indent=0), KconfigLine(default, line=13, indent=4), KconfigLine(help, line=14, indent=4), KconfigLine(other, line=15, indent=8), KconfigLine(other, line=16, indent=8), KconfigLine(other, line=17, indent=8), KconfigLine(other, line=18, indent=8), KconfigLine(empty, line=19, indent=0), KconfigLine(config, line=20, indent=4), KconfigLine(type_bool, line=21, indent=8), KconfigLine(config, line=22, indent=4), KconfigLine(type_bool, line=23, indent=8), KconfigLine(config, line=24, indent=4), KconfigLine(type_bool, line=25, indent=8), KconfigLine(config, line=26, indent=4), KconfigLine(type_bool, line=27, indent=8), KconfigLine(config, line=28, indent=4), KconfigLine(type_bool, line=29, indent=8), KconfigLine(config, line=30, indent=4), KconfigLine(type_bool, line=31, indent=8), KconfigLine(config, line=32, indent=4), KconfigLine(type_bool, line=33, indent=8), KconfigLine(config, line=34, indent=4), KconfigLine(type_bool, line=35, indent=8), KconfigLine(config, line=36, indent=4), KconfigLine(type_bool, line=37, indent=8), KconfigLine(config, line=38, indent=4), KconfigLine(type_bool, line=39, indent=8), KconfigLine(config, line=40, indent=4), KconfigLine(type_bool, line=41, indent=8), KconfigLine(config, line=42, indent=4), KconfigLine(type_bool, line=43, indent=8), KconfigLine(config, line=44, indent=4), KconfigLine(type_bool, line=45, indent=8), KconfigLine(config, line=46, indent=4), KconfigLine(type_bool, line=47, indent=8), KconfigLine(empty, line=48, indent=0), KconfigLine(if, line=49, indent=0), KconfigLine(empty, line=50, indent=0), KconfigLine(config, line=51, indent=4), KconfigLine(type_bool, line=52, indent=8), KconfigLine(config, line=53, indent=4), KconfigLine(type_bool, line=54, indent=8), KconfigLine(config, line=55, indent=4), KconfigLine(type_bool, line=56, indent=8), KconfigLine(empty, line=57, indent=0), KconfigLine(endif, line=58, indent=0), KconfigLine(empty, line=59, indent=0), KconfigLine(endchoice, line=60, indent=0), KconfigLine(empty, line=61, indent=0), KconfigLine(choice, line=62, indent=0), KconfigLine(default, line=64, indent=4), KconfigLine(help, line=65, indent=4), KconfigLine(other, line=66, indent=8), KconfigLine(other, line=67, indent=8), KconfigLine(other, line=68, indent=8), KconfigLine(empty, line=69, indent=0), KconfigLine(config, line=70, indent=4), KconfigLine(type_bool, line=71, indent=8), KconfigLine(help, line=72, indent=8), KconfigLine(other, line=73, indent=12), KconfigLine(empty, line=74, indent=0), KconfigLine(if, line=75, indent=0), KconfigLine(empty, line=76, indent=0), KconfigLine(config, line=77, indent=4), KconfigLine(type_bool, line=78, indent=8), KconfigLine(help, line=79, indent=8), KconfigLine(other, line=80, indent=12), KconfigLine(empty, line=81, indent=0), KconfigLine(config, line=82, indent=4), KconfigLine(type_bool, line=83, indent=8), KconfigLine(help, line=84, indent=8), KconfigLine(other, line=85, indent=12), KconfigLine(empty, line=86, indent=0), KconfigLine(endif, line=87, indent=0), KconfigLine(empty, line=88, indent=0), KconfigLine(endchoice, line=89, indent=0), KconfigLine(empty, line=90, indent=0), KconfigLine(choice, line=91, indent=0), KconfigLine(default, line=93, indent=4), KconfigLine(help, line=94, indent=4), KconfigLine(other, line=95, indent=8), KconfigLine(other, line=96, indent=8), KconfigLine(other, line=97, indent=8), KconfigLine(other, line=98, indent=8), KconfigLine(other, line=99, indent=8), KconfigLine(other, line=100, indent=8), KconfigLine(other, line=101, indent=8), KconfigLine(other, line=102, indent=8), KconfigLine(other, line=103, indent=8), KconfigLine(other, line=104, indent=8), KconfigLine(type_int, line=105, indent=8), KconfigLine(empty, line=106, indent=0), KconfigLine(config, line=107, indent=4), KconfigLine(type_bool, line=108, indent=8), KconfigLine(empty, line=109, indent=0), KconfigLine(config, line=110, indent=4), KconfigLine(type_bool, line=111, indent=8), KconfigLine(empty, line=112, indent=0), KconfigLine(config, line=113, indent=4), KconfigLine(type_bool, line=114, indent=8), KconfigLine(empty, line=115, indent=0), KconfigLine(config, line=116, indent=4), KconfigLine(type_bool, line=117, indent=8), KconfigLine(empty, line=118, indent=0), KconfigLine(endchoice, line=119, indent=0)]
current_indx: 123 - choice_attr_end: 128
PROCESS choice: [KconfigLine(commented, line=1, indent=0), KconfigLine(other, line=2, indent=0), KconfigLine(commented, line=3, indent=0), KconfigLine(commented, line=4, indent=0), KconfigLine(commented, line=5, indent=0), KconfigLine(other, line=6, indent=0), KconfigLine(empty, line=7, indent=0), KconfigLine(if, line=8, indent=0), KconfigLine(empty, line=9, indent=0), KconfigLine(empty, line=10, indent=0), KconfigLine(choice, line=11, indent=0), KconfigLine(default, line=13, indent=4), KconfigLine(help, line=14, indent=4), KconfigLine(other, line=15, indent=8), KconfigLine(other, line=16, indent=8), KconfigLine(other, line=17, indent=8), KconfigLine(other, line=18, indent=8), KconfigLine(empty, line=19, indent=0), KconfigLine(config, line=20, indent=4), KconfigLine(type_bool, line=21, indent=8), KconfigLine(config, line=22, indent=4), KconfigLine(type_bool, line=23, indent=8), KconfigLine(config, line=24, indent=4), KconfigLine(type_bool, line=25, indent=8), KconfigLine(config, line=26, indent=4), KconfigLine(type_bool, line=27, indent=8), KconfigLine(config, line=28, indent=4), KconfigLine(type_bool, line=29, indent=8), KconfigLine(config, line=30, indent=4), KconfigLine(type_bool, line=31, indent=8), KconfigLine(config, line=32, indent=4), KconfigLine(type_bool, line=33, indent=8), KconfigLine(config, line=34, indent=4), KconfigLine(type_bool, line=35, indent=8), KconfigLine(config, line=36, indent=4), KconfigLine(type_bool, line=37, indent=8), KconfigLine(config, line=38, indent=4), KconfigLine(type_bool, line=39, indent=8), KconfigLine(config, line=40, indent=4), KconfigLine(type_bool, line=41, indent=8), KconfigLine(config, line=42, indent=4), KconfigLine(type_bool, line=43, indent=8), KconfigLine(config, line=44, indent=4), KconfigLine(type_bool, line=45, indent=8), KconfigLine(config, line=46, indent=4), KconfigLine(type_bool, line=47, indent=8), KconfigLine(empty, line=48, indent=0), KconfigLine(if, line=49, indent=0), KconfigLine(empty, line=50, indent=0), KconfigLine(config, line=51, indent=4), KconfigLine(type_bool, line=52, indent=8), KconfigLine(config, line=53, indent=4), KconfigLine(type_bool, line=54, indent=8), KconfigLine(config, line=55, indent=4), KconfigLine(type_bool, line=56, indent=8), KconfigLine(empty, line=57, indent=0), KconfigLine(endif, line=58, indent=0), KconfigLine(empty, line=59, indent=0), KconfigLine(endchoice, line=60, indent=0), KconfigLine(empty, line=61, indent=0), KconfigLine(choice, line=62, indent=0), KconfigLine(default, line=64, indent=4), KconfigLine(help, line=65, indent=4), KconfigLine(other, line=66, indent=8), KconfigLine(other, line=67, indent=8), KconfigLine(other, line=68, indent=8), KconfigLine(empty, line=69, indent=0), KconfigLine(config, line=70, indent=4), KconfigLine(type_bool, line=71, indent=8), KconfigLine(help, line=72, indent=8), KconfigLine(other, line=73, indent=12), KconfigLine(empty, line=74, indent=0), KconfigLine(if, line=75, indent=0), KconfigLine(empty, line=76, indent=0), KconfigLine(config, line=77, indent=4), KconfigLine(type_bool, line=78, indent=8), KconfigLine(help, line=79, indent=8), KconfigLine(other, line=80, indent=12), KconfigLine(empty, line=81, indent=0), KconfigLine(config, line=82, indent=4), KconfigLine(type_bool, line=83, indent=8), KconfigLine(help, line=84, indent=8), KconfigLine(other, line=85, indent=12), KconfigLine(empty, line=86, indent=0), KconfigLine(endif, line=87, indent=0), KconfigLine(empty, line=88, indent=0), KconfigLine(endchoice, line=89, indent=0), KconfigLine(empty, line=90, indent=0), KconfigLine(choice, line=91, indent=0), KconfigLine(default, line=93, indent=4), KconfigLine(help, line=94, indent=4), KconfigLine(other, line=95, indent=8), KconfigLine(other, line=96, indent=8), KconfigLine(other, line=97, indent=8), KconfigLine(other, line=98, indent=8), KconfigLine(other, line=99, indent=8), KconfigLine(other, line=100, indent=8), KconfigLine(other, line=101, indent=8), KconfigLine(other, line=102, indent=8), KconfigLine(other, line=103, indent=8), KconfigLine(other, line=104, indent=8), KconfigLine(type_int, line=105, indent=8), KconfigLine(empty, line=106, indent=0), KconfigLine(config, line=107, indent=4), KconfigLine(type_bool, line=108, indent=8), KconfigLine(empty, line=109, indent=0), KconfigLine(config, line=110, indent=4), KconfigLine(type_bool, line=111, indent=8), KconfigLine(empty, line=112, indent=0), KconfigLine(config, line=113, indent=4), KconfigLine(type_bool, line=114, indent=8), KconfigLine(empty, line=115, indent=0), KconfigLine(config, line=116, indent=4), KconfigLine(type_bool, line=117, indent=8), KconfigLine(empty, line=118, indent=0), KconfigLine(endchoice, line=119, indent=0), KconfigLine(empty, line=120, indent=0), KconfigLine(if, line=121, indent=0), KconfigLine(empty, line=122, indent=0), KconfigLine(choice, line=123, indent=0), KconfigLine(help, line=125, indent=4), KconfigLine(other, line=126, indent=8), KconfigLine(other, line=127, indent=8), KconfigLine(empty, line=128, indent=0), KconfigLine(config, line=129, indent=4), KconfigLine(type_bool, line=130, indent=8), KconfigLine(help, line=131, indent=8), KconfigLine(other, line=132, indent=12), KconfigLine(empty, line=133, indent=0), KconfigLine(config, line=134, indent=4), KconfigLine(type_bool, line=135, indent=8), KconfigLine(help, line=136, indent=8), KconfigLine(other, line=137, indent=12), KconfigLine(other, line=138, indent=12), KconfigLine(empty, line=139, indent=0), KconfigLine(config, line=140, indent=4), KconfigLine(type_bool, line=141, indent=8), KconfigLine(help, line=142, indent=8), KconfigLine(other, line=143, indent=12), KconfigLine(type_int, line=144, indent=12), KconfigLine(empty, line=145, indent=0), KconfigLine(endchoice, line=146, indent=0)]
current_indx: 162 - choice_attr_end: 169
PROCESS choice: [KconfigLine(commented, line=1, indent=0), KconfigLine(other, line=2, indent=0), KconfigLine(commented, line=3, indent=0), KconfigLine(commented, line=4, indent=0), KconfigLine(commented, line=5, indent=0), KconfigLine(other, line=6, indent=0), KconfigLine(empty, line=7, indent=0), KconfigLine(if, line=8, indent=0), KconfigLine(empty, line=9, indent=0), KconfigLine(empty, line=10, indent=0), KconfigLine(choice, line=11, indent=0), KconfigLine(default, line=13, indent=4), KconfigLine(help, line=14, indent=4), KconfigLine(other, line=15, indent=8), KconfigLine(other, line=16, indent=8), KconfigLine(other, line=17, indent=8), KconfigLine(other, line=18, indent=8), KconfigLine(empty, line=19, indent=0), KconfigLine(config, line=20, indent=4), KconfigLine(type_bool, line=21, indent=8), KconfigLine(config, line=22, indent=4), KconfigLine(type_bool, line=23, indent=8), KconfigLine(config, line=24, indent=4), KconfigLine(type_bool, line=25, indent=8), KconfigLine(config, line=26, indent=4), KconfigLine(type_bool, line=27, indent=8), KconfigLine(config, line=28, indent=4), KconfigLine(type_bool, line=29, indent=8), KconfigLine(config, line=30, indent=4), KconfigLine(type_bool, line=31, indent=8), KconfigLine(config, line=32, indent=4), KconfigLine(type_bool, line=33, indent=8), KconfigLine(config, line=34, indent=4), KconfigLine(type_bool, line=35, indent=8), KconfigLine(config, line=36, indent=4), KconfigLine(type_bool, line=37, indent=8), KconfigLine(config, line=38, indent=4), KconfigLine(type_bool, line=39, indent=8), KconfigLine(config, line=40, indent=4), KconfigLine(type_bool, line=41, indent=8), KconfigLine(config, line=42, indent=4), KconfigLine(type_bool, line=43, indent=8), KconfigLine(config, line=44, indent=4), KconfigLine(type_bool, line=45, indent=8), KconfigLine(config, line=46, indent=4), KconfigLine(type_bool, line=47, indent=8), KconfigLine(empty, line=48, indent=0), KconfigLine(if, line=49, indent=0), KconfigLine(empty, line=50, indent=0), KconfigLine(config, line=51, indent=4), KconfigLine(type_bool, line=52, indent=8), KconfigLine(config, line=53, indent=4), KconfigLine(type_bool, line=54, indent=8), KconfigLine(config, line=55, indent=4), KconfigLine(type_bool, line=56, indent=8), KconfigLine(empty, line=57, indent=0), KconfigLine(endif, line=58, indent=0), KconfigLine(empty, line=59, indent=0), KconfigLine(endchoice, line=60, indent=0), KconfigLine(empty, line=61, indent=0), KconfigLine(choice, line=62, indent=0), KconfigLine(default, line=64, indent=4), KconfigLine(help, line=65, indent=4), KconfigLine(other, line=66, indent=8), KconfigLine(other, line=67, indent=8), KconfigLine(other, line=68, indent=8), KconfigLine(empty, line=69, indent=0), KconfigLine(config, line=70, indent=4), KconfigLine(type_bool, line=71, indent=8), KconfigLine(help, line=72, indent=8), KconfigLine(other, line=73, indent=12), KconfigLine(empty, line=74, indent=0), KconfigLine(if, line=75, indent=0), KconfigLine(empty, line=76, indent=0), KconfigLine(config, line=77, indent=4), KconfigLine(type_bool, line=78, indent=8), KconfigLine(help, line=79, indent=8), KconfigLine(other, line=80, indent=12), KconfigLine(empty, line=81, indent=0), KconfigLine(config, line=82, indent=4), KconfigLine(type_bool, line=83, indent=8), KconfigLine(help, line=84, indent=8), KconfigLine(other, line=85, indent=12), KconfigLine(empty, line=86, indent=0), KconfigLine(endif, line=87, indent=0), KconfigLine(empty, line=88, indent=0), KconfigLine(endchoice, line=89, indent=0), KconfigLine(empty, line=90, indent=0), KconfigLine(choice, line=91, indent=0), KconfigLine(default, line=93, indent=4), KconfigLine(help, line=94, indent=4), KconfigLine(other, line=95, indent=8), KconfigLine(other, line=96, indent=8), KconfigLine(other, line=97, indent=8), KconfigLine(other, line=98, indent=8), KconfigLine(other, line=99, indent=8), KconfigLine(other, line=100, indent=8), KconfigLine(other, line=101, indent=8), KconfigLine(other, line=102, indent=8), KconfigLine(other, line=103, indent=8), KconfigLine(other, line=104, indent=8), KconfigLine(type_int, line=105, indent=8), KconfigLine(empty, line=106, indent=0), KconfigLine(config, line=107, indent=4), KconfigLine(type_bool, line=108, indent=8), KconfigLine(empty, line=109, indent=0), KconfigLine(config, line=110, indent=4), KconfigLine(type_bool, line=111, indent=8), KconfigLine(empty, line=112, indent=0), KconfigLine(config, line=113, indent=4), KconfigLine(type_bool, line=114, indent=8), KconfigLine(empty, line=115, indent=0), KconfigLine(config, line=116, indent=4), KconfigLine(type_bool, line=117, indent=8), KconfigLine(empty, line=118, indent=0), KconfigLine(endchoice, line=119, indent=0), KconfigLine(empty, line=120, indent=0), KconfigLine(if, line=121, indent=0), KconfigLine(empty, line=122, indent=0), KconfigLine(choice, line=123, indent=0), KconfigLine(help, line=125, indent=4), KconfigLine(other, line=126, indent=8), KconfigLine(other, line=127, indent=8), KconfigLine(empty, line=128, indent=0), KconfigLine(config, line=129, indent=4), KconfigLine(type_bool, line=130, indent=8), KconfigLine(help, line=131, indent=8), KconfigLine(other, line=132, indent=12), KconfigLine(empty, line=133, indent=0), KconfigLine(config, line=134, indent=4), KconfigLine(type_bool, line=135, indent=8), KconfigLine(help, line=136, indent=8), KconfigLine(other, line=137, indent=12), KconfigLine(other, line=138, indent=12), KconfigLine(empty, line=139, indent=0), KconfigLine(config, line=140, indent=4), KconfigLine(type_bool, line=141, indent=8), KconfigLine(help, line=142, indent=8), KconfigLine(other, line=143, indent=12), KconfigLine(type_int, line=144, indent=12), KconfigLine(empty, line=145, indent=0), KconfigLine(endchoice, line=146, indent=0), KconfigLine(empty, line=147, indent=0), KconfigLine(config, line=148, indent=0), KconfigLine(type_int, line=149, indent=4), KconfigLine(range, line=150, indent=4), KconfigLine(default, line=151, indent=4), KconfigLine(help, line=152, indent=4), KconfigLine(other, line=153, indent=8), KconfigLine(other, line=154, indent=8), KconfigLine(other, line=155, indent=8), KconfigLine(other, line=156, indent=8), KconfigLine(empty, line=157, indent=0), KconfigLine(endif, line=158, indent=0), KconfigLine(empty, line=159, indent=0), KconfigLine(if, line=160, indent=0), KconfigLine(empty, line=161, indent=0), KconfigLine(choice, line=162, indent=0), KconfigLine(default, line=164, indent=4), KconfigLine(help, line=165, indent=4), KconfigLine(other, line=166, indent=8), KconfigLine(other, line=167, indent=8), KconfigLine(other, line=168, indent=8), KconfigLine(empty, line=169, indent=0), KconfigLine(config, line=170, indent=4), KconfigLine(type_bool, line=171, indent=8), KconfigLine(help, line=172, indent=8), KconfigLine(other, line=173, indent=12), KconfigLine(empty, line=174, indent=0), KconfigLine(config, line=175, indent=4), KconfigLine(type_bool, line=176, indent=8), KconfigLine(help, line=177, indent=8), KconfigLine(other, line=178, indent=12), KconfigLine(empty, line=179, indent=0), KconfigLine(config, line=180, indent=4), KconfigLine(type_bool, line=181, indent=8), KconfigLine(help, line=182, indent=8), KconfigLine(other, line=183, indent=12), KconfigLine(other, line=184, indent=12), KconfigLine(empty, line=185, indent=0), KconfigLine(config, line=186, indent=4), KconfigLine(type_bool, line=187, indent=8), KconfigLine(help, line=188, indent=8), KconfigLine(other, line=189, indent=12), KconfigLine(other, line=190, indent=12), KconfigLine(empty, line=191, indent=0), KconfigLine(config, line=192, indent=4), KconfigLine(type_bool, line=193, indent=8), KconfigLine(help, line=194, indent=8), KconfigLine(other, line=195, indent=12), KconfigLine(other, line=196, indent=12), KconfigLine(empty, line=197, indent=0), KconfigLine(config, line=198, indent=4), KconfigLine(type_bool, line=199, indent=8), KconfigLine(help, line=200, indent=8), KconfigLine(other, line=201, indent=12), KconfigLine(other, line=202, indent=12), KconfigLine(empty, line=203, indent=0), KconfigLine(config, line=204, indent=4), KconfigLine(type_bool, line=205, indent=8), KconfigLine(help, line=206, indent=8), KconfigLine(other, line=207, indent=12), KconfigLine(other, line=208, indent=12), KconfigLine(empty, line=209, indent=0), KconfigLine(endchoice, line=210, indent=0)]
current_indx: 283 - choice_attr_end: 294
PROCESS choice: [KconfigLine(commented, line=1, indent=0), KconfigLine(other, line=2, indent=0), KconfigLine(commented, line=3, indent=0), KconfigLine(commented, line=4, indent=0), KconfigLine(commented, line=5, indent=0), KconfigLine(other, line=6, indent=0), KconfigLine(empty, line=7, indent=0), KconfigLine(if, line=8, indent=0), KconfigLine(empty, line=9, indent=0), KconfigLine(empty, line=10, indent=0), KconfigLine(choice, line=11, indent=0), KconfigLine(default, line=13, indent=4), KconfigLine(help, line=14, indent=4), KconfigLine(other, line=15, indent=8), KconfigLine(other, line=16, indent=8), KconfigLine(other, line=17, indent=8), KconfigLine(other, line=18, indent=8), KconfigLine(empty, line=19, indent=0), KconfigLine(config, line=20, indent=4), KconfigLine(type_bool, line=21, indent=8), KconfigLine(config, line=22, indent=4), KconfigLine(type_bool, line=23, indent=8), KconfigLine(config, line=24, indent=4), KconfigLine(type_bool, line=25, indent=8), KconfigLine(config, line=26, indent=4), KconfigLine(type_bool, line=27, indent=8), KconfigLine(config, line=28, indent=4), KconfigLine(type_bool, line=29, indent=8), KconfigLine(config, line=30, indent=4), KconfigLine(type_bool, line=31, indent=8), KconfigLine(config, line=32, indent=4), KconfigLine(type_bool, line=33, indent=8), KconfigLine(config, line=34, indent=4), KconfigLine(type_bool, line=35, indent=8), KconfigLine(config, line=36, indent=4), KconfigLine(type_bool, line=37, indent=8), KconfigLine(config, line=38, indent=4), KconfigLine(type_bool, line=39, indent=8), KconfigLine(config, line=40, indent=4), KconfigLine(type_bool, line=41, indent=8), KconfigLine(config, line=42, indent=4), KconfigLine(type_bool, line=43, indent=8), KconfigLine(config, line=44, indent=4), KconfigLine(type_bool, line=45, indent=8), KconfigLine(config, line=46, indent=4), KconfigLine(type_bool, line=47, indent=8), KconfigLine(empty, line=48, indent=0), KconfigLine(if, line=49, indent=0), KconfigLine(empty, line=50, indent=0), KconfigLine(config, line=51, indent=4), KconfigLine(type_bool, line=52, indent=8), KconfigLine(config, line=53, indent=4), KconfigLine(type_bool, line=54, indent=8), KconfigLine(config, line=55, indent=4), KconfigLine(type_bool, line=56, indent=8), KconfigLine(empty, line=57, indent=0), KconfigLine(endif, line=58, indent=0), KconfigLine(empty, line=59, indent=0), KconfigLine(endchoice, line=60, indent=0), KconfigLine(empty, line=61, indent=0), KconfigLine(choice, line=62, indent=0), KconfigLine(default, line=64, indent=4), KconfigLine(help, line=65, indent=4), KconfigLine(other, line=66, indent=8), KconfigLine(other, line=67, indent=8), KconfigLine(other, line=68, indent=8), KconfigLine(empty, line=69, indent=0), KconfigLine(config, line=70, indent=4), KconfigLine(type_bool, line=71, indent=8), KconfigLine(help, line=72, indent=8), KconfigLine(other, line=73, indent=12), KconfigLine(empty, line=74, indent=0), KconfigLine(if, line=75, indent=0), KconfigLine(empty, line=76, indent=0), KconfigLine(config, line=77, indent=4), KconfigLine(type_bool, line=78, indent=8), KconfigLine(help, line=79, indent=8), KconfigLine(other, line=80, indent=12), KconfigLine(empty, line=81, indent=0), KconfigLine(config, line=82, indent=4), KconfigLine(type_bool, line=83, indent=8), KconfigLine(help, line=84, indent=8), KconfigLine(other, line=85, indent=12), KconfigLine(empty, line=86, indent=0), KconfigLine(endif, line=87, indent=0), KconfigLine(empty, line=88, indent=0), KconfigLine(endchoice, line=89, indent=0), KconfigLine(empty, line=90, indent=0), KconfigLine(choice, line=91, indent=0), KconfigLine(default, line=93, indent=4), KconfigLine(help, line=94, indent=4), KconfigLine(other, line=95, indent=8), KconfigLine(other, line=96, indent=8), KconfigLine(other, line=97, indent=8), KconfigLine(other, line=98, indent=8), KconfigLine(other, line=99, indent=8), KconfigLine(other, line=100, indent=8), KconfigLine(other, line=101, indent=8), KconfigLine(other, line=102, indent=8), KconfigLine(other, line=103, indent=8), KconfigLine(other, line=104, indent=8), KconfigLine(type_int, line=105, indent=8), KconfigLine(empty, line=106, indent=0), KconfigLine(config, line=107, indent=4), KconfigLine(type_bool, line=108, indent=8), KconfigLine(empty, line=109, indent=0), KconfigLine(config, line=110, indent=4), KconfigLine(type_bool, line=111, indent=8), KconfigLine(empty, line=112, indent=0), KconfigLine(config, line=113, indent=4), KconfigLine(type_bool, line=114, indent=8), KconfigLine(empty, line=115, indent=0), KconfigLine(config, line=116, indent=4), KconfigLine(type_bool, line=117, indent=8), KconfigLine(empty, line=118, indent=0), KconfigLine(endchoice, line=119, indent=0), KconfigLine(empty, line=120, indent=0), KconfigLine(if, line=121, indent=0), KconfigLine(empty, line=122, indent=0), KconfigLine(choice, line=123, indent=0), KconfigLine(help, line=125, indent=4), KconfigLine(other, line=126, indent=8), KconfigLine(other, line=127, indent=8), KconfigLine(empty, line=128, indent=0), KconfigLine(config, line=129, indent=4), KconfigLine(type_bool, line=130, indent=8), KconfigLine(help, line=131, indent=8), KconfigLine(other, line=132, indent=12), KconfigLine(empty, line=133, indent=0), KconfigLine(config, line=134, indent=4), KconfigLine(type_bool, line=135, indent=8), KconfigLine(help, line=136, indent=8), KconfigLine(other, line=137, indent=12), KconfigLine(other, line=138, indent=12), KconfigLine(empty, line=139, indent=0), KconfigLine(config, line=140, indent=4), KconfigLine(type_bool, line=141, indent=8), KconfigLine(help, line=142, indent=8), KconfigLine(other, line=143, indent=12), KconfigLine(type_int, line=144, indent=12), KconfigLine(empty, line=145, indent=0), KconfigLine(endchoice, line=146, indent=0), KconfigLine(empty, line=147, indent=0), KconfigLine(config, line=148, indent=0), KconfigLine(type_int, line=149, indent=4), KconfigLine(range, line=150, indent=4), KconfigLine(default, line=151, indent=4), KconfigLine(help, line=152, indent=4), KconfigLine(other, line=153, indent=8), KconfigLine(other, line=154, indent=8), KconfigLine(other, line=155, indent=8), KconfigLine(other, line=156, indent=8), KconfigLine(empty, line=157, indent=0), KconfigLine(endif, line=158, indent=0), KconfigLine(empty, line=159, indent=0), KconfigLine(if, line=160, indent=0), KconfigLine(empty, line=161, indent=0), KconfigLine(choice, line=162, indent=0), KconfigLine(default, line=164, indent=4), KconfigLine(help, line=165, indent=4), KconfigLine(other, line=166, indent=8), KconfigLine(other, line=167, indent=8), KconfigLine(other, line=168, indent=8), KconfigLine(empty, line=169, indent=0), KconfigLine(config, line=170, indent=4), KconfigLine(type_bool, line=171, indent=8), KconfigLine(help, line=172, indent=8), KconfigLine(other, line=173, indent=12), KconfigLine(empty, line=174, indent=0), KconfigLine(config, line=175, indent=4), KconfigLine(type_bool, line=176, indent=8), KconfigLine(help, line=177, indent=8), KconfigLine(other, line=178, indent=12), KconfigLine(empty, line=179, indent=0), KconfigLine(config, line=180, indent=4), KconfigLine(type_bool, line=181, indent=8), KconfigLine(help, line=182, indent=8), KconfigLine(other, line=183, indent=12), KconfigLine(other, line=184, indent=12), KconfigLine(empty, line=185, indent=0), KconfigLine(config, line=186, indent=4), KconfigLine(type_bool, line=187, indent=8), KconfigLine(help, line=188, indent=8), KconfigLine(other, line=189, indent=12), KconfigLine(other, line=190, indent=12), KconfigLine(empty, line=191, indent=0), KconfigLine(config, line=192, indent=4), KconfigLine(type_bool, line=193, indent=8), KconfigLine(help, line=194, indent=8), KconfigLine(other, line=195, indent=12), KconfigLine(other, line=196, indent=12), KconfigLine(empty, line=197, indent=0), KconfigLine(config, line=198, indent=4), KconfigLine(type_bool, line=199, indent=8), KconfigLine(help, line=200, indent=8), KconfigLine(other, line=201, indent=12), KconfigLine(other, line=202, indent=12), KconfigLine(empty, line=203, indent=0), KconfigLine(config, line=204, indent=4), KconfigLine(type_bool, line=205, indent=8), KconfigLine(help, line=206, indent=8), KconfigLine(other, line=207, indent=12), KconfigLine(other, line=208, indent=12), KconfigLine(empty, line=209, indent=0), KconfigLine(endchoice, line=210, indent=0), KconfigLine(empty, line=211, indent=0), KconfigLine(config, line=212, indent=0), KconfigLine(type_int, line=213, indent=4), KconfigLine(range, line=214, indent=4), KconfigLine(default, line=215, indent=4), KconfigLine(help, line=216, indent=4), KconfigLine(other, line=217, indent=8), KconfigLine(other, line=218, indent=8), KconfigLine(other, line=219, indent=8), KconfigLine(other, line=220, indent=8), KconfigLine(empty, line=221, indent=0), KconfigLine(endif, line=222, indent=0), KconfigLine(empty, line=223, indent=0), KconfigLine(if, line=224, indent=0), KconfigLine(empty, line=225, indent=0), KconfigLine(config, line=226, indent=0), KconfigLine(type_int, line=227, indent=4), KconfigLine(range, line=228, indent=4), KconfigLine(default, line=229, indent=4), KconfigLine(help, line=230, indent=4), KconfigLine(other, line=231, indent=8), KconfigLine(other, line=232, indent=8), KconfigLine(other, line=233, indent=8), KconfigLine(other, line=234, indent=8), KconfigLine(other, line=235, indent=8), KconfigLine(empty, line=236, indent=0), KconfigLine(config, line=237, indent=0), KconfigLine(type_int, line=238, indent=4), KconfigLine(range, line=239, indent=4), KconfigLine(default, line=240, indent=4), KconfigLine(help, line=241, indent=4), KconfigLine(other, line=242, indent=8), KconfigLine(other, line=243, indent=8), KconfigLine(other, line=244, indent=8), KconfigLine(other, line=245, indent=8), KconfigLine(other, line=246, indent=8), KconfigLine(empty, line=247, indent=0), KconfigLine(config, line=248, indent=0), KconfigLine(type_int, line=249, indent=4), KconfigLine(range, line=250, indent=4), KconfigLine(default, line=251, indent=4), KconfigLine(help, line=252, indent=4), KconfigLine(other, line=253, indent=8), KconfigLine(other, line=254, indent=8), KconfigLine(other, line=255, indent=8), KconfigLine(other, line=256, indent=8), KconfigLine(other, line=257, indent=8), KconfigLine(empty, line=258, indent=0), KconfigLine(config, line=259, indent=0), KconfigLine(type_bool, line=260, indent=4), KconfigLine(default, line=261, indent=4), KconfigLine(empty, line=262, indent=0), KconfigLine(config, line=263, indent=0), KconfigLine(type_bool, line=264, indent=4), KconfigLine(default, line=265, indent=4), KconfigLine(empty, line=266, indent=0), KconfigLine(config, line=267, indent=0), KconfigLine(type_bool, line=268, indent=4), KconfigLine(default, line=269, indent=4), KconfigLine(empty, line=270, indent=0), KconfigLine(config, line=271, indent=0), KconfigLine(type_bool, line=272, indent=4), KconfigLine(default, line=273, indent=4), KconfigLine(empty, line=274, indent=0), KconfigLine(config, line=275, indent=0), KconfigLine(type_bool, line=276, indent=4), KconfigLine(default, line=277, indent=4), KconfigLine(empty, line=278, indent=0), KconfigLine(config, line=279, indent=0), KconfigLine(type_bool, line=280, indent=4), KconfigLine(default, line=281, indent=4), KconfigLine(empty, line=282, indent=0), KconfigLine(choice, line=283, indent=0), KconfigLine(default, line=285, indent=4), KconfigLine(help, line=286, indent=4), KconfigLine(other, line=287, indent=8), KconfigLine(other, line=288, indent=8), KconfigLine(other, line=289, indent=8), KconfigLine(other, line=290, indent=8), KconfigLine(other, line=291, indent=8), KconfigLine(other, line=292, indent=8), KconfigLine(other, line=293, indent=8), KconfigLine(empty, line=294, indent=0), KconfigLine(config, line=295, indent=4), KconfigLine(type_bool, line=296, indent=8), KconfigLine(empty, line=297, indent=0), KconfigLine(config, line=298, indent=4), KconfigLine(type_bool, line=299, indent=8), KconfigLine(empty, line=300, indent=0), KconfigLine(config, line=301, indent=4), KconfigLine(type_bool, line=302, indent=8), KconfigLine(empty, line=303, indent=0), KconfigLine(config, line=304, indent=4), KconfigLine(type_bool, line=305, indent=8), KconfigLine(empty, line=306, indent=0), KconfigLine(endchoice, line=307, indent=0)]
    FILE LOG --------------------------------------------------------------
    Reader input                325 lines
    -----------------------------------------------------------------------
    All source without glob:    0
    All source using glob:      0
    All osource_keywords:       0
    All rsource_keywords:       0
    All orsource_keywords:      0
    SUM (r/or/o)source lines:   0
    All "option env" attr:      0
    -----------------------------------------------------------------------
    Transformer Output:         319 lines
    -----------------------------------------------------------------------
        Added new bc of def_*:           0
        Added new bc of glob:            0
        Added new bc of config_default:  0
        Added new bc of named choice:    0
        Removed bc of config_default:    0
        Removed bc of named choice:      0
        Removed no match for o(r)source: 0
        Removed optional choice attr:    0
        Removed bool     choice attr:    6
        Removed tristate choice attr:    0
Excel saved: /home/ljd/wsMA_prototyp/transform_projects/transform_riot/RIOT_log/results3.xlsx
        Done writting 318 lines in /home/ljd/wsMA_prototyp/transform_projects/transform_riot/RIOT_output/drivers/l3gxxxx/Kconfig


Reader found: 114 lines in /home/ljd/riot/RIOT/drivers/lm75/Kconfig
call _transform_lines(lines from reader, input, configdefault dict info)
start transforming 114 input lines
current_indx: 14 - choice_attr_end: 19
PROCESS choice: [KconfigLine(menu, line=1, indent=0), KconfigLine(depends_on, line=2, indent=4), KconfigLine(empty, line=3, indent=0), KconfigLine(config, line=4, indent=0), KconfigLine(type_hex, line=5, indent=4), KconfigLine(range, line=6, indent=4), KconfigLine(default, line=7, indent=4), KconfigLine(help, line=8, indent=4), KconfigLine(other, line=9, indent=8), KconfigLine(other, line=10, indent=8), KconfigLine(other, line=11, indent=8), KconfigLine(other, line=12, indent=8), KconfigLine(empty, line=13, indent=0), KconfigLine(choice, line=14, indent=0), KconfigLine(default, line=16, indent=4), KconfigLine(help, line=17, indent=4), KconfigLine(other, line=18, indent=8), KconfigLine(empty, line=19, indent=0), KconfigLine(config, line=20, indent=0), KconfigLine(type_bool, line=21, indent=4), KconfigLine(empty, line=22, indent=0), KconfigLine(config, line=23, indent=0), KconfigLine(type_bool, line=24, indent=4), KconfigLine(empty, line=25, indent=0), KconfigLine(endchoice, line=26, indent=0)]
current_indx: 29 - choice_attr_end: 40
PROCESS choice: [KconfigLine(menu, line=1, indent=0), KconfigLine(depends_on, line=2, indent=4), KconfigLine(empty, line=3, indent=0), KconfigLine(config, line=4, indent=0), KconfigLine(type_hex, line=5, indent=4), KconfigLine(range, line=6, indent=4), KconfigLine(default, line=7, indent=4), KconfigLine(help, line=8, indent=4), KconfigLine(other, line=9, indent=8), KconfigLine(other, line=10, indent=8), KconfigLine(other, line=11, indent=8), KconfigLine(other, line=12, indent=8), KconfigLine(empty, line=13, indent=0), KconfigLine(choice, line=14, indent=0), KconfigLine(default, line=16, indent=4), KconfigLine(help, line=17, indent=4), KconfigLine(other, line=18, indent=8), KconfigLine(empty, line=19, indent=0), KconfigLine(config, line=20, indent=0), KconfigLine(type_bool, line=21, indent=4), KconfigLine(empty, line=22, indent=0), KconfigLine(config, line=23, indent=0), KconfigLine(type_bool, line=24, indent=4), KconfigLine(empty, line=25, indent=0), KconfigLine(endchoice, line=26, indent=0), KconfigLine(empty, line=27, indent=0), KconfigLine(empty, line=28, indent=0), KconfigLine(choice, line=29, indent=0), KconfigLine(default, line=31, indent=4), KconfigLine(help, line=32, indent=4), KconfigLine(other, line=33, indent=8), KconfigLine(other, line=34, indent=8), KconfigLine(other, line=35, indent=8), KconfigLine(other, line=36, indent=8), KconfigLine(other, line=37, indent=8), KconfigLine(other, line=38, indent=8), KconfigLine(other, line=39, indent=8), KconfigLine(empty, line=40, indent=0), KconfigLine(config, line=41, indent=0), KconfigLine(type_bool, line=42, indent=4), KconfigLine(empty, line=43, indent=0), KconfigLine(config, line=44, indent=0), KconfigLine(type_bool, line=45, indent=4), KconfigLine(empty, line=46, indent=0), KconfigLine(endchoice, line=47, indent=0)]
current_indx: 50 - choice_attr_end: 55
PROCESS choice: [KconfigLine(menu, line=1, indent=0), KconfigLine(depends_on, line=2, indent=4), KconfigLine(empty, line=3, indent=0), KconfigLine(config, line=4, indent=0), KconfigLine(type_hex, line=5, indent=4), KconfigLine(range, line=6, indent=4), KconfigLine(default, line=7, indent=4), KconfigLine(help, line=8, indent=4), KconfigLine(other, line=9, indent=8), KconfigLine(other, line=10, indent=8), KconfigLine(other, line=11, indent=8), KconfigLine(other, line=12, indent=8), KconfigLine(empty, line=13, indent=0), KconfigLine(choice, line=14, indent=0), KconfigLine(default, line=16, indent=4), KconfigLine(help, line=17, indent=4), KconfigLine(other, line=18, indent=8), KconfigLine(empty, line=19, indent=0), KconfigLine(config, line=20, indent=0), KconfigLine(type_bool, line=21, indent=4), KconfigLine(empty, line=22, indent=0), KconfigLine(config, line=23, indent=0), KconfigLine(type_bool, line=24, indent=4), KconfigLine(empty, line=25, indent=0), KconfigLine(endchoice, line=26, indent=0), KconfigLine(empty, line=27, indent=0), KconfigLine(empty, line=28, indent=0), KconfigLine(choice, line=29, indent=0), KconfigLine(default, line=31, indent=4), KconfigLine(help, line=32, indent=4), KconfigLine(other, line=33, indent=8), KconfigLine(other, line=34, indent=8), KconfigLine(other, line=35, indent=8), KconfigLine(other, line=36, indent=8), KconfigLine(other, line=37, indent=8), KconfigLine(other, line=38, indent=8), KconfigLine(other, line=39, indent=8), KconfigLine(empty, line=40, indent=0), KconfigLine(config, line=41, indent=0), KconfigLine(type_bool, line=42, indent=4), KconfigLine(empty, line=43, indent=0), KconfigLine(config, line=44, indent=0), KconfigLine(type_bool, line=45, indent=4), KconfigLine(empty, line=46, indent=0), KconfigLine(endchoice, line=47, indent=0), KconfigLine(empty, line=48, indent=0), KconfigLine(empty, line=49, indent=0), KconfigLine(choice, line=50, indent=0), KconfigLine(default, line=52, indent=4), KconfigLine(help, line=53, indent=4), KconfigLine(other, line=54, indent=8), KconfigLine(empty, line=55, indent=0), KconfigLine(config, line=56, indent=0), KconfigLine(type_bool, line=57, indent=4), KconfigLine(empty, line=58, indent=0), KconfigLine(config, line=59, indent=0), KconfigLine(type_bool, line=60, indent=4), KconfigLine(empty, line=61, indent=0), KconfigLine(endchoice, line=62, indent=0)]
current_indx: 65 - choice_attr_end: 70
PROCESS choice: [KconfigLine(menu, line=1, indent=0), KconfigLine(depends_on, line=2, indent=4), KconfigLine(empty, line=3, indent=0), KconfigLine(config, line=4, indent=0), KconfigLine(type_hex, line=5, indent=4), KconfigLine(range, line=6, indent=4), KconfigLine(default, line=7, indent=4), KconfigLine(help, line=8, indent=4), KconfigLine(other, line=9, indent=8), KconfigLine(other, line=10, indent=8), KconfigLine(other, line=11, indent=8), KconfigLine(other, line=12, indent=8), KconfigLine(empty, line=13, indent=0), KconfigLine(choice, line=14, indent=0), KconfigLine(default, line=16, indent=4), KconfigLine(help, line=17, indent=4), KconfigLine(other, line=18, indent=8), KconfigLine(empty, line=19, indent=0), KconfigLine(config, line=20, indent=0), KconfigLine(type_bool, line=21, indent=4), KconfigLine(empty, line=22, indent=0), KconfigLine(config, line=23, indent=0), KconfigLine(type_bool, line=24, indent=4), KconfigLine(empty, line=25, indent=0), KconfigLine(endchoice, line=26, indent=0), KconfigLine(empty, line=27, indent=0), KconfigLine(empty, line=28, indent=0), KconfigLine(choice, line=29, indent=0), KconfigLine(default, line=31, indent=4), KconfigLine(help, line=32, indent=4), KconfigLine(other, line=33, indent=8), KconfigLine(other, line=34, indent=8), KconfigLine(other, line=35, indent=8), KconfigLine(other, line=36, indent=8), KconfigLine(other, line=37, indent=8), KconfigLine(other, line=38, indent=8), KconfigLine(other, line=39, indent=8), KconfigLine(empty, line=40, indent=0), KconfigLine(config, line=41, indent=0), KconfigLine(type_bool, line=42, indent=4), KconfigLine(empty, line=43, indent=0), KconfigLine(config, line=44, indent=0), KconfigLine(type_bool, line=45, indent=4), KconfigLine(empty, line=46, indent=0), KconfigLine(endchoice, line=47, indent=0), KconfigLine(empty, line=48, indent=0), KconfigLine(empty, line=49, indent=0), KconfigLine(choice, line=50, indent=0), KconfigLine(default, line=52, indent=4), KconfigLine(help, line=53, indent=4), KconfigLine(other, line=54, indent=8), KconfigLine(empty, line=55, indent=0), KconfigLine(config, line=56, indent=0), KconfigLine(type_bool, line=57, indent=4), KconfigLine(empty, line=58, indent=0), KconfigLine(config, line=59, indent=0), KconfigLine(type_bool, line=60, indent=4), KconfigLine(empty, line=61, indent=0), KconfigLine(endchoice, line=62, indent=0), KconfigLine(empty, line=63, indent=0), KconfigLine(empty, line=64, indent=0), KconfigLine(choice, line=65, indent=0), KconfigLine(default, line=67, indent=4), KconfigLine(help, line=68, indent=4), KconfigLine(other, line=69, indent=8), KconfigLine(empty, line=70, indent=0), KconfigLine(config, line=71, indent=0), KconfigLine(type_bool, line=72, indent=4), KconfigLine(empty, line=73, indent=0), KconfigLine(config, line=74, indent=0), KconfigLine(type_bool, line=75, indent=4), KconfigLine(empty, line=76, indent=0), KconfigLine(config, line=77, indent=0), KconfigLine(type_bool, line=78, indent=4), KconfigLine(empty, line=79, indent=0), KconfigLine(config, line=80, indent=0), KconfigLine(type_bool, line=81, indent=4), KconfigLine(empty, line=82, indent=0), KconfigLine(config, line=83, indent=0), KconfigLine(type_bool, line=84, indent=4), KconfigLine(empty, line=85, indent=0), KconfigLine(endchoice, line=86, indent=0)]
current_indx: 91 - choice_attr_end: 96
PROCESS choice: [KconfigLine(menu, line=1, indent=0), KconfigLine(depends_on, line=2, indent=4), KconfigLine(empty, line=3, indent=0), KconfigLine(config, line=4, indent=0), KconfigLine(type_hex, line=5, indent=4), KconfigLine(range, line=6, indent=4), KconfigLine(default, line=7, indent=4), KconfigLine(help, line=8, indent=4), KconfigLine(other, line=9, indent=8), KconfigLine(other, line=10, indent=8), KconfigLine(other, line=11, indent=8), KconfigLine(other, line=12, indent=8), KconfigLine(empty, line=13, indent=0), KconfigLine(choice, line=14, indent=0), KconfigLine(default, line=16, indent=4), KconfigLine(help, line=17, indent=4), KconfigLine(other, line=18, indent=8), KconfigLine(empty, line=19, indent=0), KconfigLine(config, line=20, indent=0), KconfigLine(type_bool, line=21, indent=4), KconfigLine(empty, line=22, indent=0), KconfigLine(config, line=23, indent=0), KconfigLine(type_bool, line=24, indent=4), KconfigLine(empty, line=25, indent=0), KconfigLine(endchoice, line=26, indent=0), KconfigLine(empty, line=27, indent=0), KconfigLine(empty, line=28, indent=0), KconfigLine(choice, line=29, indent=0), KconfigLine(default, line=31, indent=4), KconfigLine(help, line=32, indent=4), KconfigLine(other, line=33, indent=8), KconfigLine(other, line=34, indent=8), KconfigLine(other, line=35, indent=8), KconfigLine(other, line=36, indent=8), KconfigLine(other, line=37, indent=8), KconfigLine(other, line=38, indent=8), KconfigLine(other, line=39, indent=8), KconfigLine(empty, line=40, indent=0), KconfigLine(config, line=41, indent=0), KconfigLine(type_bool, line=42, indent=4), KconfigLine(empty, line=43, indent=0), KconfigLine(config, line=44, indent=0), KconfigLine(type_bool, line=45, indent=4), KconfigLine(empty, line=46, indent=0), KconfigLine(endchoice, line=47, indent=0), KconfigLine(empty, line=48, indent=0), KconfigLine(empty, line=49, indent=0), KconfigLine(choice, line=50, indent=0), KconfigLine(default, line=52, indent=4), KconfigLine(help, line=53, indent=4), KconfigLine(other, line=54, indent=8), KconfigLine(empty, line=55, indent=0), KconfigLine(config, line=56, indent=0), KconfigLine(type_bool, line=57, indent=4), KconfigLine(empty, line=58, indent=0), KconfigLine(config, line=59, indent=0), KconfigLine(type_bool, line=60, indent=4), KconfigLine(empty, line=61, indent=0), KconfigLine(endchoice, line=62, indent=0), KconfigLine(empty, line=63, indent=0), KconfigLine(empty, line=64, indent=0), KconfigLine(choice, line=65, indent=0), KconfigLine(default, line=67, indent=4), KconfigLine(help, line=68, indent=4), KconfigLine(other, line=69, indent=8), KconfigLine(empty, line=70, indent=0), KconfigLine(config, line=71, indent=0), KconfigLine(type_bool, line=72, indent=4), KconfigLine(empty, line=73, indent=0), KconfigLine(config, line=74, indent=0), KconfigLine(type_bool, line=75, indent=4), KconfigLine(empty, line=76, indent=0), KconfigLine(config, line=77, indent=0), KconfigLine(type_bool, line=78, indent=4), KconfigLine(empty, line=79, indent=0), KconfigLine(config, line=80, indent=0), KconfigLine(type_bool, line=81, indent=4), KconfigLine(empty, line=82, indent=0), KconfigLine(config, line=83, indent=0), KconfigLine(type_bool, line=84, indent=4), KconfigLine(empty, line=85, indent=0), KconfigLine(endchoice, line=86, indent=0), KconfigLine(empty, line=87, indent=0), KconfigLine(empty, line=88, indent=0), KconfigLine(if, line=89, indent=0), KconfigLine(empty, line=90, indent=0), KconfigLine(choice, line=91, indent=0), KconfigLine(default, line=93, indent=4), KconfigLine(help, line=94, indent=4), KconfigLine(other, line=95, indent=8), KconfigLine(empty, line=96, indent=0), KconfigLine(config, line=97, indent=0), KconfigLine(type_bool, line=98, indent=4), KconfigLine(empty, line=99, indent=0), KconfigLine(config, line=100, indent=0), KconfigLine(type_bool, line=101, indent=4), KconfigLine(empty, line=102, indent=0), KconfigLine(config, line=103, indent=0), KconfigLine(type_bool, line=104, indent=4), KconfigLine(empty, line=105, indent=0), KconfigLine(config, line=106, indent=0), KconfigLine(type_bool, line=107, indent=4), KconfigLine(empty, line=108, indent=0), KconfigLine(empty, line=109, indent=0), KconfigLine(endchoice, line=110, indent=0)]
    FILE LOG --------------------------------------------------------------
    Reader input                114 lines
    -----------------------------------------------------------------------
    All source without glob:    0
    All source using glob:      0
    All osource_keywords:       0
    All rsource_keywords:       0
    All orsource_keywords:      0
    SUM (r/or/o)source lines:   0
    All "option env" attr:      0
    -----------------------------------------------------------------------
    Transformer Output:         109 lines
    -----------------------------------------------------------------------
        Added new bc of def_*:           0
        Added new bc of glob:            0
        Added new bc of config_default:  0
        Added new bc of named choice:    0
        Removed bc of config_default:    0
        Removed bc of named choice:      0
        Removed no match for o(r)source: 0
        Removed optional choice attr:    0
        Removed bool     choice attr:    5
        Removed tristate choice attr:    0
Excel saved: /home/ljd/wsMA_prototyp/transform_projects/transform_riot/RIOT_log/results3.xlsx
        Done writting 104 lines in /home/ljd/wsMA_prototyp/transform_projects/transform_riot/RIOT_output/drivers/lm75/Kconfig


Reader found: 22 lines in /home/ljd/riot/RIOT/drivers/lpsxxx/Kconfig
call _transform_lines(lines from reader, input, configdefault dict info)
start transforming 22 input lines
    FILE LOG --------------------------------------------------------------
    Reader input                22 lines
    -----------------------------------------------------------------------
    All source without glob:    0
    All source using glob:      0
    All osource_keywords:       0
    All rsource_keywords:       0
    All orsource_keywords:      0
    SUM (r/or/o)source lines:   0
    All "option env" attr:      0
    -----------------------------------------------------------------------
    Transformer Output:         22 lines
    -----------------------------------------------------------------------
        Added new bc of def_*:           0
        Added new bc of glob:            0
        Added new bc of config_default:  0
        Added new bc of named choice:    0
        Removed bc of config_default:    0
        Removed bc of named choice:      0
        Removed no match for o(r)source: 0
        Removed optional choice attr:    0
        Removed bool     choice attr:    0
        Removed tristate choice attr:    0
Excel saved: /home/ljd/wsMA_prototyp/transform_projects/transform_riot/RIOT_log/results3.xlsx
        Done writting 22 lines in /home/ljd/wsMA_prototyp/transform_projects/transform_riot/RIOT_output/drivers/lpsxxx/Kconfig


Reader found: 20 lines in /home/ljd/riot/RIOT/drivers/mag3110/Kconfig
call _transform_lines(lines from reader, input, configdefault dict info)
start transforming 20 input lines
    FILE LOG --------------------------------------------------------------
    Reader input                20 lines
    -----------------------------------------------------------------------
    All source without glob:    0
    All source using glob:      0
    All osource_keywords:       0
    All rsource_keywords:       0
    All orsource_keywords:      0
    SUM (r/or/o)source lines:   0
    All "option env" attr:      0
    -----------------------------------------------------------------------
    Transformer Output:         20 lines
    -----------------------------------------------------------------------
        Added new bc of def_*:           0
        Added new bc of glob:            0
        Added new bc of config_default:  0
        Added new bc of named choice:    0
        Removed bc of config_default:    0
        Removed bc of named choice:      0
        Removed no match for o(r)source: 0
        Removed optional choice attr:    0
        Removed bool     choice attr:    0
        Removed tristate choice attr:    0
Excel saved: /home/ljd/wsMA_prototyp/transform_projects/transform_riot/RIOT_log/results3.xlsx
        Done writting 20 lines in /home/ljd/wsMA_prototyp/transform_projects/transform_riot/RIOT_output/drivers/mag3110/Kconfig


Reader found: 36 lines in /home/ljd/riot/RIOT/drivers/matrix_keypad/Kconfig
call _transform_lines(lines from reader, input, configdefault dict info)
start transforming 36 input lines
    FILE LOG --------------------------------------------------------------
    Reader input                36 lines
    -----------------------------------------------------------------------
    All source without glob:    0
    All source using glob:      0
    All osource_keywords:       0
    All rsource_keywords:       0
    All orsource_keywords:      0
    SUM (r/or/o)source lines:   0
    All "option env" attr:      0
    -----------------------------------------------------------------------
    Transformer Output:         36 lines
    -----------------------------------------------------------------------
        Added new bc of def_*:           0
        Added new bc of glob:            0
        Added new bc of config_default:  0
        Added new bc of named choice:    0
        Removed bc of config_default:    0
        Removed bc of named choice:      0
        Removed no match for o(r)source: 0
        Removed optional choice attr:    0
        Removed bool     choice attr:    0
        Removed tristate choice attr:    0
Excel saved: /home/ljd/wsMA_prototyp/transform_projects/transform_riot/RIOT_log/results3.xlsx
        Done writting 36 lines in /home/ljd/wsMA_prototyp/transform_projects/transform_riot/RIOT_output/drivers/matrix_keypad/Kconfig


Reader found: 23 lines in /home/ljd/riot/RIOT/drivers/mma8x5x/Kconfig
call _transform_lines(lines from reader, input, configdefault dict info)
start transforming 23 input lines
    FILE LOG --------------------------------------------------------------
    Reader input                23 lines
    -----------------------------------------------------------------------
    All source without glob:    0
    All source using glob:      0
    All osource_keywords:       0
    All rsource_keywords:       0
    All orsource_keywords:      0
    SUM (r/or/o)source lines:   0
    All "option env" attr:      0
    -----------------------------------------------------------------------
    Transformer Output:         23 lines
    -----------------------------------------------------------------------
        Added new bc of def_*:           0
        Added new bc of glob:            0
        Added new bc of config_default:  0
        Added new bc of named choice:    0
        Removed bc of config_default:    0
        Removed bc of named choice:      0
        Removed no match for o(r)source: 0
        Removed optional choice attr:    0
        Removed bool     choice attr:    0
        Removed tristate choice attr:    0
Excel saved: /home/ljd/wsMA_prototyp/transform_projects/transform_riot/RIOT_log/results3.xlsx
        Done writting 23 lines in /home/ljd/wsMA_prototyp/transform_projects/transform_riot/RIOT_output/drivers/mma8x5x/Kconfig


Reader found: 38 lines in /home/ljd/riot/RIOT/drivers/opt3001/Kconfig
call _transform_lines(lines from reader, input, configdefault dict info)
start transforming 38 input lines
current_indx: 22 - choice_attr_end: 29
PROCESS choice: [KconfigLine(commented, line=1, indent=0), KconfigLine(commented, line=2, indent=0), KconfigLine(other, line=3, indent=0), KconfigLine(commented, line=4, indent=0), KconfigLine(commented, line=5, indent=0), KconfigLine(commented, line=6, indent=0), KconfigLine(other, line=7, indent=0), KconfigLine(empty, line=8, indent=0), KconfigLine(menu, line=9, indent=0), KconfigLine(depends_on, line=10, indent=4), KconfigLine(empty, line=11, indent=0), KconfigLine(config, line=12, indent=0), KconfigLine(type_hex, line=13, indent=4), KconfigLine(range, line=14, indent=4), KconfigLine(default, line=15, indent=4), KconfigLine(help, line=16, indent=4), KconfigLine(other, line=17, indent=8), KconfigLine(other, line=18, indent=8), KconfigLine(other, line=19, indent=8), KconfigLine(other, line=20, indent=8), KconfigLine(empty, line=21, indent=0), KconfigLine(choice, line=22, indent=0), KconfigLine(default, line=24, indent=4), KconfigLine(help, line=25, indent=4), KconfigLine(other, line=26, indent=8), KconfigLine(other, line=27, indent=8), KconfigLine(other, line=28, indent=8), KconfigLine(empty, line=29, indent=0), KconfigLine(config, line=30, indent=0), KconfigLine(type_bool, line=31, indent=4), KconfigLine(empty, line=32, indent=0), KconfigLine(config, line=33, indent=0), KconfigLine(type_bool, line=34, indent=4), KconfigLine(empty, line=35, indent=0), KconfigLine(endchoice, line=36, indent=0)]
    FILE LOG --------------------------------------------------------------
    Reader input                38 lines
    -----------------------------------------------------------------------
    All source without glob:    0
    All source using glob:      0
    All osource_keywords:       0
    All rsource_keywords:       0
    All orsource_keywords:      0
    SUM (r/or/o)source lines:   0
    All "option env" attr:      0
    -----------------------------------------------------------------------
    Transformer Output:         37 lines
    -----------------------------------------------------------------------
        Added new bc of def_*:           0
        Added new bc of glob:            0
        Added new bc of config_default:  0
        Added new bc of named choice:    0
        Removed bc of config_default:    0
        Removed bc of named choice:      0
        Removed no match for o(r)source: 0
        Removed optional choice attr:    0
        Removed bool     choice attr:    1
        Removed tristate choice attr:    0
Excel saved: /home/ljd/wsMA_prototyp/transform_projects/transform_riot/RIOT_log/results3.xlsx
        Done writting 37 lines in /home/ljd/wsMA_prototyp/transform_projects/transform_riot/RIOT_output/drivers/opt3001/Kconfig


Reader found: 37 lines in /home/ljd/riot/RIOT/drivers/paa5100je/Kconfig
call _transform_lines(lines from reader, input, configdefault dict info)
start transforming 37 input lines
    FILE LOG --------------------------------------------------------------
    Reader input                37 lines
    -----------------------------------------------------------------------
    All source without glob:    0
    All source using glob:      0
    All osource_keywords:       0
    All rsource_keywords:       0
    All orsource_keywords:      0
    SUM (r/or/o)source lines:   0
    All "option env" attr:      0
    -----------------------------------------------------------------------
    Transformer Output:         37 lines
    -----------------------------------------------------------------------
        Added new bc of def_*:           0
        Added new bc of glob:            0
        Added new bc of config_default:  0
        Added new bc of named choice:    0
        Removed bc of config_default:    0
        Removed bc of named choice:      0
        Removed no match for o(r)source: 0
        Removed optional choice attr:    0
        Removed bool     choice attr:    0
        Removed tristate choice attr:    0
Excel saved: /home/ljd/wsMA_prototyp/transform_projects/transform_riot/RIOT_log/results3.xlsx
        Done writting 37 lines in /home/ljd/wsMA_prototyp/transform_projects/transform_riot/RIOT_output/drivers/paa5100je/Kconfig


Reader found: 20 lines in /home/ljd/riot/RIOT/drivers/seesaw_soil/Kconfig
call _transform_lines(lines from reader, input, configdefault dict info)
start transforming 20 input lines
    FILE LOG --------------------------------------------------------------
    Reader input                20 lines
    -----------------------------------------------------------------------
    All source without glob:    0
    All source using glob:      0
    All osource_keywords:       0
    All rsource_keywords:       0
    All orsource_keywords:      0
    SUM (r/or/o)source lines:   0
    All "option env" attr:      0
    -----------------------------------------------------------------------
    Transformer Output:         20 lines
    -----------------------------------------------------------------------
        Added new bc of def_*:           0
        Added new bc of glob:            0
        Added new bc of config_default:  0
        Added new bc of named choice:    0
        Removed bc of config_default:    0
        Removed bc of named choice:      0
        Removed no match for o(r)source: 0
        Removed optional choice attr:    0
        Removed bool     choice attr:    0
        Removed tristate choice attr:    0
Excel saved: /home/ljd/wsMA_prototyp/transform_projects/transform_riot/RIOT_log/results3.xlsx
        Done writting 20 lines in /home/ljd/wsMA_prototyp/transform_projects/transform_riot/RIOT_output/drivers/seesaw_soil/Kconfig


Reader found: 56 lines in /home/ljd/riot/RIOT/drivers/sht2x/Kconfig
call _transform_lines(lines from reader, input, configdefault dict info)
start transforming 56 input lines
current_indx: 10 - choice_attr_end: 13
PROCESS choice: [KconfigLine(commented, line=1, indent=0), KconfigLine(other, line=2, indent=0), KconfigLine(commented, line=3, indent=0), KconfigLine(commented, line=4, indent=0), KconfigLine(commented, line=5, indent=0), KconfigLine(other, line=6, indent=0), KconfigLine(empty, line=7, indent=0), KconfigLine(if, line=8, indent=0), KconfigLine(empty, line=9, indent=0), KconfigLine(choice, line=10, indent=0), KconfigLine(default, line=12, indent=4), KconfigLine(empty, line=13, indent=0), KconfigLine(config, line=14, indent=4), KconfigLine(type_bool, line=15, indent=8), KconfigLine(config, line=16, indent=4), KconfigLine(type_bool, line=17, indent=8), KconfigLine(config, line=18, indent=4), KconfigLine(type_bool, line=19, indent=8), KconfigLine(config, line=20, indent=4), KconfigLine(type_bool, line=21, indent=8), KconfigLine(help, line=22, indent=4), KconfigLine(other, line=23, indent=8), KconfigLine(endchoice, line=24, indent=0)]
current_indx: 26 - choice_attr_end: 29
PROCESS choice: [KconfigLine(commented, line=1, indent=0), KconfigLine(other, line=2, indent=0), KconfigLine(commented, line=3, indent=0), KconfigLine(commented, line=4, indent=0), KconfigLine(commented, line=5, indent=0), KconfigLine(other, line=6, indent=0), KconfigLine(empty, line=7, indent=0), KconfigLine(if, line=8, indent=0), KconfigLine(empty, line=9, indent=0), KconfigLine(choice, line=10, indent=0), KconfigLine(default, line=12, indent=4), KconfigLine(empty, line=13, indent=0), KconfigLine(config, line=14, indent=4), KconfigLine(type_bool, line=15, indent=8), KconfigLine(config, line=16, indent=4), KconfigLine(type_bool, line=17, indent=8), KconfigLine(config, line=18, indent=4), KconfigLine(type_bool, line=19, indent=8), KconfigLine(config, line=20, indent=4), KconfigLine(type_bool, line=21, indent=8), KconfigLine(help, line=22, indent=4), KconfigLine(other, line=23, indent=8), KconfigLine(endchoice, line=24, indent=0), KconfigLine(empty, line=25, indent=0), KconfigLine(choice, line=26, indent=0), KconfigLine(default, line=28, indent=4), KconfigLine(empty, line=29, indent=0), KconfigLine(config, line=30, indent=4), KconfigLine(type_bool, line=31, indent=8), KconfigLine(help, line=32, indent=8), KconfigLine(other, line=33, indent=12), KconfigLine(other, line=34, indent=12), KconfigLine(other, line=35, indent=12), KconfigLine(other, line=36, indent=12), KconfigLine(other, line=37, indent=12), KconfigLine(other, line=38, indent=12), KconfigLine(other, line=39, indent=12), KconfigLine(other, line=40, indent=12), KconfigLine(other, line=41, indent=12), KconfigLine(other, line=42, indent=12), KconfigLine(config, line=43, indent=4), KconfigLine(type_bool, line=44, indent=8), KconfigLine(help, line=45, indent=8), KconfigLine(other, line=46, indent=12), KconfigLine(other, line=47, indent=12), KconfigLine(other, line=48, indent=12), KconfigLine(endchoice, line=49, indent=0)]
    FILE LOG --------------------------------------------------------------
    Reader input                56 lines
    -----------------------------------------------------------------------
    All source without glob:    0
    All source using glob:      0
    All osource_keywords:       0
    All rsource_keywords:       0
    All orsource_keywords:      0
    SUM (r/or/o)source lines:   0
    All "option env" attr:      0
    -----------------------------------------------------------------------
    Transformer Output:         54 lines
    -----------------------------------------------------------------------
        Added new bc of def_*:           0
        Added new bc of glob:            0
        Added new bc of config_default:  0
        Added new bc of named choice:    0
        Removed bc of config_default:    0
        Removed bc of named choice:      0
        Removed no match for o(r)source: 0
        Removed optional choice attr:    0
        Removed bool     choice attr:    2
        Removed tristate choice attr:    0
Excel saved: /home/ljd/wsMA_prototyp/transform_projects/transform_riot/RIOT_log/results3.xlsx
        Done writting 54 lines in /home/ljd/wsMA_prototyp/transform_projects/transform_riot/RIOT_output/drivers/sht2x/Kconfig


Reader found: 33 lines in /home/ljd/riot/RIOT/drivers/sm_pwm_01c/Kconfig
call _transform_lines(lines from reader, input, configdefault dict info)
start transforming 33 input lines
    FILE LOG --------------------------------------------------------------
    Reader input                33 lines
    -----------------------------------------------------------------------
    All source without glob:    0
    All source using glob:      0
    All osource_keywords:       0
    All rsource_keywords:       0
    All orsource_keywords:      0
    SUM (r/or/o)source lines:   0
    All "option env" attr:      0
    -----------------------------------------------------------------------
    Transformer Output:         33 lines
    -----------------------------------------------------------------------
        Added new bc of def_*:           0
        Added new bc of glob:            0
        Added new bc of config_default:  0
        Added new bc of named choice:    0
        Removed bc of config_default:    0
        Removed bc of named choice:      0
        Removed no match for o(r)source: 0
        Removed optional choice attr:    0
        Removed bool     choice attr:    0
        Removed tristate choice attr:    0
Excel saved: /home/ljd/wsMA_prototyp/transform_projects/transform_riot/RIOT_log/results3.xlsx
        Done writting 33 lines in /home/ljd/wsMA_prototyp/transform_projects/transform_riot/RIOT_output/drivers/sm_pwm_01c/Kconfig


Reader found: 21 lines in /home/ljd/riot/RIOT/drivers/sps30/Kconfig
call _transform_lines(lines from reader, input, configdefault dict info)
start transforming 21 input lines
    FILE LOG --------------------------------------------------------------
    Reader input                21 lines
    -----------------------------------------------------------------------
    All source without glob:    0
    All source using glob:      0
    All osource_keywords:       0
    All rsource_keywords:       0
    All orsource_keywords:      0
    SUM (r/or/o)source lines:   0
    All "option env" attr:      0
    -----------------------------------------------------------------------
    Transformer Output:         21 lines
    -----------------------------------------------------------------------
        Added new bc of def_*:           0
        Added new bc of glob:            0
        Added new bc of config_default:  0
        Added new bc of named choice:    0
        Removed bc of config_default:    0
        Removed bc of named choice:      0
        Removed no match for o(r)source: 0
        Removed optional choice attr:    0
        Removed bool     choice attr:    0
        Removed tristate choice attr:    0
Excel saved: /home/ljd/wsMA_prototyp/transform_projects/transform_riot/RIOT_log/results3.xlsx
        Done writting 21 lines in /home/ljd/wsMA_prototyp/transform_projects/transform_riot/RIOT_output/drivers/sps30/Kconfig


Reader found: 21 lines in /home/ljd/riot/RIOT/drivers/tcs37727/Kconfig
call _transform_lines(lines from reader, input, configdefault dict info)
start transforming 21 input lines
    FILE LOG --------------------------------------------------------------
    Reader input                21 lines
    -----------------------------------------------------------------------
    All source without glob:    0
    All source using glob:      0
    All osource_keywords:       0
    All rsource_keywords:       0
    All orsource_keywords:      0
    SUM (r/or/o)source lines:   0
    All "option env" attr:      0
    -----------------------------------------------------------------------
    Transformer Output:         21 lines
    -----------------------------------------------------------------------
        Added new bc of def_*:           0
        Added new bc of glob:            0
        Added new bc of config_default:  0
        Added new bc of named choice:    0
        Removed bc of config_default:    0
        Removed bc of named choice:      0
        Removed no match for o(r)source: 0
        Removed optional choice attr:    0
        Removed bool     choice attr:    0
        Removed tristate choice attr:    0
Excel saved: /home/ljd/wsMA_prototyp/transform_projects/transform_riot/RIOT_log/results3.xlsx
        Done writting 21 lines in /home/ljd/wsMA_prototyp/transform_projects/transform_riot/RIOT_output/drivers/tcs37727/Kconfig


Reader found: 61 lines in /home/ljd/riot/RIOT/drivers/tmp00x/Kconfig
call _transform_lines(lines from reader, input, configdefault dict info)
start transforming 61 input lines
current_indx: 22 - choice_attr_end: 29
PROCESS choice: [KconfigLine(commented, line=1, indent=0), KconfigLine(commented, line=2, indent=0), KconfigLine(other, line=3, indent=0), KconfigLine(commented, line=4, indent=0), KconfigLine(commented, line=5, indent=0), KconfigLine(commented, line=6, indent=0), KconfigLine(other, line=7, indent=0), KconfigLine(empty, line=8, indent=0), KconfigLine(menu, line=9, indent=0), KconfigLine(depends_on, line=10, indent=4), KconfigLine(empty, line=11, indent=0), KconfigLine(config, line=12, indent=0), KconfigLine(type_hex, line=13, indent=4), KconfigLine(range, line=14, indent=4), KconfigLine(default, line=15, indent=4), KconfigLine(help, line=16, indent=4), KconfigLine(other, line=17, indent=8), KconfigLine(other, line=18, indent=8), KconfigLine(other, line=19, indent=8), KconfigLine(other, line=20, indent=8), KconfigLine(empty, line=21, indent=0), KconfigLine(choice, line=22, indent=0), KconfigLine(default, line=24, indent=4), KconfigLine(help, line=25, indent=4), KconfigLine(other, line=26, indent=8), KconfigLine(other, line=27, indent=8), KconfigLine(other, line=28, indent=8), KconfigLine(empty, line=29, indent=0), KconfigLine(config, line=30, indent=0), KconfigLine(type_bool, line=31, indent=4), KconfigLine(empty, line=32, indent=0), KconfigLine(config, line=33, indent=0), KconfigLine(type_bool, line=34, indent=4), KconfigLine(empty, line=35, indent=0), KconfigLine(config, line=36, indent=0), KconfigLine(type_bool, line=37, indent=4), KconfigLine(empty, line=38, indent=0), KconfigLine(config, line=39, indent=0), KconfigLine(type_bool, line=40, indent=4), KconfigLine(empty, line=41, indent=0), KconfigLine(config, line=42, indent=0), KconfigLine(type_bool, line=43, indent=4), KconfigLine(empty, line=44, indent=0), KconfigLine(endchoice, line=45, indent=0)]
    FILE LOG --------------------------------------------------------------
    Reader input                61 lines
    -----------------------------------------------------------------------
    All source without glob:    0
    All source using glob:      0
    All osource_keywords:       0
    All rsource_keywords:       0
    All orsource_keywords:      0
    SUM (r/or/o)source lines:   0
    All "option env" attr:      0
    -----------------------------------------------------------------------
    Transformer Output:         60 lines
    -----------------------------------------------------------------------
        Added new bc of def_*:           0
        Added new bc of glob:            0
        Added new bc of config_default:  0
        Added new bc of named choice:    0
        Removed bc of config_default:    0
        Removed bc of named choice:      0
        Removed no match for o(r)source: 0
        Removed optional choice attr:    0
        Removed bool     choice attr:    1
        Removed tristate choice attr:    0
Excel saved: /home/ljd/wsMA_prototyp/transform_projects/transform_riot/RIOT_log/results3.xlsx
        Done writting 60 lines in /home/ljd/wsMA_prototyp/transform_projects/transform_riot/RIOT_output/drivers/tmp00x/Kconfig


Reader found: 169 lines in /home/ljd/riot/RIOT/drivers/vl6180x/Kconfig
call _transform_lines(lines from reader, input, configdefault dict info)
start transforming 169 input lines
current_indx: 75 - choice_attr_end: 81
PROCESS choice: [KconfigLine(commented, line=1, indent=0), KconfigLine(other, line=2, indent=0), KconfigLine(commented, line=3, indent=0), KconfigLine(commented, line=4, indent=0), KconfigLine(commented, line=5, indent=0), KconfigLine(other, line=6, indent=0), KconfigLine(empty, line=7, indent=0), KconfigLine(if, line=8, indent=0), KconfigLine(empty, line=9, indent=0), KconfigLine(config, line=10, indent=0), KconfigLine(type_int, line=11, indent=4), KconfigLine(range, line=12, indent=4), KconfigLine(default, line=13, indent=4), KconfigLine(depends_on, line=14, indent=4), KconfigLine(empty, line=15, indent=0), KconfigLine(if, line=16, indent=0), KconfigLine(empty, line=17, indent=0), KconfigLine(config, line=18, indent=0), KconfigLine(type_int, line=19, indent=4), KconfigLine(range, line=20, indent=4), KconfigLine(default, line=21, indent=4), KconfigLine(empty, line=22, indent=0), KconfigLine(named_choice, line=23, indent=0), KconfigLine(type_bool, line=24, indent=4), KconfigLine(default, line=25, indent=4), KconfigLine(empty, line=26, indent=0), KconfigLine(config, line=27, indent=0), KconfigLine(type_bool, line=28, indent=4), KconfigLine(config, line=29, indent=0), KconfigLine(type_bool, line=30, indent=4), KconfigLine(config, line=31, indent=0), KconfigLine(type_bool, line=32, indent=4), KconfigLine(config, line=33, indent=0), KconfigLine(type_bool, line=34, indent=4), KconfigLine(config, line=35, indent=0), KconfigLine(type_bool, line=36, indent=4), KconfigLine(config, line=37, indent=0), KconfigLine(type_bool, line=38, indent=4), KconfigLine(config, line=39, indent=0), KconfigLine(type_bool, line=40, indent=4), KconfigLine(config, line=41, indent=0), KconfigLine(type_bool, line=42, indent=4), KconfigLine(empty, line=43, indent=0), KconfigLine(endchoice, line=44, indent=0), KconfigLine(empty, line=45, indent=0), KconfigLine(config, line=46, indent=0), KconfigLine(type_int, line=47, indent=4), KconfigLine(range, line=48, indent=4), KconfigLine(default, line=49, indent=4), KconfigLine(help, line=50, indent=4), KconfigLine(other, line=51, indent=8), KconfigLine(other, line=52, indent=8), KconfigLine(other, line=53, indent=8), KconfigLine(empty, line=54, indent=0), KconfigLine(endif, line=55, indent=0), KconfigLine(empty, line=56, indent=0), KconfigLine(config, line=57, indent=0), KconfigLine(type_int, line=58, indent=4), KconfigLine(range, line=59, indent=4), KconfigLine(default, line=60, indent=4), KconfigLine(help, line=61, indent=4), KconfigLine(other, line=62, indent=8), KconfigLine(other, line=63, indent=8), KconfigLine(other, line=64, indent=8), KconfigLine(other, line=65, indent=8), KconfigLine(other, line=66, indent=8), KconfigLine(other, line=67, indent=8), KconfigLine(other, line=68, indent=8), KconfigLine(other, line=69, indent=8), KconfigLine(other, line=70, indent=8), KconfigLine(other, line=71, indent=8), KconfigLine(empty, line=72, indent=0), KconfigLine(if, line=73, indent=0), KconfigLine(empty, line=74, indent=0), KconfigLine(choice, line=75, indent=0), KconfigLine(depends_on, line=77, indent=4), KconfigLine(default, line=78, indent=4), KconfigLine(help, line=79, indent=4), KconfigLine(other, line=80, indent=8), KconfigLine(empty, line=81, indent=0), KconfigLine(config, line=82, indent=0), KconfigLine(type_bool, line=83, indent=4), KconfigLine(help, line=84, indent=4), KconfigLine(other, line=85, indent=8), KconfigLine(empty, line=86, indent=0), KconfigLine(config, line=87, indent=0), KconfigLine(type_bool, line=88, indent=4), KconfigLine(help, line=89, indent=4), KconfigLine(other, line=90, indent=8), KconfigLine(empty, line=91, indent=0), KconfigLine(config, line=92, indent=0), KconfigLine(type_bool, line=93, indent=4), KconfigLine(help, line=94, indent=4), KconfigLine(other, line=95, indent=8), KconfigLine(empty, line=96, indent=0), KconfigLine(config, line=97, indent=0), KconfigLine(type_bool, line=98, indent=4), KconfigLine(help, line=99, indent=4), KconfigLine(other, line=100, indent=8), KconfigLine(other, line=101, indent=8), KconfigLine(empty, line=102, indent=0), KconfigLine(endchoice, line=103, indent=0)]
current_indx: 121 - choice_attr_end: 127
PROCESS choice: [KconfigLine(commented, line=1, indent=0), KconfigLine(other, line=2, indent=0), KconfigLine(commented, line=3, indent=0), KconfigLine(commented, line=4, indent=0), KconfigLine(commented, line=5, indent=0), KconfigLine(other, line=6, indent=0), KconfigLine(empty, line=7, indent=0), KconfigLine(if, line=8, indent=0), KconfigLine(empty, line=9, indent=0), KconfigLine(config, line=10, indent=0), KconfigLine(type_int, line=11, indent=4), KconfigLine(range, line=12, indent=4), KconfigLine(default, line=13, indent=4), KconfigLine(depends_on, line=14, indent=4), KconfigLine(empty, line=15, indent=0), KconfigLine(if, line=16, indent=0), KconfigLine(empty, line=17, indent=0), KconfigLine(config, line=18, indent=0), KconfigLine(type_int, line=19, indent=4), KconfigLine(range, line=20, indent=4), KconfigLine(default, line=21, indent=4), KconfigLine(empty, line=22, indent=0), KconfigLine(named_choice, line=23, indent=0), KconfigLine(type_bool, line=24, indent=4), KconfigLine(default, line=25, indent=4), KconfigLine(empty, line=26, indent=0), KconfigLine(config, line=27, indent=0), KconfigLine(type_bool, line=28, indent=4), KconfigLine(config, line=29, indent=0), KconfigLine(type_bool, line=30, indent=4), KconfigLine(config, line=31, indent=0), KconfigLine(type_bool, line=32, indent=4), KconfigLine(config, line=33, indent=0), KconfigLine(type_bool, line=34, indent=4), KconfigLine(config, line=35, indent=0), KconfigLine(type_bool, line=36, indent=4), KconfigLine(config, line=37, indent=0), KconfigLine(type_bool, line=38, indent=4), KconfigLine(config, line=39, indent=0), KconfigLine(type_bool, line=40, indent=4), KconfigLine(config, line=41, indent=0), KconfigLine(type_bool, line=42, indent=4), KconfigLine(empty, line=43, indent=0), KconfigLine(endchoice, line=44, indent=0), KconfigLine(empty, line=45, indent=0), KconfigLine(config, line=46, indent=0), KconfigLine(type_int, line=47, indent=4), KconfigLine(range, line=48, indent=4), KconfigLine(default, line=49, indent=4), KconfigLine(help, line=50, indent=4), KconfigLine(other, line=51, indent=8), KconfigLine(other, line=52, indent=8), KconfigLine(other, line=53, indent=8), KconfigLine(empty, line=54, indent=0), KconfigLine(endif, line=55, indent=0), KconfigLine(empty, line=56, indent=0), KconfigLine(config, line=57, indent=0), KconfigLine(type_int, line=58, indent=4), KconfigLine(range, line=59, indent=4), KconfigLine(default, line=60, indent=4), KconfigLine(help, line=61, indent=4), KconfigLine(other, line=62, indent=8), KconfigLine(other, line=63, indent=8), KconfigLine(other, line=64, indent=8), KconfigLine(other, line=65, indent=8), KconfigLine(other, line=66, indent=8), KconfigLine(other, line=67, indent=8), KconfigLine(other, line=68, indent=8), KconfigLine(other, line=69, indent=8), KconfigLine(other, line=70, indent=8), KconfigLine(other, line=71, indent=8), KconfigLine(empty, line=72, indent=0), KconfigLine(if, line=73, indent=0), KconfigLine(empty, line=74, indent=0), KconfigLine(choice, line=75, indent=0), KconfigLine(depends_on, line=77, indent=4), KconfigLine(default, line=78, indent=4), KconfigLine(help, line=79, indent=4), KconfigLine(other, line=80, indent=8), KconfigLine(empty, line=81, indent=0), KconfigLine(config, line=82, indent=0), KconfigLine(type_bool, line=83, indent=4), KconfigLine(help, line=84, indent=4), KconfigLine(other, line=85, indent=8), KconfigLine(empty, line=86, indent=0), KconfigLine(config, line=87, indent=0), KconfigLine(type_bool, line=88, indent=4), KconfigLine(help, line=89, indent=4), KconfigLine(other, line=90, indent=8), KconfigLine(empty, line=91, indent=0), KconfigLine(config, line=92, indent=0), KconfigLine(type_bool, line=93, indent=4), KconfigLine(help, line=94, indent=4), KconfigLine(other, line=95, indent=8), KconfigLine(empty, line=96, indent=0), KconfigLine(config, line=97, indent=0), KconfigLine(type_bool, line=98, indent=4), KconfigLine(help, line=99, indent=4), KconfigLine(other, line=100, indent=8), KconfigLine(other, line=101, indent=8), KconfigLine(empty, line=102, indent=0), KconfigLine(endchoice, line=103, indent=0), KconfigLine(empty, line=104, indent=0), KconfigLine(config, line=105, indent=0), KconfigLine(type_int, line=106, indent=4), KconfigLine(depends_on, line=107, indent=4), KconfigLine(range, line=108, indent=4), KconfigLine(default, line=109, indent=4), KconfigLine(help, line=110, indent=4), KconfigLine(other, line=111, indent=8), KconfigLine(empty, line=112, indent=0), KconfigLine(config, line=113, indent=0), KconfigLine(type_int, line=114, indent=4), KconfigLine(depends_on, line=115, indent=4), KconfigLine(range, line=116, indent=4), KconfigLine(default, line=117, indent=4), KconfigLine(help, line=118, indent=4), KconfigLine(other, line=119, indent=8), KconfigLine(empty, line=120, indent=0), KconfigLine(choice, line=121, indent=0), KconfigLine(depends_on, line=123, indent=4), KconfigLine(default, line=124, indent=4), KconfigLine(help, line=125, indent=4), KconfigLine(other, line=126, indent=8), KconfigLine(empty, line=127, indent=0), KconfigLine(config, line=128, indent=0), KconfigLine(type_bool, line=129, indent=4), KconfigLine(help, line=130, indent=4), KconfigLine(other, line=131, indent=8), KconfigLine(empty, line=132, indent=0), KconfigLine(config, line=133, indent=0), KconfigLine(type_bool, line=134, indent=4), KconfigLine(help, line=135, indent=4), KconfigLine(other, line=136, indent=8), KconfigLine(empty, line=137, indent=0), KconfigLine(config, line=138, indent=0), KconfigLine(type_bool, line=139, indent=4), KconfigLine(help, line=140, indent=4), KconfigLine(other, line=141, indent=8), KconfigLine(empty, line=142, indent=0), KconfigLine(config, line=143, indent=0), KconfigLine(type_bool, line=144, indent=4), KconfigLine(help, line=145, indent=4), KconfigLine(other, line=146, indent=8), KconfigLine(other, line=147, indent=8), KconfigLine(empty, line=148, indent=0), KconfigLine(endchoice, line=149, indent=0)]
    FILE LOG --------------------------------------------------------------
    Reader input                169 lines
    -----------------------------------------------------------------------
    All source without glob:    0
    All source using glob:      0
    All osource_keywords:       0
    All rsource_keywords:       0
    All orsource_keywords:      0
    SUM (r/or/o)source lines:   0
    All "option env" attr:      0
    -----------------------------------------------------------------------
    Transformer Output:         167 lines
    -----------------------------------------------------------------------
        Added new bc of def_*:           0
        Added new bc of glob:            0
        Added new bc of config_default:  0
        Added new bc of named choice:    0
        Removed bc of config_default:    0
        Removed bc of named choice:      0
        Removed no match for o(r)source: 0
        Removed optional choice attr:    0
        Removed bool     choice attr:    2
        Removed tristate choice attr:    0
Excel saved: /home/ljd/wsMA_prototyp/transform_projects/transform_riot/RIOT_log/results3.xlsx
        Done writting 167 lines in /home/ljd/wsMA_prototyp/transform_projects/transform_riot/RIOT_output/drivers/vl6180x/Kconfig


Reader found: 27 lines in /home/ljd/riot/RIOT/drivers/mtd_sdcard/Kconfig
call _transform_lines(lines from reader, input, configdefault dict info)
start transforming 27 input lines
    FILE LOG --------------------------------------------------------------
    Reader input                27 lines
    -----------------------------------------------------------------------
    All source without glob:    0
    All source using glob:      0
    All osource_keywords:       0
    All rsource_keywords:       0
    All orsource_keywords:      0
    SUM (r/or/o)source lines:   0
    All "option env" attr:      0
    -----------------------------------------------------------------------
    Transformer Output:         27 lines
    -----------------------------------------------------------------------
        Added new bc of def_*:           0
        Added new bc of glob:            0
        Added new bc of config_default:  0
        Added new bc of named choice:    0
        Removed bc of config_default:    0
        Removed bc of named choice:      0
        Removed no match for o(r)source: 0
        Removed optional choice attr:    0
        Removed bool     choice attr:    0
        Removed tristate choice attr:    0
Excel saved: /home/ljd/wsMA_prototyp/transform_projects/transform_riot/RIOT_log/results3.xlsx
        Done writting 27 lines in /home/ljd/wsMA_prototyp/transform_projects/transform_riot/RIOT_output/drivers/mtd_sdcard/Kconfig


Reader found: 23 lines in /home/ljd/riot/RIOT/sys/Kconfig
call _transform_lines(lines from reader, input, configdefault dict info)
start transforming 23 input lines
    GLOB LOG ----------------------------------------------------------------------------
    Resolve rsource: auto_init/Kconfig at line 9
      -> sys/auto_init/Kconfig
    Files matching: 1 (using rsource)
    GLOB LOG ----------------------------------------------------------------------------
    Resolve rsource: can/Kconfig at line 10
      -> sys/can/Kconfig
    Files matching: 1 (using rsource)
    GLOB LOG ----------------------------------------------------------------------------
    Resolve rsource: chunked_ringbuffer/Kconfig at line 11
      -> sys/chunked_ringbuffer/Kconfig
    Files matching: 1 (using rsource)
    GLOB LOG ----------------------------------------------------------------------------
    Resolve rsource: congure/Kconfig at line 12
      -> sys/congure/Kconfig
    Files matching: 1 (using rsource)
    GLOB LOG ----------------------------------------------------------------------------
    Resolve rsource: debug_irq_disable/Kconfig at line 13
      -> sys/debug_irq_disable/Kconfig
    Files matching: 1 (using rsource)
    GLOB LOG ----------------------------------------------------------------------------
    Resolve rsource: entropy_source/Kconfig at line 14
      -> sys/entropy_source/Kconfig
    Files matching: 1 (using rsource)
    GLOB LOG ----------------------------------------------------------------------------
    Resolve rsource: fido2/Kconfig at line 15
      no files found for the: fido2/Kconfig
    GLOB LOG ----------------------------------------------------------------------------
    Resolve rsource: net/Kconfig at line 16
      -> sys/net/Kconfig
    Files matching: 1 (using rsource)
    GLOB LOG ----------------------------------------------------------------------------
    Resolve rsource: progress_bar/Kconfig at line 17
      -> sys/progress_bar/Kconfig
    Files matching: 1 (using rsource)
    GLOB LOG ----------------------------------------------------------------------------
    Resolve rsource: psa_crypto/Kconfig at line 18
      no files found for the: psa_crypto/Kconfig
    GLOB LOG ----------------------------------------------------------------------------
    Resolve rsource: shell/Kconfig at line 19
      -> sys/shell/Kconfig
    Files matching: 1 (using rsource)
    GLOB LOG ----------------------------------------------------------------------------
    Resolve rsource: shell_lock/Kconfig at line 20
      -> sys/shell_lock/Kconfig
    Files matching: 1 (using rsource)
    GLOB LOG ----------------------------------------------------------------------------
    Resolve rsource: usb/Kconfig at line 21
      -> sys/usb/Kconfig
    Files matching: 1 (using rsource)
    FILE LOG --------------------------------------------------------------
    Reader input                23 lines
    -----------------------------------------------------------------------
    All source without glob:    0
    All source using glob:      0
    All osource_keywords:       0
    All rsource_keywords:       13
    All orsource_keywords:      0
    SUM (r/or/o)source lines:   13
    All "option env" attr:      0
    -----------------------------------------------------------------------
    Transformer Output:         21 lines
    -----------------------------------------------------------------------
        Added new bc of def_*:           0
        Added new bc of glob:            0
        Added new bc of config_default:  0
        Added new bc of named choice:    0
        Removed bc of config_default:    0
        Removed bc of named choice:      0
        Removed no match for o(r)source: 2
        Removed optional choice attr:    0
        Removed bool     choice attr:    0
        Removed tristate choice attr:    0
Excel saved: /home/ljd/wsMA_prototyp/transform_projects/transform_riot/RIOT_log/results3.xlsx
        Done writting 21 lines in /home/ljd/wsMA_prototyp/transform_projects/transform_riot/RIOT_output/sys/Kconfig


Reader found: 14 lines in /home/ljd/riot/RIOT/sys/auto_init/Kconfig
call _transform_lines(lines from reader, input, configdefault dict info)
start transforming 14 input lines
    FILE LOG --------------------------------------------------------------
    Reader input                14 lines
    -----------------------------------------------------------------------
    All source without glob:    0
    All source using glob:      0
    All osource_keywords:       0
    All rsource_keywords:       0
    All orsource_keywords:      0
    SUM (r/or/o)source lines:   0
    All "option env" attr:      0
    -----------------------------------------------------------------------
    Transformer Output:         14 lines
    -----------------------------------------------------------------------
        Added new bc of def_*:           0
        Added new bc of glob:            0
        Added new bc of config_default:  0
        Added new bc of named choice:    0
        Removed bc of config_default:    0
        Removed bc of named choice:      0
        Removed no match for o(r)source: 0
        Removed optional choice attr:    0
        Removed bool     choice attr:    0
        Removed tristate choice attr:    0
Excel saved: /home/ljd/wsMA_prototyp/transform_projects/transform_riot/RIOT_log/results3.xlsx
        Done writting 14 lines in /home/ljd/wsMA_prototyp/transform_projects/transform_riot/RIOT_output/sys/auto_init/Kconfig


Reader found: 36 lines in /home/ljd/riot/RIOT/sys/can/Kconfig
call _transform_lines(lines from reader, input, configdefault dict info)
start transforming 36 input lines
    FILE LOG --------------------------------------------------------------
    Reader input                36 lines
    -----------------------------------------------------------------------
    All source without glob:    0
    All source using glob:      0
    All osource_keywords:       0
    All rsource_keywords:       0
    All orsource_keywords:      0
    SUM (r/or/o)source lines:   0
    All "option env" attr:      0
    -----------------------------------------------------------------------
    Transformer Output:         36 lines
    -----------------------------------------------------------------------
        Added new bc of def_*:           0
        Added new bc of glob:            0
        Added new bc of config_default:  0
        Added new bc of named choice:    0
        Removed bc of config_default:    0
        Removed bc of named choice:      0
        Removed no match for o(r)source: 0
        Removed optional choice attr:    0
        Removed bool     choice attr:    0
        Removed tristate choice attr:    0
Excel saved: /home/ljd/wsMA_prototyp/transform_projects/transform_riot/RIOT_log/results3.xlsx
        Done writting 35 lines in /home/ljd/wsMA_prototyp/transform_projects/transform_riot/RIOT_output/sys/can/Kconfig


Reader found: 11 lines in /home/ljd/riot/RIOT/sys/chunked_ringbuffer/Kconfig
call _transform_lines(lines from reader, input, configdefault dict info)
start transforming 11 input lines
    FILE LOG --------------------------------------------------------------
    Reader input                11 lines
    -----------------------------------------------------------------------
    All source without glob:    0
    All source using glob:      0
    All osource_keywords:       0
    All rsource_keywords:       0
    All orsource_keywords:      0
    SUM (r/or/o)source lines:   0
    All "option env" attr:      0
    -----------------------------------------------------------------------
    Transformer Output:         11 lines
    -----------------------------------------------------------------------
        Added new bc of def_*:           0
        Added new bc of glob:            0
        Added new bc of config_default:  0
        Added new bc of named choice:    0
        Removed bc of config_default:    0
        Removed bc of named choice:      0
        Removed no match for o(r)source: 0
        Removed optional choice attr:    0
        Removed bool     choice attr:    0
        Removed tristate choice attr:    0
Excel saved: /home/ljd/wsMA_prototyp/transform_projects/transform_riot/RIOT_log/results3.xlsx
        Done writting 11 lines in /home/ljd/wsMA_prototyp/transform_projects/transform_riot/RIOT_output/sys/chunked_ringbuffer/Kconfig


Reader found: 13 lines in /home/ljd/riot/RIOT/sys/congure/Kconfig
call _transform_lines(lines from reader, input, configdefault dict info)
start transforming 13 input lines
    GLOB LOG ----------------------------------------------------------------------------
    Resolve rsource: abe/Kconfig at line 10
      no files found for the: abe/Kconfig
    GLOB LOG ----------------------------------------------------------------------------
    Resolve rsource: test/Kconfig at line 11
      no files found for the: test/Kconfig
    FILE LOG --------------------------------------------------------------
    Reader input                13 lines
    -----------------------------------------------------------------------
    All source without glob:    0
    All source using glob:      0
    All osource_keywords:       0
    All rsource_keywords:       2
    All orsource_keywords:      0
    SUM (r/or/o)source lines:   2
    All "option env" attr:      0
    -----------------------------------------------------------------------
    Transformer Output:         11 lines
    -----------------------------------------------------------------------
        Added new bc of def_*:           0
        Added new bc of glob:            0
        Added new bc of config_default:  0
        Added new bc of named choice:    0
        Removed bc of config_default:    0
        Removed bc of named choice:      0
        Removed no match for o(r)source: 2
        Removed optional choice attr:    0
        Removed bool     choice attr:    0
        Removed tristate choice attr:    0
Excel saved: /home/ljd/wsMA_prototyp/transform_projects/transform_riot/RIOT_log/results3.xlsx
        Done writting 10 lines in /home/ljd/wsMA_prototyp/transform_projects/transform_riot/RIOT_output/sys/congure/Kconfig


Reader found: 9 lines in /home/ljd/riot/RIOT/sys/congure/abe/Kconfig
call _transform_lines(lines from reader, input, configdefault dict info)
start transforming 9 input lines
    GLOB LOG ----------------------------------------------------------------------------
    Resolve rsource: Kconfig.config at line 8
      -> sys/congure/abe/Kconfig.config
    Files matching: 1 (using rsource)
    FILE LOG --------------------------------------------------------------
    Reader input                9 lines
    -----------------------------------------------------------------------
    All source without glob:    0
    All source using glob:      0
    All osource_keywords:       0
    All rsource_keywords:       1
    All orsource_keywords:      0
    SUM (r/or/o)source lines:   1
    All "option env" attr:      0
    -----------------------------------------------------------------------
    Transformer Output:         9 lines
    -----------------------------------------------------------------------
        Added new bc of def_*:           0
        Added new bc of glob:            0
        Added new bc of config_default:  0
        Added new bc of named choice:    0
        Removed bc of config_default:    0
        Removed bc of named choice:      0
        Removed no match for o(r)source: 0
        Removed optional choice attr:    0
        Removed bool     choice attr:    0
        Removed tristate choice attr:    0
Excel saved: /home/ljd/wsMA_prototyp/transform_projects/transform_riot/RIOT_log/results3.xlsx
        Done writting 9 lines in /home/ljd/wsMA_prototyp/transform_projects/transform_riot/RIOT_output/sys/congure/abe/Kconfig


Reader found: 15 lines in /home/ljd/riot/RIOT/sys/congure/abe/Kconfig.config
call _transform_lines(lines from reader, input, configdefault dict info)
start transforming 15 input lines
    FILE LOG --------------------------------------------------------------
    Reader input                15 lines
    -----------------------------------------------------------------------
    All source without glob:    0
    All source using glob:      0
    All osource_keywords:       0
    All rsource_keywords:       0
    All orsource_keywords:      0
    SUM (r/or/o)source lines:   0
    All "option env" attr:      0
    -----------------------------------------------------------------------
    Transformer Output:         15 lines
    -----------------------------------------------------------------------
        Added new bc of def_*:           0
        Added new bc of glob:            0
        Added new bc of config_default:  0
        Added new bc of named choice:    0
        Removed bc of config_default:    0
        Removed bc of named choice:      0
        Removed no match for o(r)source: 0
        Removed optional choice attr:    0
        Removed bool     choice attr:    0
        Removed tristate choice attr:    0
Excel saved: /home/ljd/wsMA_prototyp/transform_projects/transform_riot/RIOT_log/results3.xlsx
        Done writting 15 lines in /home/ljd/wsMA_prototyp/transform_projects/transform_riot/RIOT_output/sys/congure/abe/Kconfig.config


Reader found: 9 lines in /home/ljd/riot/RIOT/sys/congure/test/Kconfig
call _transform_lines(lines from reader, input, configdefault dict info)
start transforming 9 input lines
    GLOB LOG ----------------------------------------------------------------------------
    Resolve rsource: Kconfig.config at line 8
      -> sys/congure/test/Kconfig.config
    Files matching: 1 (using rsource)
    FILE LOG --------------------------------------------------------------
    Reader input                9 lines
    -----------------------------------------------------------------------
    All source without glob:    0
    All source using glob:      0
    All osource_keywords:       0
    All rsource_keywords:       1
    All orsource_keywords:      0
    SUM (r/or/o)source lines:   1
    All "option env" attr:      0
    -----------------------------------------------------------------------
    Transformer Output:         9 lines
    -----------------------------------------------------------------------
        Added new bc of def_*:           0
        Added new bc of glob:            0
        Added new bc of config_default:  0
        Added new bc of named choice:    0
        Removed bc of config_default:    0
        Removed bc of named choice:      0
        Removed no match for o(r)source: 0
        Removed optional choice attr:    0
        Removed bool     choice attr:    0
        Removed tristate choice attr:    0
Excel saved: /home/ljd/wsMA_prototyp/transform_projects/transform_riot/RIOT_log/results3.xlsx
        Done writting 9 lines in /home/ljd/wsMA_prototyp/transform_projects/transform_riot/RIOT_output/sys/congure/test/Kconfig


Reader found: 14 lines in /home/ljd/riot/RIOT/sys/congure/test/Kconfig.config
call _transform_lines(lines from reader, input, configdefault dict info)
start transforming 14 input lines
    FILE LOG --------------------------------------------------------------
    Reader input                14 lines
    -----------------------------------------------------------------------
    All source without glob:    0
    All source using glob:      0
    All osource_keywords:       0
    All rsource_keywords:       0
    All orsource_keywords:      0
    SUM (r/or/o)source lines:   0
    All "option env" attr:      0
    -----------------------------------------------------------------------
    Transformer Output:         14 lines
    -----------------------------------------------------------------------
        Added new bc of def_*:           0
        Added new bc of glob:            0
        Added new bc of config_default:  0
        Added new bc of named choice:    0
        Removed bc of config_default:    0
        Removed bc of named choice:      0
        Removed no match for o(r)source: 0
        Removed optional choice attr:    0
        Removed bool     choice attr:    0
        Removed tristate choice attr:    0
Excel saved: /home/ljd/wsMA_prototyp/transform_projects/transform_riot/RIOT_log/results3.xlsx
        Done writting 14 lines in /home/ljd/wsMA_prototyp/transform_projects/transform_riot/RIOT_output/sys/congure/test/Kconfig.config


Reader found: 14 lines in /home/ljd/riot/RIOT/sys/debug_irq_disable/Kconfig
call _transform_lines(lines from reader, input, configdefault dict info)
start transforming 14 input lines
    FILE LOG --------------------------------------------------------------
    Reader input                14 lines
    -----------------------------------------------------------------------
    All source without glob:    0
    All source using glob:      0
    All osource_keywords:       0
    All rsource_keywords:       0
    All orsource_keywords:      0
    SUM (r/or/o)source lines:   0
    All "option env" attr:      0
    -----------------------------------------------------------------------
    Transformer Output:         14 lines
    -----------------------------------------------------------------------
        Added new bc of def_*:           0
        Added new bc of glob:            0
        Added new bc of config_default:  0
        Added new bc of named choice:    0
        Removed bc of config_default:    0
        Removed bc of named choice:      0
        Removed no match for o(r)source: 0
        Removed optional choice attr:    0
        Removed bool     choice attr:    0
        Removed tristate choice attr:    0
Excel saved: /home/ljd/wsMA_prototyp/transform_projects/transform_riot/RIOT_log/results3.xlsx
        Done writting 14 lines in /home/ljd/wsMA_prototyp/transform_projects/transform_riot/RIOT_output/sys/debug_irq_disable/Kconfig


Reader found: 32 lines in /home/ljd/riot/RIOT/sys/entropy_source/Kconfig
call _transform_lines(lines from reader, input, configdefault dict info)
start transforming 32 input lines
    GLOB LOG ----------------------------------------------------------------------------
    Resolve rsource: adc_noise/Kconfig at line 29
      -> sys/entropy_source/adc_noise/Kconfig
    Files matching: 1 (using rsource)
    GLOB LOG ----------------------------------------------------------------------------
    Resolve rsource: zero_entropy/Kconfig at line 30
      -> sys/entropy_source/zero_entropy/Kconfig
    Files matching: 1 (using rsource)
    FILE LOG --------------------------------------------------------------
    Reader input                32 lines
    -----------------------------------------------------------------------
    All source without glob:    0
    All source using glob:      0
    All osource_keywords:       0
    All rsource_keywords:       2
    All orsource_keywords:      0
    SUM (r/or/o)source lines:   2
    All "option env" attr:      0
    -----------------------------------------------------------------------
    Transformer Output:         32 lines
    -----------------------------------------------------------------------
        Added new bc of def_*:           0
        Added new bc of glob:            0
        Added new bc of config_default:  0
        Added new bc of named choice:    0
        Removed bc of config_default:    0
        Removed bc of named choice:      0
        Removed no match for o(r)source: 0
        Removed optional choice attr:    0
        Removed bool     choice attr:    0
        Removed tristate choice attr:    0
Excel saved: /home/ljd/wsMA_prototyp/transform_projects/transform_riot/RIOT_log/results3.xlsx
        Done writting 32 lines in /home/ljd/wsMA_prototyp/transform_projects/transform_riot/RIOT_output/sys/entropy_source/Kconfig


Reader found: 72 lines in /home/ljd/riot/RIOT/sys/entropy_source/adc_noise/Kconfig
call _transform_lines(lines from reader, input, configdefault dict info)
start transforming 72 input lines
current_indx: 10 - choice_attr_end: 16
PROCESS choice: [KconfigLine(commented, line=1, indent=0), KconfigLine(other, line=2, indent=0), KconfigLine(commented, line=3, indent=0), KconfigLine(commented, line=4, indent=0), KconfigLine(commented, line=5, indent=0), KconfigLine(empty, line=6, indent=0), KconfigLine(menu, line=7, indent=0), KconfigLine(depends_on, line=8, indent=4), KconfigLine(empty, line=9, indent=0), KconfigLine(choice, line=10, indent=0), KconfigLine(default, line=12, indent=4), KconfigLine(help, line=13, indent=4), KconfigLine(other, line=14, indent=8), KconfigLine(other, line=15, indent=8), KconfigLine(empty, line=16, indent=0), KconfigLine(config, line=17, indent=0), KconfigLine(type_bool, line=18, indent=4), KconfigLine(empty, line=19, indent=0), KconfigLine(config, line=20, indent=0), KconfigLine(type_bool, line=21, indent=4), KconfigLine(empty, line=22, indent=0), KconfigLine(config, line=23, indent=0), KconfigLine(type_bool, line=24, indent=4), KconfigLine(empty, line=25, indent=0), KconfigLine(config, line=26, indent=0), KconfigLine(type_bool, line=27, indent=4), KconfigLine(empty, line=28, indent=0), KconfigLine(config, line=29, indent=0), KconfigLine(type_bool, line=30, indent=4), KconfigLine(empty, line=31, indent=0), KconfigLine(config, line=32, indent=0), KconfigLine(type_bool, line=33, indent=4), KconfigLine(empty, line=34, indent=0), KconfigLine(endchoice, line=35, indent=0)]
    FILE LOG --------------------------------------------------------------
    Reader input                72 lines
    -----------------------------------------------------------------------
    All source without glob:    0
    All source using glob:      0
    All osource_keywords:       0
    All rsource_keywords:       0
    All orsource_keywords:      0
    SUM (r/or/o)source lines:   0
    All "option env" attr:      0
    -----------------------------------------------------------------------
    Transformer Output:         71 lines
    -----------------------------------------------------------------------
        Added new bc of def_*:           0
        Added new bc of glob:            0
        Added new bc of config_default:  0
        Added new bc of named choice:    0
        Removed bc of config_default:    0
        Removed bc of named choice:      0
        Removed no match for o(r)source: 0
        Removed optional choice attr:    0
        Removed bool     choice attr:    1
        Removed tristate choice attr:    0
Excel saved: /home/ljd/wsMA_prototyp/transform_projects/transform_riot/RIOT_log/results3.xlsx
        Done writting 71 lines in /home/ljd/wsMA_prototyp/transform_projects/transform_riot/RIOT_output/sys/entropy_source/adc_noise/Kconfig


Reader found: 30 lines in /home/ljd/riot/RIOT/sys/entropy_source/zero_entropy/Kconfig
call _transform_lines(lines from reader, input, configdefault dict info)
start transforming 30 input lines
    FILE LOG --------------------------------------------------------------
    Reader input                30 lines
    -----------------------------------------------------------------------
    All source without glob:    0
    All source using glob:      0
    All osource_keywords:       0
    All rsource_keywords:       0
    All orsource_keywords:      0
    SUM (r/or/o)source lines:   0
    All "option env" attr:      0
    -----------------------------------------------------------------------
    Transformer Output:         30 lines
    -----------------------------------------------------------------------
        Added new bc of def_*:           0
        Added new bc of glob:            0
        Added new bc of config_default:  0
        Added new bc of named choice:    0
        Removed bc of config_default:    0
        Removed bc of named choice:      0
        Removed no match for o(r)source: 0
        Removed optional choice attr:    0
        Removed bool     choice attr:    0
        Removed tristate choice attr:    0
Excel saved: /home/ljd/wsMA_prototyp/transform_projects/transform_riot/RIOT_log/results3.xlsx
        Done writting 30 lines in /home/ljd/wsMA_prototyp/transform_projects/transform_riot/RIOT_output/sys/entropy_source/zero_entropy/Kconfig


Reader found: 11 lines in /home/ljd/riot/RIOT/sys/fido2/Kconfig
call _transform_lines(lines from reader, input, configdefault dict info)
start transforming 11 input lines
    GLOB LOG ----------------------------------------------------------------------------
    Resolve rsource: ctap/Kconfig at line 9
      -> sys/fido2/ctap/Kconfig
    Files matching: 1 (using rsource)
    FILE LOG --------------------------------------------------------------
    Reader input                11 lines
    -----------------------------------------------------------------------
    All source without glob:    0
    All source using glob:      0
    All osource_keywords:       0
    All rsource_keywords:       1
    All orsource_keywords:      0
    SUM (r/or/o)source lines:   1
    All "option env" attr:      0
    -----------------------------------------------------------------------
    Transformer Output:         11 lines
    -----------------------------------------------------------------------
        Added new bc of def_*:           0
        Added new bc of glob:            0
        Added new bc of config_default:  0
        Added new bc of named choice:    0
        Removed bc of config_default:    0
        Removed bc of named choice:      0
        Removed no match for o(r)source: 0
        Removed optional choice attr:    0
        Removed bool     choice attr:    0
        Removed tristate choice attr:    0
Excel saved: /home/ljd/wsMA_prototyp/transform_projects/transform_riot/RIOT_log/results3.xlsx
        Done writting 11 lines in /home/ljd/wsMA_prototyp/transform_projects/transform_riot/RIOT_output/sys/fido2/Kconfig


Reader found: 98 lines in /home/ljd/riot/RIOT/sys/fido2/ctap/Kconfig
call _transform_lines(lines from reader, input, configdefault dict info)
start transforming 98 input lines
current_indx: 47 - choice_attr_end: 51
PROCESS choice: [KconfigLine(commented, line=1, indent=0), KconfigLine(other, line=2, indent=0), KconfigLine(commented, line=3, indent=0), KconfigLine(commented, line=4, indent=0), KconfigLine(commented, line=5, indent=0), KconfigLine(empty, line=6, indent=0), KconfigLine(empty, line=7, indent=0), KconfigLine(if, line=8, indent=0), KconfigLine(empty, line=9, indent=0), KconfigLine(config, line=10, indent=0), KconfigLine(type_int, line=11, indent=4), KconfigLine(default, line=12, indent=4), KconfigLine(empty, line=13, indent=0), KconfigLine(config, line=14, indent=0), KconfigLine(type_string, line=15, indent=4), KconfigLine(default, line=16, indent=4), KconfigLine(help, line=17, indent=4), KconfigLine(other, line=18, indent=8), KconfigLine(other, line=19, indent=8), KconfigLine(other, line=20, indent=8), KconfigLine(empty, line=21, indent=0), KconfigLine(config, line=22, indent=0), KconfigLine(type_bool, line=23, indent=4), KconfigLine(help, line=24, indent=4), KconfigLine(other, line=25, indent=8), KconfigLine(other, line=26, indent=8), KconfigLine(empty, line=27, indent=0), KconfigLine(config, line=28, indent=0), KconfigLine(type_bool, line=29, indent=4), KconfigLine(help, line=30, indent=4), KconfigLine(other, line=31, indent=8), KconfigLine(empty, line=32, indent=0), KconfigLine(config, line=33, indent=0), KconfigLine(type_int, line=34, indent=4), KconfigLine(default, line=35, indent=4), KconfigLine(empty, line=36, indent=0), KconfigLine(config, line=37, indent=0), KconfigLine(type_int, line=38, indent=4), KconfigLine(depends_on, line=39, indent=4), KconfigLine(default, line=40, indent=4), KconfigLine(empty, line=41, indent=0), KconfigLine(config, line=42, indent=0), KconfigLine(type_int, line=43, indent=4), KconfigLine(depends_on, line=44, indent=4), KconfigLine(default, line=45, indent=4), KconfigLine(empty, line=46, indent=0), KconfigLine(choice, line=47, indent=0), KconfigLine(depends_on, line=49, indent=4), KconfigLine(default, line=50, indent=4), KconfigLine(empty, line=51, indent=0), KconfigLine(config, line=52, indent=0), KconfigLine(type_bool, line=53, indent=4), KconfigLine(help, line=54, indent=4), KconfigLine(other, line=55, indent=8), KconfigLine(empty, line=56, indent=0), KconfigLine(config, line=57, indent=0), KconfigLine(type_bool, line=58, indent=4), KconfigLine(help, line=59, indent=4), KconfigLine(other, line=60, indent=8), KconfigLine(empty, line=61, indent=0), KconfigLine(config, line=62, indent=0), KconfigLine(type_bool, line=63, indent=4), KconfigLine(help, line=64, indent=4), KconfigLine(other, line=65, indent=8), KconfigLine(empty, line=66, indent=0), KconfigLine(endchoice, line=67, indent=0)]
current_indx: 69 - choice_attr_end: 73
PROCESS choice: [KconfigLine(commented, line=1, indent=0), KconfigLine(other, line=2, indent=0), KconfigLine(commented, line=3, indent=0), KconfigLine(commented, line=4, indent=0), KconfigLine(commented, line=5, indent=0), KconfigLine(empty, line=6, indent=0), KconfigLine(empty, line=7, indent=0), KconfigLine(if, line=8, indent=0), KconfigLine(empty, line=9, indent=0), KconfigLine(config, line=10, indent=0), KconfigLine(type_int, line=11, indent=4), KconfigLine(default, line=12, indent=4), KconfigLine(empty, line=13, indent=0), KconfigLine(config, line=14, indent=0), KconfigLine(type_string, line=15, indent=4), KconfigLine(default, line=16, indent=4), KconfigLine(help, line=17, indent=4), KconfigLine(other, line=18, indent=8), KconfigLine(other, line=19, indent=8), KconfigLine(other, line=20, indent=8), KconfigLine(empty, line=21, indent=0), KconfigLine(config, line=22, indent=0), KconfigLine(type_bool, line=23, indent=4), KconfigLine(help, line=24, indent=4), KconfigLine(other, line=25, indent=8), KconfigLine(other, line=26, indent=8), KconfigLine(empty, line=27, indent=0), KconfigLine(config, line=28, indent=0), KconfigLine(type_bool, line=29, indent=4), KconfigLine(help, line=30, indent=4), KconfigLine(other, line=31, indent=8), KconfigLine(empty, line=32, indent=0), KconfigLine(config, line=33, indent=0), KconfigLine(type_int, line=34, indent=4), KconfigLine(default, line=35, indent=4), KconfigLine(empty, line=36, indent=0), KconfigLine(config, line=37, indent=0), KconfigLine(type_int, line=38, indent=4), KconfigLine(depends_on, line=39, indent=4), KconfigLine(default, line=40, indent=4), KconfigLine(empty, line=41, indent=0), KconfigLine(config, line=42, indent=0), KconfigLine(type_int, line=43, indent=4), KconfigLine(depends_on, line=44, indent=4), KconfigLine(default, line=45, indent=4), KconfigLine(empty, line=46, indent=0), KconfigLine(choice, line=47, indent=0), KconfigLine(depends_on, line=49, indent=4), KconfigLine(default, line=50, indent=4), KconfigLine(empty, line=51, indent=0), KconfigLine(config, line=52, indent=0), KconfigLine(type_bool, line=53, indent=4), KconfigLine(help, line=54, indent=4), KconfigLine(other, line=55, indent=8), KconfigLine(empty, line=56, indent=0), KconfigLine(config, line=57, indent=0), KconfigLine(type_bool, line=58, indent=4), KconfigLine(help, line=59, indent=4), KconfigLine(other, line=60, indent=8), KconfigLine(empty, line=61, indent=0), KconfigLine(config, line=62, indent=0), KconfigLine(type_bool, line=63, indent=4), KconfigLine(help, line=64, indent=4), KconfigLine(other, line=65, indent=8), KconfigLine(empty, line=66, indent=0), KconfigLine(endchoice, line=67, indent=0), KconfigLine(empty, line=68, indent=0), KconfigLine(choice, line=69, indent=0), KconfigLine(depends_on, line=71, indent=4), KconfigLine(default, line=72, indent=4), KconfigLine(empty, line=73, indent=0), KconfigLine(config, line=74, indent=0), KconfigLine(type_bool, line=75, indent=4), KconfigLine(empty, line=76, indent=0), KconfigLine(config, line=77, indent=0), KconfigLine(type_bool, line=78, indent=4), KconfigLine(empty, line=79, indent=0), KconfigLine(endchoice, line=80, indent=0)]
    GLOB LOG ----------------------------------------------------------------------------
    Resolve rsource: transport/Kconfig at line 96
      no files found for the: transport/Kconfig
    FILE LOG --------------------------------------------------------------
    Reader input                98 lines
    -----------------------------------------------------------------------
    All source without glob:    0
    All source using glob:      0
    All osource_keywords:       0
    All rsource_keywords:       1
    All orsource_keywords:      0
    SUM (r/or/o)source lines:   1
    All "option env" attr:      0
    -----------------------------------------------------------------------
    Transformer Output:         95 lines
    -----------------------------------------------------------------------
        Added new bc of def_*:           0
        Added new bc of glob:            0
        Added new bc of config_default:  0
        Added new bc of named choice:    0
        Removed bc of config_default:    0
        Removed bc of named choice:      0
        Removed no match for o(r)source: 1
        Removed optional choice attr:    0
        Removed bool     choice attr:    2
        Removed tristate choice attr:    0
Excel saved: /home/ljd/wsMA_prototyp/transform_projects/transform_riot/RIOT_log/results3.xlsx
        Done writting 93 lines in /home/ljd/wsMA_prototyp/transform_projects/transform_riot/RIOT_output/sys/fido2/ctap/Kconfig


Reader found: 7 lines in /home/ljd/riot/RIOT/sys/fido2/ctap/transport/Kconfig
call _transform_lines(lines from reader, input, configdefault dict info)
start transforming 7 input lines
    GLOB LOG ----------------------------------------------------------------------------
    Resolve rsource: hid/Kconfig at line 7
      -> sys/fido2/ctap/transport/hid/Kconfig
    Files matching: 1 (using rsource)
    FILE LOG --------------------------------------------------------------
    Reader input                7 lines
    -----------------------------------------------------------------------
    All source without glob:    0
    All source using glob:      0
    All osource_keywords:       0
    All rsource_keywords:       1
    All orsource_keywords:      0
    SUM (r/or/o)source lines:   1
    All "option env" attr:      0
    -----------------------------------------------------------------------
    Transformer Output:         7 lines
    -----------------------------------------------------------------------
        Added new bc of def_*:           0
        Added new bc of glob:            0
        Added new bc of config_default:  0
        Added new bc of named choice:    0
        Removed bc of config_default:    0
        Removed bc of named choice:      0
        Removed no match for o(r)source: 0
        Removed optional choice attr:    0
        Removed bool     choice attr:    0
        Removed tristate choice attr:    0
Excel saved: /home/ljd/wsMA_prototyp/transform_projects/transform_riot/RIOT_log/results3.xlsx
        Done writting 7 lines in /home/ljd/wsMA_prototyp/transform_projects/transform_riot/RIOT_output/sys/fido2/ctap/transport/Kconfig


Reader found: 17 lines in /home/ljd/riot/RIOT/sys/fido2/ctap/transport/hid/Kconfig
call _transform_lines(lines from reader, input, configdefault dict info)
start transforming 17 input lines
    FILE LOG --------------------------------------------------------------
    Reader input                17 lines
    -----------------------------------------------------------------------
    All source without glob:    0
    All source using glob:      0
    All osource_keywords:       0
    All rsource_keywords:       0
    All orsource_keywords:      0
    SUM (r/or/o)source lines:   0
    All "option env" attr:      0
    -----------------------------------------------------------------------
    Transformer Output:         17 lines
    -----------------------------------------------------------------------
        Added new bc of def_*:           0
        Added new bc of glob:            0
        Added new bc of config_default:  0
        Added new bc of named choice:    0
        Removed bc of config_default:    0
        Removed bc of named choice:      0
        Removed no match for o(r)source: 0
        Removed optional choice attr:    0
        Removed bool     choice attr:    0
        Removed tristate choice attr:    0
Excel saved: /home/ljd/wsMA_prototyp/transform_projects/transform_riot/RIOT_log/results3.xlsx
        Done writting 17 lines in /home/ljd/wsMA_prototyp/transform_projects/transform_riot/RIOT_output/sys/fido2/ctap/transport/hid/Kconfig


Reader found: 18 lines in /home/ljd/riot/RIOT/sys/net/Kconfig
call _transform_lines(lines from reader, input, configdefault dict info)
start transforming 18 input lines
    GLOB LOG ----------------------------------------------------------------------------
    Resolve rsource: application_layer/Kconfig at line 9
      -> sys/net/application_layer/Kconfig
    Files matching: 1 (using rsource)
    GLOB LOG ----------------------------------------------------------------------------
    Resolve rsource: ble/Kconfig at line 10
      no files found for the: ble/Kconfig
    GLOB LOG ----------------------------------------------------------------------------
    Resolve rsource: credman/Kconfig at line 11
      -> sys/net/credman/Kconfig
    Files matching: 1 (using rsource)
    GLOB LOG ----------------------------------------------------------------------------
    Resolve rsource: gnrc/Kconfig at line 12
      -> sys/net/gnrc/Kconfig
    Files matching: 1 (using rsource)
    GLOB LOG ----------------------------------------------------------------------------
    Resolve rsource: sock/Kconfig at line 13
      -> sys/net/sock/Kconfig
    Files matching: 1 (using rsource)
    GLOB LOG ----------------------------------------------------------------------------
    Resolve rsource: link_layer/Kconfig at line 14
      no files found for the: link_layer/Kconfig
    GLOB LOG ----------------------------------------------------------------------------
    Resolve rsource: lora/Kconfig at line 15
      -> sys/net/lora/Kconfig
    Files matching: 1 (using rsource)
    GLOB LOG ----------------------------------------------------------------------------
    Resolve rsource: netif/Kconfig at line 16
      -> sys/net/netif/Kconfig
    Files matching: 1 (using rsource)
    FILE LOG --------------------------------------------------------------
    Reader input                18 lines
    -----------------------------------------------------------------------
    All source without glob:    0
    All source using glob:      0
    All osource_keywords:       0
    All rsource_keywords:       8
    All orsource_keywords:      0
    SUM (r/or/o)source lines:   8
    All "option env" attr:      0
    -----------------------------------------------------------------------
    Transformer Output:         16 lines
    -----------------------------------------------------------------------
        Added new bc of def_*:           0
        Added new bc of glob:            0
        Added new bc of config_default:  0
        Added new bc of named choice:    0
        Removed bc of config_default:    0
        Removed bc of named choice:      0
        Removed no match for o(r)source: 2
        Removed optional choice attr:    0
        Removed bool     choice attr:    0
        Removed tristate choice attr:    0
Excel saved: /home/ljd/wsMA_prototyp/transform_projects/transform_riot/RIOT_log/results3.xlsx
        Done writting 16 lines in /home/ljd/wsMA_prototyp/transform_projects/transform_riot/RIOT_output/sys/net/Kconfig


Reader found: 32 lines in /home/ljd/riot/RIOT/sys/net/application_layer/Kconfig
call _transform_lines(lines from reader, input, configdefault dict info)
start transforming 32 input lines
    GLOB LOG ----------------------------------------------------------------------------
    Resolve rsource: unicoap/Kconfig at line 9
      -> sys/net/application_layer/unicoap/Kconfig
    Files matching: 1 (using rsource)
    GLOB LOG ----------------------------------------------------------------------------
    Resolve rsource: Kconfig.coap at line 10
      -> sys/net/application_layer/Kconfig.coap
    Files matching: 1 (using rsource)
    GLOB LOG ----------------------------------------------------------------------------
    Resolve rsource: gcoap/Kconfig at line 11
      -> sys/net/application_layer/gcoap/Kconfig
    Files matching: 1 (using rsource)
    GLOB LOG ----------------------------------------------------------------------------
    Resolve rsource: nanocoap/Kconfig at line 12
      -> sys/net/application_layer/nanocoap/Kconfig
    Files matching: 1 (using rsource)
    GLOB LOG ----------------------------------------------------------------------------
    Resolve rsource: cord/Kconfig at line 16
      -> sys/net/application_layer/cord/Kconfig
    Files matching: 1 (using rsource)
    GLOB LOG ----------------------------------------------------------------------------
    Resolve rsource: dhcpv6/Kconfig at line 17
      -> sys/net/application_layer/dhcpv6/Kconfig
    Files matching: 1 (using rsource)
    GLOB LOG ----------------------------------------------------------------------------
    Resolve rsource: dns/Kconfig at line 18
      -> sys/net/application_layer/dns/Kconfig
    Files matching: 1 (using rsource)
    GLOB LOG ----------------------------------------------------------------------------
    Resolve rsource: sock_dodtls/Kconfig at line 19
      -> sys/net/application_layer/sock_dodtls/Kconfig
    Files matching: 1 (using rsource)
    GLOB LOG ----------------------------------------------------------------------------
    Resolve rsource: asymcute/Kconfig at line 23
      -> sys/net/application_layer/asymcute/Kconfig
    Files matching: 1 (using rsource)
    GLOB LOG ----------------------------------------------------------------------------
    Resolve rsource: emcute/Kconfig at line 24
      -> sys/net/application_layer/emcute/Kconfig
    Files matching: 1 (using rsource)
    GLOB LOG ----------------------------------------------------------------------------
    Resolve rsource: telnet/Kconfig at line 30
      -> sys/net/application_layer/telnet/Kconfig
    Files matching: 1 (using rsource)
    FILE LOG --------------------------------------------------------------
    Reader input                32 lines
    -----------------------------------------------------------------------
    All source without glob:    0
    All source using glob:      0
    All osource_keywords:       0
    All rsource_keywords:       11
    All orsource_keywords:      0
    SUM (r/or/o)source lines:   11
    All "option env" attr:      0
    -----------------------------------------------------------------------
    Transformer Output:         32 lines
    -----------------------------------------------------------------------
        Added new bc of def_*:           0
        Added new bc of glob:            0
        Added new bc of config_default:  0
        Added new bc of named choice:    0
        Removed bc of config_default:    0
        Removed bc of named choice:      0
        Removed no match for o(r)source: 0
        Removed optional choice attr:    0
        Removed bool     choice attr:    0
        Removed tristate choice attr:    0
Excel saved: /home/ljd/wsMA_prototyp/transform_projects/transform_riot/RIOT_log/results3.xlsx
        Done writting 32 lines in /home/ljd/wsMA_prototyp/transform_projects/transform_riot/RIOT_output/sys/net/application_layer/Kconfig


Reader found: 61 lines in /home/ljd/riot/RIOT/sys/net/application_layer/unicoap/Kconfig
call _transform_lines(lines from reader, input, configdefault dict info)
start transforming 61 input lines
    FILE LOG --------------------------------------------------------------
    Reader input                61 lines
    -----------------------------------------------------------------------
    All source without glob:    0
    All source using glob:      0
    All osource_keywords:       0
    All rsource_keywords:       0
    All orsource_keywords:      0
    SUM (r/or/o)source lines:   0
    All "option env" attr:      0
    -----------------------------------------------------------------------
    Transformer Output:         61 lines
    -----------------------------------------------------------------------
        Added new bc of def_*:           0
        Added new bc of glob:            0
        Added new bc of config_default:  0
        Added new bc of named choice:    0
        Removed bc of config_default:    0
        Removed bc of named choice:      0
        Removed no match for o(r)source: 0
        Removed optional choice attr:    0
        Removed bool     choice attr:    0
        Removed tristate choice attr:    0
Excel saved: /home/ljd/wsMA_prototyp/transform_projects/transform_riot/RIOT_log/results3.xlsx
        Done writting 61 lines in /home/ljd/wsMA_prototyp/transform_projects/transform_riot/RIOT_output/sys/net/application_layer/unicoap/Kconfig


Reader found: 43 lines in /home/ljd/riot/RIOT/sys/net/application_layer/Kconfig.coap
call _transform_lines(lines from reader, input, configdefault dict info)
start transforming 43 input lines
    FILE LOG --------------------------------------------------------------
    Reader input                43 lines
    -----------------------------------------------------------------------
    All source without glob:    0
    All source using glob:      0
    All osource_keywords:       0
    All rsource_keywords:       0
    All orsource_keywords:      0
    SUM (r/or/o)source lines:   0
    All "option env" attr:      0
    -----------------------------------------------------------------------
    Transformer Output:         43 lines
    -----------------------------------------------------------------------
        Added new bc of def_*:           0
        Added new bc of glob:            0
        Added new bc of config_default:  0
        Added new bc of named choice:    0
        Removed bc of config_default:    0
        Removed bc of named choice:      0
        Removed no match for o(r)source: 0
        Removed optional choice attr:    0
        Removed bool     choice attr:    0
        Removed tristate choice attr:    0
Excel saved: /home/ljd/wsMA_prototyp/transform_projects/transform_riot/RIOT_log/results3.xlsx
        Done writting 43 lines in /home/ljd/wsMA_prototyp/transform_projects/transform_riot/RIOT_output/sys/net/application_layer/Kconfig.coap


Reader found: 189 lines in /home/ljd/riot/RIOT/sys/net/application_layer/gcoap/Kconfig
call _transform_lines(lines from reader, input, configdefault dict info)
start transforming 189 input lines
    FILE LOG --------------------------------------------------------------
    Reader input                189 lines
    -----------------------------------------------------------------------
    All source without glob:    0
    All source using glob:      0
    All osource_keywords:       0
    All rsource_keywords:       0
    All orsource_keywords:      0
    SUM (r/or/o)source lines:   0
    All "option env" attr:      0
    -----------------------------------------------------------------------
    Transformer Output:         189 lines
    -----------------------------------------------------------------------
        Added new bc of def_*:           0
        Added new bc of glob:            0
        Added new bc of config_default:  0
        Added new bc of named choice:    0
        Removed bc of config_default:    0
        Removed bc of named choice:      0
        Removed no match for o(r)source: 0
        Removed optional choice attr:    0
        Removed bool     choice attr:    0
        Removed tristate choice attr:    0
Excel saved: /home/ljd/wsMA_prototyp/transform_projects/transform_riot/RIOT_log/results3.xlsx
        Done writting 189 lines in /home/ljd/wsMA_prototyp/transform_projects/transform_riot/RIOT_output/sys/net/application_layer/gcoap/Kconfig


Reader found: 47 lines in /home/ljd/riot/RIOT/sys/net/application_layer/nanocoap/Kconfig
call _transform_lines(lines from reader, input, configdefault dict info)
start transforming 47 input lines
    FILE LOG --------------------------------------------------------------
    Reader input                47 lines
    -----------------------------------------------------------------------
    All source without glob:    0
    All source using glob:      0
    All osource_keywords:       0
    All rsource_keywords:       0
    All orsource_keywords:      0
    SUM (r/or/o)source lines:   0
    All "option env" attr:      0
    -----------------------------------------------------------------------
    Transformer Output:         47 lines
    -----------------------------------------------------------------------
        Added new bc of def_*:           0
        Added new bc of glob:            0
        Added new bc of config_default:  0
        Added new bc of named choice:    0
        Removed bc of config_default:    0
        Removed bc of named choice:      0
        Removed no match for o(r)source: 0
        Removed optional choice attr:    0
        Removed bool     choice attr:    0
        Removed tristate choice attr:    0
Excel saved: /home/ljd/wsMA_prototyp/transform_projects/transform_riot/RIOT_log/results3.xlsx
        Done writting 47 lines in /home/ljd/wsMA_prototyp/transform_projects/transform_riot/RIOT_output/sys/net/application_layer/nanocoap/Kconfig


Reader found: 47 lines in /home/ljd/riot/RIOT/sys/net/application_layer/cord/Kconfig
call _transform_lines(lines from reader, input, configdefault dict info)
start transforming 47 input lines
    FILE LOG --------------------------------------------------------------
    Reader input                47 lines
    -----------------------------------------------------------------------
    All source without glob:    0
    All source using glob:      0
    All osource_keywords:       0
    All rsource_keywords:       0
    All orsource_keywords:      0
    SUM (r/or/o)source lines:   0
    All "option env" attr:      0
    -----------------------------------------------------------------------
    Transformer Output:         47 lines
    -----------------------------------------------------------------------
        Added new bc of def_*:           0
        Added new bc of glob:            0
        Added new bc of config_default:  0
        Added new bc of named choice:    0
        Removed bc of config_default:    0
        Removed bc of named choice:      0
        Removed no match for o(r)source: 0
        Removed optional choice attr:    0
        Removed bool     choice attr:    0
        Removed tristate choice attr:    0
Excel saved: /home/ljd/wsMA_prototyp/transform_projects/transform_riot/RIOT_log/results3.xlsx
        Done writting 47 lines in /home/ljd/wsMA_prototyp/transform_projects/transform_riot/RIOT_output/sys/net/application_layer/cord/Kconfig


Reader found: 43 lines in /home/ljd/riot/RIOT/sys/net/application_layer/dhcpv6/Kconfig
call _transform_lines(lines from reader, input, configdefault dict info)
start transforming 43 input lines
    FILE LOG --------------------------------------------------------------
    Reader input                43 lines
    -----------------------------------------------------------------------
    All source without glob:    0
    All source using glob:      0
    All osource_keywords:       0
    All rsource_keywords:       0
    All orsource_keywords:      0
    SUM (r/or/o)source lines:   0
    All "option env" attr:      0
    -----------------------------------------------------------------------
    Transformer Output:         43 lines
    -----------------------------------------------------------------------
        Added new bc of def_*:           0
        Added new bc of glob:            0
        Added new bc of config_default:  0
        Added new bc of named choice:    0
        Removed bc of config_default:    0
        Removed bc of named choice:      0
        Removed no match for o(r)source: 0
        Removed optional choice attr:    0
        Removed bool     choice attr:    0
        Removed tristate choice attr:    0
Excel saved: /home/ljd/wsMA_prototyp/transform_projects/transform_riot/RIOT_log/results3.xlsx
        Done writting 43 lines in /home/ljd/wsMA_prototyp/transform_projects/transform_riot/RIOT_output/sys/net/application_layer/dhcpv6/Kconfig


Reader found: 38 lines in /home/ljd/riot/RIOT/sys/net/application_layer/dns/Kconfig
call _transform_lines(lines from reader, input, configdefault dict info)
start transforming 38 input lines
    FILE LOG --------------------------------------------------------------
    Reader input                38 lines
    -----------------------------------------------------------------------
    All source without glob:    0
    All source using glob:      0
    All osource_keywords:       0
    All rsource_keywords:       0
    All orsource_keywords:      0
    SUM (r/or/o)source lines:   0
    All "option env" attr:      0
    -----------------------------------------------------------------------
    Transformer Output:         38 lines
    -----------------------------------------------------------------------
        Added new bc of def_*:           0
        Added new bc of glob:            0
        Added new bc of config_default:  0
        Added new bc of named choice:    0
        Removed bc of config_default:    0
        Removed bc of named choice:      0
        Removed no match for o(r)source: 0
        Removed optional choice attr:    0
        Removed bool     choice attr:    0
        Removed tristate choice attr:    0
Excel saved: /home/ljd/wsMA_prototyp/transform_projects/transform_riot/RIOT_log/results3.xlsx
        Done writting 38 lines in /home/ljd/wsMA_prototyp/transform_projects/transform_riot/RIOT_output/sys/net/application_layer/dns/Kconfig


Reader found: 19 lines in /home/ljd/riot/RIOT/sys/net/application_layer/sock_dodtls/Kconfig
call _transform_lines(lines from reader, input, configdefault dict info)
start transforming 19 input lines
    FILE LOG --------------------------------------------------------------
    Reader input                19 lines
    -----------------------------------------------------------------------
    All source without glob:    0
    All source using glob:      0
    All osource_keywords:       0
    All rsource_keywords:       0
    All orsource_keywords:      0
    SUM (r/or/o)source lines:   0
    All "option env" attr:      0
    -----------------------------------------------------------------------
    Transformer Output:         19 lines
    -----------------------------------------------------------------------
        Added new bc of def_*:           0
        Added new bc of glob:            0
        Added new bc of config_default:  0
        Added new bc of named choice:    0
        Removed bc of config_default:    0
        Removed bc of named choice:      0
        Removed no match for o(r)source: 0
        Removed optional choice attr:    0
        Removed bool     choice attr:    0
        Removed tristate choice attr:    0
Excel saved: /home/ljd/wsMA_prototyp/transform_projects/transform_riot/RIOT_log/results3.xlsx
        Done writting 19 lines in /home/ljd/wsMA_prototyp/transform_projects/transform_riot/RIOT_output/sys/net/application_layer/sock_dodtls/Kconfig


Reader found: 82 lines in /home/ljd/riot/RIOT/sys/net/application_layer/asymcute/Kconfig
call _transform_lines(lines from reader, input, configdefault dict info)
start transforming 82 input lines
    FILE LOG --------------------------------------------------------------
    Reader input                82 lines
    -----------------------------------------------------------------------
    All source without glob:    0
    All source using glob:      0
    All osource_keywords:       0
    All rsource_keywords:       0
    All orsource_keywords:      0
    SUM (r/or/o)source lines:   0
    All "option env" attr:      0
    -----------------------------------------------------------------------
    Transformer Output:         82 lines
    -----------------------------------------------------------------------
        Added new bc of def_*:           0
        Added new bc of glob:            0
        Added new bc of config_default:  0
        Added new bc of named choice:    0
        Removed bc of config_default:    0
        Removed bc of named choice:      0
        Removed no match for o(r)source: 0
        Removed optional choice attr:    0
        Removed bool     choice attr:    0
        Removed tristate choice attr:    0
Excel saved: /home/ljd/wsMA_prototyp/transform_projects/transform_riot/RIOT_log/results3.xlsx
        Done writting 82 lines in /home/ljd/wsMA_prototyp/transform_projects/transform_riot/RIOT_output/sys/net/application_layer/asymcute/Kconfig


Reader found: 70 lines in /home/ljd/riot/RIOT/sys/net/application_layer/emcute/Kconfig
call _transform_lines(lines from reader, input, configdefault dict info)
start transforming 70 input lines
    FILE LOG --------------------------------------------------------------
    Reader input                70 lines
    -----------------------------------------------------------------------
    All source without glob:    0
    All source using glob:      0
    All osource_keywords:       0
    All rsource_keywords:       0
    All orsource_keywords:      0
    SUM (r/or/o)source lines:   0
    All "option env" attr:      0
    -----------------------------------------------------------------------
    Transformer Output:         70 lines
    -----------------------------------------------------------------------
        Added new bc of def_*:           0
        Added new bc of glob:            0
        Added new bc of config_default:  0
        Added new bc of named choice:    0
        Removed bc of config_default:    0
        Removed bc of named choice:      0
        Removed no match for o(r)source: 0
        Removed optional choice attr:    0
        Removed bool     choice attr:    0
        Removed tristate choice attr:    0
Excel saved: /home/ljd/wsMA_prototyp/transform_projects/transform_riot/RIOT_log/results3.xlsx
        Done writting 70 lines in /home/ljd/wsMA_prototyp/transform_projects/transform_riot/RIOT_output/sys/net/application_layer/emcute/Kconfig


Reader found: 22 lines in /home/ljd/riot/RIOT/sys/net/application_layer/telnet/Kconfig
call _transform_lines(lines from reader, input, configdefault dict info)
start transforming 22 input lines
    FILE LOG --------------------------------------------------------------
    Reader input                22 lines
    -----------------------------------------------------------------------
    All source without glob:    0
    All source using glob:      0
    All osource_keywords:       0
    All rsource_keywords:       0
    All orsource_keywords:      0
    SUM (r/or/o)source lines:   0
    All "option env" attr:      0
    -----------------------------------------------------------------------
    Transformer Output:         22 lines
    -----------------------------------------------------------------------
        Added new bc of def_*:           0
        Added new bc of glob:            0
        Added new bc of config_default:  0
        Added new bc of named choice:    0
        Removed bc of config_default:    0
        Removed bc of named choice:      0
        Removed no match for o(r)source: 0
        Removed optional choice attr:    0
        Removed bool     choice attr:    0
        Removed tristate choice attr:    0
Excel saved: /home/ljd/wsMA_prototyp/transform_projects/transform_riot/RIOT_log/results3.xlsx
        Done writting 22 lines in /home/ljd/wsMA_prototyp/transform_projects/transform_riot/RIOT_output/sys/net/application_layer/telnet/Kconfig


Reader found: 7 lines in /home/ljd/riot/RIOT/sys/net/ble/Kconfig
call _transform_lines(lines from reader, input, configdefault dict info)
start transforming 7 input lines
    GLOB LOG ----------------------------------------------------------------------------
    Resolve rsource: skald/Kconfig at line 7
      -> sys/net/ble/skald/Kconfig
    Files matching: 1 (using rsource)
    FILE LOG --------------------------------------------------------------
    Reader input                7 lines
    -----------------------------------------------------------------------
    All source without glob:    0
    All source using glob:      0
    All osource_keywords:       0
    All rsource_keywords:       1
    All orsource_keywords:      0
    SUM (r/or/o)source lines:   1
    All "option env" attr:      0
    -----------------------------------------------------------------------
    Transformer Output:         7 lines
    -----------------------------------------------------------------------
        Added new bc of def_*:           0
        Added new bc of glob:            0
        Added new bc of config_default:  0
        Added new bc of named choice:    0
        Removed bc of config_default:    0
        Removed bc of named choice:      0
        Removed no match for o(r)source: 0
        Removed optional choice attr:    0
        Removed bool     choice attr:    0
        Removed tristate choice attr:    0
Excel saved: /home/ljd/wsMA_prototyp/transform_projects/transform_riot/RIOT_log/results3.xlsx
        Done writting 7 lines in /home/ljd/wsMA_prototyp/transform_projects/transform_riot/RIOT_output/sys/net/ble/Kconfig


Reader found: 17 lines in /home/ljd/riot/RIOT/sys/net/ble/skald/Kconfig
call _transform_lines(lines from reader, input, configdefault dict info)
start transforming 17 input lines
    FILE LOG --------------------------------------------------------------
    Reader input                17 lines
    -----------------------------------------------------------------------
    All source without glob:    0
    All source using glob:      0
    All osource_keywords:       0
    All rsource_keywords:       0
    All orsource_keywords:      0
    SUM (r/or/o)source lines:   0
    All "option env" attr:      0
    -----------------------------------------------------------------------
    Transformer Output:         17 lines
    -----------------------------------------------------------------------
        Added new bc of def_*:           0
        Added new bc of glob:            0
        Added new bc of config_default:  0
        Added new bc of named choice:    0
        Removed bc of config_default:    0
        Removed bc of named choice:      0
        Removed no match for o(r)source: 0
        Removed optional choice attr:    0
        Removed bool     choice attr:    0
        Removed tristate choice attr:    0
Excel saved: /home/ljd/wsMA_prototyp/transform_projects/transform_riot/RIOT_log/results3.xlsx
        Done writting 17 lines in /home/ljd/wsMA_prototyp/transform_projects/transform_riot/RIOT_output/sys/net/ble/skald/Kconfig


Reader found: 22 lines in /home/ljd/riot/RIOT/sys/net/credman/Kconfig
call _transform_lines(lines from reader, input, configdefault dict info)
start transforming 22 input lines
    FILE LOG --------------------------------------------------------------
    Reader input                22 lines
    -----------------------------------------------------------------------
    All source without glob:    0
    All source using glob:      0
    All osource_keywords:       0
    All rsource_keywords:       0
    All orsource_keywords:      0
    SUM (r/or/o)source lines:   0
    All "option env" attr:      0
    -----------------------------------------------------------------------
    Transformer Output:         22 lines
    -----------------------------------------------------------------------
        Added new bc of def_*:           0
        Added new bc of glob:            0
        Added new bc of config_default:  0
        Added new bc of named choice:    0
        Removed bc of config_default:    0
        Removed bc of named choice:      0
        Removed no match for o(r)source: 0
        Removed optional choice attr:    0
        Removed bool     choice attr:    0
        Removed tristate choice attr:    0
Excel saved: /home/ljd/wsMA_prototyp/transform_projects/transform_riot/RIOT_log/results3.xlsx
        Done writting 22 lines in /home/ljd/wsMA_prototyp/transform_projects/transform_riot/RIOT_output/sys/net/credman/Kconfig


Reader found: 20 lines in /home/ljd/riot/RIOT/sys/net/gnrc/Kconfig
call _transform_lines(lines from reader, input, configdefault dict info)
start transforming 20 input lines
    GLOB LOG ----------------------------------------------------------------------------
    Resolve rsource: application_layer/dhcpv6/Kconfig at line 10
      -> sys/net/gnrc/application_layer/dhcpv6/Kconfig
    Files matching: 1 (using rsource)
    GLOB LOG ----------------------------------------------------------------------------
    Resolve rsource: link_layer/lorawan/Kconfig at line 11
      -> sys/net/gnrc/link_layer/lorawan/Kconfig
    Files matching: 1 (using rsource)
    GLOB LOG ----------------------------------------------------------------------------
    Resolve rsource: netif/Kconfig at line 12
      -> sys/net/gnrc/netif/Kconfig
    Files matching: 1 (using rsource)
    GLOB LOG ----------------------------------------------------------------------------
    Resolve rsource: network_layer/ipv6/Kconfig at line 13
      -> sys/net/gnrc/network_layer/ipv6/Kconfig
    Files matching: 1 (using rsource)
    GLOB LOG ----------------------------------------------------------------------------
    Resolve rsource: network_layer/sixlowpan/Kconfig at line 14
      -> sys/net/gnrc/network_layer/sixlowpan/Kconfig
    Files matching: 1 (using rsource)
    GLOB LOG ----------------------------------------------------------------------------
    Resolve rsource: pktbuf/Kconfig at line 15
      -> sys/net/gnrc/pktbuf/Kconfig
    Files matching: 1 (using rsource)
    GLOB LOG ----------------------------------------------------------------------------
    Resolve rsource: pktdump/Kconfig at line 16
      -> sys/net/gnrc/pktdump/Kconfig
    Files matching: 1 (using rsource)
    GLOB LOG ----------------------------------------------------------------------------
    Resolve rsource: routing/rpl/Kconfig at line 17
      -> sys/net/gnrc/routing/rpl/Kconfig
    Files matching: 1 (using rsource)
    GLOB LOG ----------------------------------------------------------------------------
    Resolve rsource: transport_layer/tcp/Kconfig at line 18
      -> sys/net/gnrc/transport_layer/tcp/Kconfig
    Files matching: 1 (using rsource)
    FILE LOG --------------------------------------------------------------
    Reader input                20 lines
    -----------------------------------------------------------------------
    All source without glob:    0
    All source using glob:      0
    All osource_keywords:       0
    All rsource_keywords:       9
    All orsource_keywords:      0
    SUM (r/or/o)source lines:   9
    All "option env" attr:      0
    -----------------------------------------------------------------------
    Transformer Output:         20 lines
    -----------------------------------------------------------------------
        Added new bc of def_*:           0
        Added new bc of glob:            0
        Added new bc of config_default:  0
        Added new bc of named choice:    0
        Removed bc of config_default:    0
        Removed bc of named choice:      0
        Removed no match for o(r)source: 0
        Removed optional choice attr:    0
        Removed bool     choice attr:    0
        Removed tristate choice attr:    0
Excel saved: /home/ljd/wsMA_prototyp/transform_projects/transform_riot/RIOT_log/results3.xlsx
        Done writting 20 lines in /home/ljd/wsMA_prototyp/transform_projects/transform_riot/RIOT_output/sys/net/gnrc/Kconfig


Reader found: 27 lines in /home/ljd/riot/RIOT/sys/net/gnrc/application_layer/dhcpv6/Kconfig
call _transform_lines(lines from reader, input, configdefault dict info)
start transforming 27 input lines
    FILE LOG --------------------------------------------------------------
    Reader input                27 lines
    -----------------------------------------------------------------------
    All source without glob:    0
    All source using glob:      0
    All osource_keywords:       0
    All rsource_keywords:       0
    All orsource_keywords:      0
    SUM (r/or/o)source lines:   0
    All "option env" attr:      0
    -----------------------------------------------------------------------
    Transformer Output:         27 lines
    -----------------------------------------------------------------------
        Added new bc of def_*:           0
        Added new bc of glob:            0
        Added new bc of config_default:  0
        Added new bc of named choice:    0
        Removed bc of config_default:    0
        Removed bc of named choice:      0
        Removed no match for o(r)source: 0
        Removed optional choice attr:    0
        Removed bool     choice attr:    0
        Removed tristate choice attr:    0
Excel saved: /home/ljd/wsMA_prototyp/transform_projects/transform_riot/RIOT_log/results3.xlsx
        Done writting 27 lines in /home/ljd/wsMA_prototyp/transform_projects/transform_riot/RIOT_output/sys/net/gnrc/application_layer/dhcpv6/Kconfig


Reader found: 16 lines in /home/ljd/riot/RIOT/sys/net/gnrc/link_layer/lorawan/Kconfig
call _transform_lines(lines from reader, input, configdefault dict info)
start transforming 16 input lines
    FILE LOG --------------------------------------------------------------
    Reader input                16 lines
    -----------------------------------------------------------------------
    All source without glob:    0
    All source using glob:      0
    All osource_keywords:       0
    All rsource_keywords:       0
    All orsource_keywords:      0
    SUM (r/or/o)source lines:   0
    All "option env" attr:      0
    -----------------------------------------------------------------------
    Transformer Output:         16 lines
    -----------------------------------------------------------------------
        Added new bc of def_*:           0
        Added new bc of glob:            0
        Added new bc of config_default:  0
        Added new bc of named choice:    0
        Removed bc of config_default:    0
        Removed bc of named choice:      0
        Removed no match for o(r)source: 0
        Removed optional choice attr:    0
        Removed bool     choice attr:    0
        Removed tristate choice attr:    0
Excel saved: /home/ljd/wsMA_prototyp/transform_projects/transform_riot/RIOT_log/results3.xlsx
        Done writting 16 lines in /home/ljd/wsMA_prototyp/transform_projects/transform_riot/RIOT_output/sys/net/gnrc/link_layer/lorawan/Kconfig


Reader found: 57 lines in /home/ljd/riot/RIOT/sys/net/gnrc/netif/Kconfig
call _transform_lines(lines from reader, input, configdefault dict info)
start transforming 57 input lines
    GLOB LOG ----------------------------------------------------------------------------
    Resolve rsource: pktq/Kconfig at line 57
      -> sys/net/gnrc/netif/pktq/Kconfig
    Files matching: 1 (using rsource)
    FILE LOG --------------------------------------------------------------
    Reader input                57 lines
    -----------------------------------------------------------------------
    All source without glob:    0
    All source using glob:      0
    All osource_keywords:       0
    All rsource_keywords:       1
    All orsource_keywords:      0
    SUM (r/or/o)source lines:   1
    All "option env" attr:      0
    -----------------------------------------------------------------------
    Transformer Output:         57 lines
    -----------------------------------------------------------------------
        Added new bc of def_*:           0
        Added new bc of glob:            0
        Added new bc of config_default:  0
        Added new bc of named choice:    0
        Removed bc of config_default:    0
        Removed bc of named choice:      0
        Removed no match for o(r)source: 0
        Removed optional choice attr:    0
        Removed bool     choice attr:    0
        Removed tristate choice attr:    0
Excel saved: /home/ljd/wsMA_prototyp/transform_projects/transform_riot/RIOT_log/results3.xlsx
        Done writting 57 lines in /home/ljd/wsMA_prototyp/transform_projects/transform_riot/RIOT_output/sys/net/gnrc/netif/Kconfig


Reader found: 15 lines in /home/ljd/riot/RIOT/sys/net/gnrc/netif/pktq/Kconfig
call _transform_lines(lines from reader, input, configdefault dict info)
start transforming 15 input lines
    FILE LOG --------------------------------------------------------------
    Reader input                15 lines
    -----------------------------------------------------------------------
    All source without glob:    0
    All source using glob:      0
    All osource_keywords:       0
    All rsource_keywords:       0
    All orsource_keywords:      0
    SUM (r/or/o)source lines:   0
    All "option env" attr:      0
    -----------------------------------------------------------------------
    Transformer Output:         15 lines
    -----------------------------------------------------------------------
        Added new bc of def_*:           0
        Added new bc of glob:            0
        Added new bc of config_default:  0
        Added new bc of named choice:    0
        Removed bc of config_default:    0
        Removed bc of named choice:      0
        Removed no match for o(r)source: 0
        Removed optional choice attr:    0
        Removed bool     choice attr:    0
        Removed tristate choice attr:    0
Excel saved: /home/ljd/wsMA_prototyp/transform_projects/transform_riot/RIOT_log/results3.xlsx
        Done writting 15 lines in /home/ljd/wsMA_prototyp/transform_projects/transform_riot/RIOT_output/sys/net/gnrc/netif/pktq/Kconfig


Reader found: 51 lines in /home/ljd/riot/RIOT/sys/net/gnrc/network_layer/ipv6/Kconfig
call _transform_lines(lines from reader, input, configdefault dict info)
start transforming 51 input lines
    GLOB LOG ----------------------------------------------------------------------------
    Resolve rsource: blacklist/Kconfig at line 45
      -> sys/net/gnrc/network_layer/ipv6/blacklist/Kconfig
    Files matching: 1 (using rsource)
    GLOB LOG ----------------------------------------------------------------------------
    Resolve rsource: ext/frag/Kconfig at line 46
      -> sys/net/gnrc/network_layer/ipv6/ext/frag/Kconfig
    Files matching: 1 (using rsource)
    GLOB LOG ----------------------------------------------------------------------------
    Resolve rsource: nib/Kconfig at line 47
      -> sys/net/gnrc/network_layer/ipv6/nib/Kconfig
    Files matching: 1 (using rsource)
    GLOB LOG ----------------------------------------------------------------------------
    Resolve rsource: whitelist/Kconfig at line 48
      -> sys/net/gnrc/network_layer/ipv6/whitelist/Kconfig
    Files matching: 1 (using rsource)
    GLOB LOG ----------------------------------------------------------------------------
    Resolve rsource: static_addr/Kconfig at line 49
      -> sys/net/gnrc/network_layer/ipv6/static_addr/Kconfig
    Files matching: 1 (using rsource)
    FILE LOG --------------------------------------------------------------
    Reader input                51 lines
    -----------------------------------------------------------------------
    All source without glob:    0
    All source using glob:      0
    All osource_keywords:       0
    All rsource_keywords:       5
    All orsource_keywords:      0
    SUM (r/or/o)source lines:   5
    All "option env" attr:      0
    -----------------------------------------------------------------------
    Transformer Output:         51 lines
    -----------------------------------------------------------------------
        Added new bc of def_*:           0
        Added new bc of glob:            0
        Added new bc of config_default:  0
        Added new bc of named choice:    0
        Removed bc of config_default:    0
        Removed bc of named choice:      0
        Removed no match for o(r)source: 0
        Removed optional choice attr:    0
        Removed bool     choice attr:    0
        Removed tristate choice attr:    0
Excel saved: /home/ljd/wsMA_prototyp/transform_projects/transform_riot/RIOT_log/results3.xlsx
        Done writting 51 lines in /home/ljd/wsMA_prototyp/transform_projects/transform_riot/RIOT_output/sys/net/gnrc/network_layer/ipv6/Kconfig


Reader found: 14 lines in /home/ljd/riot/RIOT/sys/net/gnrc/network_layer/ipv6/blacklist/Kconfig
call _transform_lines(lines from reader, input, configdefault dict info)
start transforming 14 input lines
    FILE LOG --------------------------------------------------------------
    Reader input                14 lines
    -----------------------------------------------------------------------
    All source without glob:    0
    All source using glob:      0
    All osource_keywords:       0
    All rsource_keywords:       0
    All orsource_keywords:      0
    SUM (r/or/o)source lines:   0
    All "option env" attr:      0
    -----------------------------------------------------------------------
    Transformer Output:         14 lines
    -----------------------------------------------------------------------
        Added new bc of def_*:           0
        Added new bc of glob:            0
        Added new bc of config_default:  0
        Added new bc of named choice:    0
        Removed bc of config_default:    0
        Removed bc of named choice:      0
        Removed no match for o(r)source: 0
        Removed optional choice attr:    0
        Removed bool     choice attr:    0
        Removed tristate choice attr:    0
Excel saved: /home/ljd/wsMA_prototyp/transform_projects/transform_riot/RIOT_log/results3.xlsx
        Done writting 14 lines in /home/ljd/wsMA_prototyp/transform_projects/transform_riot/RIOT_output/sys/net/gnrc/network_layer/ipv6/blacklist/Kconfig


Reader found: 45 lines in /home/ljd/riot/RIOT/sys/net/gnrc/network_layer/ipv6/ext/frag/Kconfig
call _transform_lines(lines from reader, input, configdefault dict info)
start transforming 45 input lines
    FILE LOG --------------------------------------------------------------
    Reader input                45 lines
    -----------------------------------------------------------------------
    All source without glob:    0
    All source using glob:      0
    All osource_keywords:       0
    All rsource_keywords:       0
    All orsource_keywords:      0
    SUM (r/or/o)source lines:   0
    All "option env" attr:      0
    -----------------------------------------------------------------------
    Transformer Output:         45 lines
    -----------------------------------------------------------------------
        Added new bc of def_*:           0
        Added new bc of glob:            0
        Added new bc of config_default:  0
        Added new bc of named choice:    0
        Removed bc of config_default:    0
        Removed bc of named choice:      0
        Removed no match for o(r)source: 0
        Removed optional choice attr:    0
        Removed bool     choice attr:    0
        Removed tristate choice attr:    0
Excel saved: /home/ljd/wsMA_prototyp/transform_projects/transform_riot/RIOT_log/results3.xlsx
        Done writting 45 lines in /home/ljd/wsMA_prototyp/transform_projects/transform_riot/RIOT_output/sys/net/gnrc/network_layer/ipv6/ext/frag/Kconfig


Reader found: 135 lines in /home/ljd/riot/RIOT/sys/net/gnrc/network_layer/ipv6/nib/Kconfig
call _transform_lines(lines from reader, input, configdefault dict info)
start transforming 135 input lines
    FILE LOG --------------------------------------------------------------
    Reader input                135 lines
    -----------------------------------------------------------------------
    All source without glob:    0
    All source using glob:      0
    All osource_keywords:       0
    All rsource_keywords:       0
    All orsource_keywords:      0
    SUM (r/or/o)source lines:   0
    All "option env" attr:      0
    -----------------------------------------------------------------------
    Transformer Output:         135 lines
    -----------------------------------------------------------------------
        Added new bc of def_*:           0
        Added new bc of glob:            0
        Added new bc of config_default:  0
        Added new bc of named choice:    0
        Removed bc of config_default:    0
        Removed bc of named choice:      0
        Removed no match for o(r)source: 0
        Removed optional choice attr:    0
        Removed bool     choice attr:    0
        Removed tristate choice attr:    0
Excel saved: /home/ljd/wsMA_prototyp/transform_projects/transform_riot/RIOT_log/results3.xlsx
        Done writting 135 lines in /home/ljd/wsMA_prototyp/transform_projects/transform_riot/RIOT_output/sys/net/gnrc/network_layer/ipv6/nib/Kconfig


Reader found: 14 lines in /home/ljd/riot/RIOT/sys/net/gnrc/network_layer/ipv6/whitelist/Kconfig
call _transform_lines(lines from reader, input, configdefault dict info)
start transforming 14 input lines
    FILE LOG --------------------------------------------------------------
    Reader input                14 lines
    -----------------------------------------------------------------------
    All source without glob:    0
    All source using glob:      0
    All osource_keywords:       0
    All rsource_keywords:       0
    All orsource_keywords:      0
    SUM (r/or/o)source lines:   0
    All "option env" attr:      0
    -----------------------------------------------------------------------
    Transformer Output:         14 lines
    -----------------------------------------------------------------------
        Added new bc of def_*:           0
        Added new bc of glob:            0
        Added new bc of config_default:  0
        Added new bc of named choice:    0
        Removed bc of config_default:    0
        Removed bc of named choice:      0
        Removed no match for o(r)source: 0
        Removed optional choice attr:    0
        Removed bool     choice attr:    0
        Removed tristate choice attr:    0
Excel saved: /home/ljd/wsMA_prototyp/transform_projects/transform_riot/RIOT_log/results3.xlsx
        Done writting 14 lines in /home/ljd/wsMA_prototyp/transform_projects/transform_riot/RIOT_output/sys/net/gnrc/network_layer/ipv6/whitelist/Kconfig


Reader found: 29 lines in /home/ljd/riot/RIOT/sys/net/gnrc/network_layer/ipv6/static_addr/Kconfig
call _transform_lines(lines from reader, input, configdefault dict info)
start transforming 29 input lines
    FILE LOG --------------------------------------------------------------
    Reader input                29 lines
    -----------------------------------------------------------------------
    All source without glob:    0
    All source using glob:      0
    All osource_keywords:       0
    All rsource_keywords:       0
    All orsource_keywords:      0
    SUM (r/or/o)source lines:   0
    All "option env" attr:      0
    -----------------------------------------------------------------------
    Transformer Output:         29 lines
    -----------------------------------------------------------------------
        Added new bc of def_*:           0
        Added new bc of glob:            0
        Added new bc of config_default:  0
        Added new bc of named choice:    0
        Removed bc of config_default:    0
        Removed bc of named choice:      0
        Removed no match for o(r)source: 0
        Removed optional choice attr:    0
        Removed bool     choice attr:    0
        Removed tristate choice attr:    0
Excel saved: /home/ljd/wsMA_prototyp/transform_projects/transform_riot/RIOT_log/results3.xlsx
        Done writting 29 lines in /home/ljd/wsMA_prototyp/transform_projects/transform_riot/RIOT_output/sys/net/gnrc/network_layer/ipv6/static_addr/Kconfig


Reader found: 22 lines in /home/ljd/riot/RIOT/sys/net/gnrc/network_layer/sixlowpan/Kconfig
call _transform_lines(lines from reader, input, configdefault dict info)
start transforming 22 input lines
    GLOB LOG ----------------------------------------------------------------------------
    Resolve rsource: frag/Kconfig at line 11
      no files found for the: frag/Kconfig
    GLOB LOG ----------------------------------------------------------------------------
    Resolve rsource: nd/Kconfig at line 12
      -> sys/net/gnrc/network_layer/sixlowpan/nd/Kconfig
    Files matching: 1 (using rsource)
    FILE LOG --------------------------------------------------------------
    Reader input                22 lines
    -----------------------------------------------------------------------
    All source without glob:    0
    All source using glob:      0
    All osource_keywords:       0
    All rsource_keywords:       2
    All orsource_keywords:      0
    SUM (r/or/o)source lines:   2
    All "option env" attr:      0
    -----------------------------------------------------------------------
    Transformer Output:         21 lines
    -----------------------------------------------------------------------
        Added new bc of def_*:           0
        Added new bc of glob:            0
        Added new bc of config_default:  0
        Added new bc of named choice:    0
        Removed bc of config_default:    0
        Removed bc of named choice:      0
        Removed no match for o(r)source: 1
        Removed optional choice attr:    0
        Removed bool     choice attr:    0
        Removed tristate choice attr:    0
Excel saved: /home/ljd/wsMA_prototyp/transform_projects/transform_riot/RIOT_log/results3.xlsx
        Done writting 21 lines in /home/ljd/wsMA_prototyp/transform_projects/transform_riot/RIOT_output/sys/net/gnrc/network_layer/sixlowpan/Kconfig


Reader found: 20 lines in /home/ljd/riot/RIOT/sys/net/gnrc/network_layer/sixlowpan/frag/Kconfig
call _transform_lines(lines from reader, input, configdefault dict info)
start transforming 20 input lines
    GLOB LOG ----------------------------------------------------------------------------
    Resolve rsource: fb/Kconfig at line 10
      -> sys/net/gnrc/network_layer/sixlowpan/frag/fb/Kconfig
    Files matching: 1 (using rsource)
    GLOB LOG ----------------------------------------------------------------------------
    Resolve rsource: rb/Kconfig at line 11
      -> sys/net/gnrc/network_layer/sixlowpan/frag/rb/Kconfig
    Files matching: 1 (using rsource)
    GLOB LOG ----------------------------------------------------------------------------
    Resolve rsource: vrb/Kconfig at line 12
      -> sys/net/gnrc/network_layer/sixlowpan/frag/vrb/Kconfig
    Files matching: 1 (using rsource)
    GLOB LOG ----------------------------------------------------------------------------
    Resolve rsource: sfr/Kconfig at line 18
      -> sys/net/gnrc/network_layer/sixlowpan/frag/sfr/Kconfig
    Files matching: 1 (using rsource)
    FILE LOG --------------------------------------------------------------
    Reader input                20 lines
    -----------------------------------------------------------------------
    All source without glob:    0
    All source using glob:      0
    All osource_keywords:       0
    All rsource_keywords:       4
    All orsource_keywords:      0
    SUM (r/or/o)source lines:   4
    All "option env" attr:      0
    -----------------------------------------------------------------------
    Transformer Output:         20 lines
    -----------------------------------------------------------------------
        Added new bc of def_*:           0
        Added new bc of glob:            0
        Added new bc of config_default:  0
        Added new bc of named choice:    0
        Removed bc of config_default:    0
        Removed bc of named choice:      0
        Removed no match for o(r)source: 0
        Removed optional choice attr:    0
        Removed bool     choice attr:    0
        Removed tristate choice attr:    0
Excel saved: /home/ljd/wsMA_prototyp/transform_projects/transform_riot/RIOT_log/results3.xlsx
        Done writting 20 lines in /home/ljd/wsMA_prototyp/transform_projects/transform_riot/RIOT_output/sys/net/gnrc/network_layer/sixlowpan/frag/Kconfig


Reader found: 18 lines in /home/ljd/riot/RIOT/sys/net/gnrc/network_layer/sixlowpan/frag/fb/Kconfig
call _transform_lines(lines from reader, input, configdefault dict info)
start transforming 18 input lines
    FILE LOG --------------------------------------------------------------
    Reader input                18 lines
    -----------------------------------------------------------------------
    All source without glob:    0
    All source using glob:      0
    All osource_keywords:       0
    All rsource_keywords:       0
    All orsource_keywords:      0
    SUM (r/or/o)source lines:   0
    All "option env" attr:      0
    -----------------------------------------------------------------------
    Transformer Output:         18 lines
    -----------------------------------------------------------------------
        Added new bc of def_*:           0
        Added new bc of glob:            0
        Added new bc of config_default:  0
        Added new bc of named choice:    0
        Removed bc of config_default:    0
        Removed bc of named choice:      0
        Removed no match for o(r)source: 0
        Removed optional choice attr:    0
        Removed bool     choice attr:    0
        Removed tristate choice attr:    0
Excel saved: /home/ljd/wsMA_prototyp/transform_projects/transform_riot/RIOT_log/results3.xlsx
        Done writting 18 lines in /home/ljd/wsMA_prototyp/transform_projects/transform_riot/RIOT_output/sys/net/gnrc/network_layer/sixlowpan/frag/fb/Kconfig


Reader found: 37 lines in /home/ljd/riot/RIOT/sys/net/gnrc/network_layer/sixlowpan/frag/rb/Kconfig
call _transform_lines(lines from reader, input, configdefault dict info)
start transforming 37 input lines
    FILE LOG --------------------------------------------------------------
    Reader input                37 lines
    -----------------------------------------------------------------------
    All source without glob:    0
    All source using glob:      0
    All osource_keywords:       0
    All rsource_keywords:       0
    All orsource_keywords:      0
    SUM (r/or/o)source lines:   0
    All "option env" attr:      0
    -----------------------------------------------------------------------
    Transformer Output:         37 lines
    -----------------------------------------------------------------------
        Added new bc of def_*:           0
        Added new bc of glob:            0
        Added new bc of config_default:  0
        Added new bc of named choice:    0
        Removed bc of config_default:    0
        Removed bc of named choice:      0
        Removed no match for o(r)source: 0
        Removed optional choice attr:    0
        Removed bool     choice attr:    0
        Removed tristate choice attr:    0
Excel saved: /home/ljd/wsMA_prototyp/transform_projects/transform_riot/RIOT_log/results3.xlsx
        Done writting 37 lines in /home/ljd/wsMA_prototyp/transform_projects/transform_riot/RIOT_output/sys/net/gnrc/network_layer/sixlowpan/frag/rb/Kconfig


Reader found: 21 lines in /home/ljd/riot/RIOT/sys/net/gnrc/network_layer/sixlowpan/frag/vrb/Kconfig
call _transform_lines(lines from reader, input, configdefault dict info)
start transforming 21 input lines
    FILE LOG --------------------------------------------------------------
    Reader input                21 lines
    -----------------------------------------------------------------------
    All source without glob:    0
    All source using glob:      0
    All osource_keywords:       0
    All rsource_keywords:       0
    All orsource_keywords:      0
    SUM (r/or/o)source lines:   0
    All "option env" attr:      0
    -----------------------------------------------------------------------
    Transformer Output:         21 lines
    -----------------------------------------------------------------------
        Added new bc of def_*:           0
        Added new bc of glob:            0
        Added new bc of config_default:  0
        Added new bc of named choice:    0
        Removed bc of config_default:    0
        Removed bc of named choice:      0
        Removed no match for o(r)source: 0
        Removed optional choice attr:    0
        Removed bool     choice attr:    0
        Removed tristate choice attr:    0
Excel saved: /home/ljd/wsMA_prototyp/transform_projects/transform_riot/RIOT_log/results3.xlsx
        Done writting 21 lines in /home/ljd/wsMA_prototyp/transform_projects/transform_riot/RIOT_output/sys/net/gnrc/network_layer/sixlowpan/frag/vrb/Kconfig


Reader found: 168 lines in /home/ljd/riot/RIOT/sys/net/gnrc/network_layer/sixlowpan/frag/sfr/Kconfig
call _transform_lines(lines from reader, input, configdefault dict info)
start transforming 168 input lines
    FILE LOG --------------------------------------------------------------
    Reader input                168 lines
    -----------------------------------------------------------------------
    All source without glob:    0
    All source using glob:      0
    All osource_keywords:       0
    All rsource_keywords:       0
    All orsource_keywords:      0
    SUM (r/or/o)source lines:   0
    All "option env" attr:      0
    -----------------------------------------------------------------------
    Transformer Output:         168 lines
    -----------------------------------------------------------------------
        Added new bc of def_*:           0
        Added new bc of glob:            0
        Added new bc of config_default:  0
        Added new bc of named choice:    0
        Removed bc of config_default:    0
        Removed bc of named choice:      0
        Removed no match for o(r)source: 0
        Removed optional choice attr:    0
        Removed bool     choice attr:    0
        Removed tristate choice attr:    0
Excel saved: /home/ljd/wsMA_prototyp/transform_projects/transform_riot/RIOT_log/results3.xlsx
        Done writting 168 lines in /home/ljd/wsMA_prototyp/transform_projects/transform_riot/RIOT_output/sys/net/gnrc/network_layer/sixlowpan/frag/sfr/Kconfig


Reader found: 19 lines in /home/ljd/riot/RIOT/sys/net/gnrc/network_layer/sixlowpan/nd/Kconfig
call _transform_lines(lines from reader, input, configdefault dict info)
start transforming 19 input lines
    FILE LOG --------------------------------------------------------------
    Reader input                19 lines
    -----------------------------------------------------------------------
    All source without glob:    0
    All source using glob:      0
    All osource_keywords:       0
    All rsource_keywords:       0
    All orsource_keywords:      0
    SUM (r/or/o)source lines:   0
    All "option env" attr:      0
    -----------------------------------------------------------------------
    Transformer Output:         19 lines
    -----------------------------------------------------------------------
        Added new bc of def_*:           0
        Added new bc of glob:            0
        Added new bc of config_default:  0
        Added new bc of named choice:    0
        Removed bc of config_default:    0
        Removed bc of named choice:      0
        Removed no match for o(r)source: 0
        Removed optional choice attr:    0
        Removed bool     choice attr:    0
        Removed tristate choice attr:    0
Excel saved: /home/ljd/wsMA_prototyp/transform_projects/transform_riot/RIOT_log/results3.xlsx
        Done writting 19 lines in /home/ljd/wsMA_prototyp/transform_projects/transform_riot/RIOT_output/sys/net/gnrc/network_layer/sixlowpan/nd/Kconfig


Reader found: 19 lines in /home/ljd/riot/RIOT/sys/net/gnrc/pktbuf/Kconfig
call _transform_lines(lines from reader, input, configdefault dict info)
start transforming 19 input lines
    FILE LOG --------------------------------------------------------------
    Reader input                19 lines
    -----------------------------------------------------------------------
    All source without glob:    0
    All source using glob:      0
    All osource_keywords:       0
    All rsource_keywords:       0
    All orsource_keywords:      0
    SUM (r/or/o)source lines:   0
    All "option env" attr:      0
    -----------------------------------------------------------------------
    Transformer Output:         19 lines
    -----------------------------------------------------------------------
        Added new bc of def_*:           0
        Added new bc of glob:            0
        Added new bc of config_default:  0
        Added new bc of named choice:    0
        Removed bc of config_default:    0
        Removed bc of named choice:      0
        Removed no match for o(r)source: 0
        Removed optional choice attr:    0
        Removed bool     choice attr:    0
        Removed tristate choice attr:    0
Excel saved: /home/ljd/wsMA_prototyp/transform_projects/transform_riot/RIOT_log/results3.xlsx
        Done writting 19 lines in /home/ljd/wsMA_prototyp/transform_projects/transform_riot/RIOT_output/sys/net/gnrc/pktbuf/Kconfig


Reader found: 18 lines in /home/ljd/riot/RIOT/sys/net/gnrc/pktdump/Kconfig
call _transform_lines(lines from reader, input, configdefault dict info)
start transforming 18 input lines
    FILE LOG --------------------------------------------------------------
    Reader input                18 lines
    -----------------------------------------------------------------------
    All source without glob:    0
    All source using glob:      0
    All osource_keywords:       0
    All rsource_keywords:       0
    All orsource_keywords:      0
    SUM (r/or/o)source lines:   0
    All "option env" attr:      0
    -----------------------------------------------------------------------
    Transformer Output:         18 lines
    -----------------------------------------------------------------------
        Added new bc of def_*:           0
        Added new bc of glob:            0
        Added new bc of config_default:  0
        Added new bc of named choice:    0
        Removed bc of config_default:    0
        Removed bc of named choice:      0
        Removed no match for o(r)source: 0
        Removed optional choice attr:    0
        Removed bool     choice attr:    0
        Removed tristate choice attr:    0
Excel saved: /home/ljd/wsMA_prototyp/transform_projects/transform_riot/RIOT_log/results3.xlsx
        Done writting 18 lines in /home/ljd/wsMA_prototyp/transform_projects/transform_riot/RIOT_output/sys/net/gnrc/pktdump/Kconfig


Reader found: 151 lines in /home/ljd/riot/RIOT/sys/net/gnrc/routing/rpl/Kconfig
call _transform_lines(lines from reader, input, configdefault dict info)
start transforming 151 input lines
current_indx: 81 - choice_attr_end: 84
PROCESS choice: [KconfigLine(commented, line=1, indent=0), KconfigLine(other, line=2, indent=0), KconfigLine(commented, line=3, indent=0), KconfigLine(commented, line=4, indent=0), KconfigLine(commented, line=5, indent=0), KconfigLine(other, line=6, indent=0), KconfigLine(empty, line=7, indent=0), KconfigLine(menu, line=8, indent=0), KconfigLine(depends_on, line=9, indent=4), KconfigLine(empty, line=10, indent=0), KconfigLine(menu, line=11, indent=0), KconfigLine(empty, line=12, indent=0), KconfigLine(config, line=13, indent=0), KconfigLine(type_int, line=14, indent=4), KconfigLine(default, line=15, indent=4), KconfigLine(help, line=16, indent=4), KconfigLine(other, line=17, indent=8), KconfigLine(empty, line=18, indent=0), KconfigLine(config, line=19, indent=0), KconfigLine(type_int, line=20, indent=4), KconfigLine(default, line=21, indent=4), KconfigLine(help, line=22, indent=4), KconfigLine(other, line=23, indent=8), KconfigLine(empty, line=24, indent=0), KconfigLine(config, line=25, indent=0), KconfigLine(type_int, line=26, indent=4), KconfigLine(default, line=27, indent=4), KconfigLine(help, line=28, indent=4), KconfigLine(other, line=29, indent=8), KconfigLine(empty, line=30, indent=0), KconfigLine(endmenu, line=31, indent=0), KconfigLine(empty, line=32, indent=0), KconfigLine(empty, line=33, indent=0), KconfigLine(menu, line=34, indent=0), KconfigLine(empty, line=35, indent=0), KconfigLine(config, line=36, indent=0), KconfigLine(type_int, line=37, indent=4), KconfigLine(default, line=38, indent=4), KconfigLine(help, line=39, indent=4), KconfigLine(other, line=40, indent=8), KconfigLine(other, line=41, indent=8), KconfigLine(other, line=42, indent=8), KconfigLine(other, line=43, indent=8), KconfigLine(empty, line=44, indent=0), KconfigLine(config, line=45, indent=0), KconfigLine(type_int, line=46, indent=4), KconfigLine(default, line=47, indent=4), KconfigLine(empty, line=48, indent=0), KconfigLine(endmenu, line=49, indent=0), KconfigLine(empty, line=50, indent=0), KconfigLine(empty, line=51, indent=0), KconfigLine(menu, line=52, indent=0), KconfigLine(empty, line=53, indent=0), KconfigLine(config, line=54, indent=0), KconfigLine(type_int, line=55, indent=4), KconfigLine(default, line=56, indent=4), KconfigLine(empty, line=57, indent=0), KconfigLine(config, line=58, indent=0), KconfigLine(type_int, line=59, indent=4), KconfigLine(default, line=60, indent=4), KconfigLine(empty, line=61, indent=0), KconfigLine(config, line=62, indent=0), KconfigLine(type_int, line=63, indent=4), KconfigLine(default, line=64, indent=4), KconfigLine(empty, line=65, indent=0), KconfigLine(config, line=66, indent=0), KconfigLine(type_int, line=67, indent=4), KconfigLine(default, line=68, indent=4), KconfigLine(empty, line=69, indent=0), KconfigLine(config, line=70, indent=0), KconfigLine(type_int, line=71, indent=4), KconfigLine(default, line=72, indent=4), KconfigLine(empty, line=73, indent=0), KconfigLine(config, line=74, indent=0), KconfigLine(type_int, line=75, indent=4), KconfigLine(default, line=76, indent=4), KconfigLine(empty, line=77, indent=0), KconfigLine(endmenu, line=78, indent=0), KconfigLine(empty, line=79, indent=0), KconfigLine(empty, line=80, indent=0), KconfigLine(choice, line=81, indent=0), KconfigLine(default, line=83, indent=4), KconfigLine(empty, line=84, indent=0), KconfigLine(config, line=85, indent=0), KconfigLine(type_bool, line=86, indent=4), KconfigLine(empty, line=87, indent=0), KconfigLine(config, line=88, indent=0), KconfigLine(type_bool, line=89, indent=4), KconfigLine(empty, line=90, indent=0), KconfigLine(config, line=91, indent=0), KconfigLine(type_bool, line=92, indent=4), KconfigLine(empty, line=93, indent=0), KconfigLine(config, line=94, indent=0), KconfigLine(type_bool, line=95, indent=4), KconfigLine(empty, line=96, indent=0), KconfigLine(endchoice, line=97, indent=0)]
    FILE LOG --------------------------------------------------------------
    Reader input                151 lines
    -----------------------------------------------------------------------
    All source without glob:    0
    All source using glob:      0
    All osource_keywords:       0
    All rsource_keywords:       0
    All orsource_keywords:      0
    SUM (r/or/o)source lines:   0
    All "option env" attr:      0
    -----------------------------------------------------------------------
    Transformer Output:         150 lines
    -----------------------------------------------------------------------
        Added new bc of def_*:           0
        Added new bc of glob:            0
        Added new bc of config_default:  0
        Added new bc of named choice:    0
        Removed bc of config_default:    0
        Removed bc of named choice:      0
        Removed no match for o(r)source: 0
        Removed optional choice attr:    0
        Removed bool     choice attr:    1
        Removed tristate choice attr:    0
Excel saved: /home/ljd/wsMA_prototyp/transform_projects/transform_riot/RIOT_log/results3.xlsx
        Done writting 146 lines in /home/ljd/wsMA_prototyp/transform_projects/transform_riot/RIOT_output/sys/net/gnrc/routing/rpl/Kconfig


Reader found: 152 lines in /home/ljd/riot/RIOT/sys/net/gnrc/transport_layer/tcp/Kconfig
call _transform_lines(lines from reader, input, configdefault dict info)
start transforming 152 input lines
    FILE LOG --------------------------------------------------------------
    Reader input                152 lines
    -----------------------------------------------------------------------
    All source without glob:    0
    All source using glob:      0
    All osource_keywords:       0
    All rsource_keywords:       0
    All orsource_keywords:      0
    SUM (r/or/o)source lines:   0
    All "option env" attr:      0
    -----------------------------------------------------------------------
    Transformer Output:         152 lines
    -----------------------------------------------------------------------
        Added new bc of def_*:           0
        Added new bc of glob:            0
        Added new bc of config_default:  0
        Added new bc of named choice:    0
        Removed bc of config_default:    0
        Removed bc of named choice:      0
        Removed no match for o(r)source: 0
        Removed optional choice attr:    0
        Removed bool     choice attr:    0
        Removed tristate choice attr:    0
Excel saved: /home/ljd/wsMA_prototyp/transform_projects/transform_riot/RIOT_log/results3.xlsx
        Done writting 152 lines in /home/ljd/wsMA_prototyp/transform_projects/transform_riot/RIOT_output/sys/net/gnrc/transport_layer/tcp/Kconfig


Reader found: 49 lines in /home/ljd/riot/RIOT/sys/net/sock/Kconfig
call _transform_lines(lines from reader, input, configdefault dict info)
start transforming 49 input lines
    FILE LOG --------------------------------------------------------------
    Reader input                49 lines
    -----------------------------------------------------------------------
    All source without glob:    0
    All source using glob:      0
    All osource_keywords:       0
    All rsource_keywords:       0
    All orsource_keywords:      0
    SUM (r/or/o)source lines:   0
    All "option env" attr:      0
    -----------------------------------------------------------------------
    Transformer Output:         49 lines
    -----------------------------------------------------------------------
        Added new bc of def_*:           0
        Added new bc of glob:            0
        Added new bc of config_default:  0
        Added new bc of named choice:    0
        Removed bc of config_default:    0
        Removed bc of named choice:      0
        Removed no match for o(r)source: 0
        Removed optional choice attr:    0
        Removed bool     choice attr:    0
        Removed tristate choice attr:    0
Excel saved: /home/ljd/wsMA_prototyp/transform_projects/transform_riot/RIOT_log/results3.xlsx
        Done writting 49 lines in /home/ljd/wsMA_prototyp/transform_projects/transform_riot/RIOT_output/sys/net/sock/Kconfig


Reader found: 10 lines in /home/ljd/riot/RIOT/sys/net/link_layer/Kconfig
call _transform_lines(lines from reader, input, configdefault dict info)
start transforming 10 input lines
    GLOB LOG ----------------------------------------------------------------------------
    Resolve rsource: csma_sender/Kconfig at line 7
      -> sys/net/link_layer/csma_sender/Kconfig
    Files matching: 1 (using rsource)
    GLOB LOG ----------------------------------------------------------------------------
    Resolve rsource: ieee802154/Kconfig at line 8
      -> sys/net/link_layer/ieee802154/Kconfig
    Files matching: 1 (using rsource)
    GLOB LOG ----------------------------------------------------------------------------
    Resolve rsource: l2filter/Kconfig at line 9
      -> sys/net/link_layer/l2filter/Kconfig
    Files matching: 1 (using rsource)
    GLOB LOG ----------------------------------------------------------------------------
    Resolve rsource: Kconfig.lorawan at line 10
      -> sys/net/link_layer/Kconfig.lorawan
    Files matching: 1 (using rsource)
    FILE LOG --------------------------------------------------------------
    Reader input                10 lines
    -----------------------------------------------------------------------
    All source without glob:    0
    All source using glob:      0
    All osource_keywords:       0
    All rsource_keywords:       4
    All orsource_keywords:      0
    SUM (r/or/o)source lines:   4
    All "option env" attr:      0
    -----------------------------------------------------------------------
    Transformer Output:         10 lines
    -----------------------------------------------------------------------
        Added new bc of def_*:           0
        Added new bc of glob:            0
        Added new bc of config_default:  0
        Added new bc of named choice:    0
        Removed bc of config_default:    0
        Removed bc of named choice:      0
        Removed no match for o(r)source: 0
        Removed optional choice attr:    0
        Removed bool     choice attr:    0
        Removed tristate choice attr:    0
Excel saved: /home/ljd/wsMA_prototyp/transform_projects/transform_riot/RIOT_log/results3.xlsx
        Done writting 10 lines in /home/ljd/wsMA_prototyp/transform_projects/transform_riot/RIOT_output/sys/net/link_layer/Kconfig


Reader found: 37 lines in /home/ljd/riot/RIOT/sys/net/link_layer/csma_sender/Kconfig
call _transform_lines(lines from reader, input, configdefault dict info)
start transforming 37 input lines
    FILE LOG --------------------------------------------------------------
    Reader input                37 lines
    -----------------------------------------------------------------------
    All source without glob:    0
    All source using glob:      0
    All osource_keywords:       0
    All rsource_keywords:       0
    All orsource_keywords:      0
    SUM (r/or/o)source lines:   0
    All "option env" attr:      0
    -----------------------------------------------------------------------
    Transformer Output:         37 lines
    -----------------------------------------------------------------------
        Added new bc of def_*:           0
        Added new bc of glob:            0
        Added new bc of config_default:  0
        Added new bc of named choice:    0
        Removed bc of config_default:    0
        Removed bc of named choice:      0
        Removed no match for o(r)source: 0
        Removed optional choice attr:    0
        Removed bool     choice attr:    0
        Removed tristate choice attr:    0
Excel saved: /home/ljd/wsMA_prototyp/transform_projects/transform_riot/RIOT_log/results3.xlsx
        Done writting 37 lines in /home/ljd/wsMA_prototyp/transform_projects/transform_riot/RIOT_output/sys/net/link_layer/csma_sender/Kconfig


Reader found: 161 lines in /home/ljd/riot/RIOT/sys/net/link_layer/ieee802154/Kconfig
call _transform_lines(lines from reader, input, configdefault dict info)
start transforming 161 input lines
current_indx: 10 - choice_attr_end: 15
PROCESS choice: [KconfigLine(commented, line=1, indent=0), KconfigLine(other, line=2, indent=0), KconfigLine(commented, line=3, indent=0), KconfigLine(commented, line=4, indent=0), KconfigLine(commented, line=5, indent=0), KconfigLine(empty, line=6, indent=0), KconfigLine(menu, line=7, indent=0), KconfigLine(depends_on, line=8, indent=4), KconfigLine(empty, line=9, indent=0), KconfigLine(choice, line=10, indent=0), KconfigLine(default, line=12, indent=4), KconfigLine(help, line=13, indent=4), KconfigLine(other, line=14, indent=8), KconfigLine(empty, line=15, indent=0), KconfigLine(config, line=16, indent=4), KconfigLine(type_bool, line=17, indent=8), KconfigLine(help, line=18, indent=8), KconfigLine(other, line=19, indent=12), KconfigLine(empty, line=20, indent=0), KconfigLine(config, line=21, indent=4), KconfigLine(type_bool, line=22, indent=8), KconfigLine(help, line=23, indent=8), KconfigLine(other, line=24, indent=12), KconfigLine(empty, line=25, indent=0), KconfigLine(config, line=26, indent=4), KconfigLine(type_bool, line=27, indent=8), KconfigLine(help, line=28, indent=8), KconfigLine(other, line=29, indent=12), KconfigLine(empty, line=30, indent=0), KconfigLine(config, line=31, indent=4), KconfigLine(type_bool, line=32, indent=8), KconfigLine(help, line=33, indent=8), KconfigLine(other, line=34, indent=12), KconfigLine(empty, line=35, indent=0), KconfigLine(config, line=36, indent=4), KconfigLine(type_bool, line=37, indent=8), KconfigLine(help, line=38, indent=8), KconfigLine(other, line=39, indent=12), KconfigLine(empty, line=40, indent=0), KconfigLine(config, line=41, indent=4), KconfigLine(type_bool, line=42, indent=8), KconfigLine(help, line=43, indent=8), KconfigLine(other, line=44, indent=12), KconfigLine(empty, line=45, indent=0), KconfigLine(endchoice, line=46, indent=0)]
    FILE LOG --------------------------------------------------------------
    Reader input                161 lines
    -----------------------------------------------------------------------
    All source without glob:    0
    All source using glob:      0
    All osource_keywords:       0
    All rsource_keywords:       0
    All orsource_keywords:      0
    SUM (r/or/o)source lines:   0
    All "option env" attr:      0
    -----------------------------------------------------------------------
    Transformer Output:         160 lines
    -----------------------------------------------------------------------
        Added new bc of def_*:           0
        Added new bc of glob:            0
        Added new bc of config_default:  0
        Added new bc of named choice:    0
        Removed bc of config_default:    0
        Removed bc of named choice:      0
        Removed no match for o(r)source: 0
        Removed optional choice attr:    0
        Removed bool     choice attr:    1
        Removed tristate choice attr:    0
Excel saved: /home/ljd/wsMA_prototyp/transform_projects/transform_riot/RIOT_log/results3.xlsx
        Done writting 160 lines in /home/ljd/wsMA_prototyp/transform_projects/transform_riot/RIOT_output/sys/net/link_layer/ieee802154/Kconfig


Reader found: 19 lines in /home/ljd/riot/RIOT/sys/net/link_layer/l2filter/Kconfig
call _transform_lines(lines from reader, input, configdefault dict info)
start transforming 19 input lines
    FILE LOG --------------------------------------------------------------
    Reader input                19 lines
    -----------------------------------------------------------------------
    All source without glob:    0
    All source using glob:      0
    All osource_keywords:       0
    All rsource_keywords:       0
    All orsource_keywords:      0
    SUM (r/or/o)source lines:   0
    All "option env" attr:      0
    -----------------------------------------------------------------------
    Transformer Output:         19 lines
    -----------------------------------------------------------------------
        Added new bc of def_*:           0
        Added new bc of glob:            0
        Added new bc of config_default:  0
        Added new bc of named choice:    0
        Removed bc of config_default:    0
        Removed bc of named choice:      0
        Removed no match for o(r)source: 0
        Removed optional choice attr:    0
        Removed bool     choice attr:    0
        Removed tristate choice attr:    0
Excel saved: /home/ljd/wsMA_prototyp/transform_projects/transform_riot/RIOT_log/results3.xlsx
        Done writting 19 lines in /home/ljd/wsMA_prototyp/transform_projects/transform_riot/RIOT_output/sys/net/link_layer/l2filter/Kconfig


Reader found: 574 lines in /home/ljd/riot/RIOT/sys/net/link_layer/Kconfig.lorawan
call _transform_lines(lines from reader, input, configdefault dict info)
start transforming 574 input lines
current_indx: 4 - choice_attr_end: 10
PROCESS choice: [KconfigLine(menu, line=1, indent=0), KconfigLine(depends_on, line=2, indent=4), KconfigLine(empty, line=3, indent=0), KconfigLine(choice, line=4, indent=0), KconfigLine(depends_on, line=6, indent=4), KconfigLine(default, line=7, indent=4), KconfigLine(help, line=8, indent=4), KconfigLine(other, line=9, indent=8), KconfigLine(empty, line=10, indent=0), KconfigLine(if, line=11, indent=0), KconfigLine(empty, line=12, indent=0), KconfigLine(config, line=13, indent=0), KconfigLine(type_bool, line=14, indent=4), KconfigLine(empty, line=15, indent=0), KconfigLine(config, line=16, indent=0), KconfigLine(type_bool, line=17, indent=4), KconfigLine(empty, line=18, indent=0), KconfigLine(config, line=19, indent=0), KconfigLine(type_bool, line=20, indent=4), KconfigLine(empty, line=21, indent=0), KconfigLine(config, line=22, indent=0), KconfigLine(type_bool, line=23, indent=4), KconfigLine(empty, line=24, indent=0), KconfigLine(config, line=25, indent=0), KconfigLine(type_bool, line=26, indent=4), KconfigLine(empty, line=27, indent=0), KconfigLine(endif, line=28, indent=0), KconfigLine(empty, line=29, indent=0), KconfigLine(config, line=30, indent=0), KconfigLine(type_bool, line=31, indent=4), KconfigLine(empty, line=32, indent=0), KconfigLine(config, line=33, indent=0), KconfigLine(type_bool, line=34, indent=4), KconfigLine(empty, line=35, indent=0), KconfigLine(if, line=36, indent=0), KconfigLine(empty, line=37, indent=0), KconfigLine(config, line=38, indent=0), KconfigLine(type_bool, line=39, indent=4), KconfigLine(empty, line=40, indent=0), KconfigLine(config, line=41, indent=0), KconfigLine(type_bool, line=42, indent=4), KconfigLine(empty, line=43, indent=0), KconfigLine(config, line=44, indent=0), KconfigLine(type_bool, line=45, indent=4), KconfigLine(empty, line=46, indent=0), KconfigLine(config, line=47, indent=0), KconfigLine(type_bool, line=48, indent=4), KconfigLine(empty, line=49, indent=0), KconfigLine(endif, line=50, indent=0), KconfigLine(empty, line=51, indent=0), KconfigLine(endchoice, line=52, indent=0)]
current_indx: 54 - choice_attr_end: 66
PROCESS choice: [KconfigLine(menu, line=1, indent=0), KconfigLine(depends_on, line=2, indent=4), KconfigLine(empty, line=3, indent=0), KconfigLine(choice, line=4, indent=0), KconfigLine(depends_on, line=6, indent=4), KconfigLine(default, line=7, indent=4), KconfigLine(help, line=8, indent=4), KconfigLine(other, line=9, indent=8), KconfigLine(empty, line=10, indent=0), KconfigLine(if, line=11, indent=0), KconfigLine(empty, line=12, indent=0), KconfigLine(config, line=13, indent=0), KconfigLine(type_bool, line=14, indent=4), KconfigLine(empty, line=15, indent=0), KconfigLine(config, line=16, indent=0), KconfigLine(type_bool, line=17, indent=4), KconfigLine(empty, line=18, indent=0), KconfigLine(config, line=19, indent=0), KconfigLine(type_bool, line=20, indent=4), KconfigLine(empty, line=21, indent=0), KconfigLine(config, line=22, indent=0), KconfigLine(type_bool, line=23, indent=4), KconfigLine(empty, line=24, indent=0), KconfigLine(config, line=25, indent=0), KconfigLine(type_bool, line=26, indent=4), KconfigLine(empty, line=27, indent=0), KconfigLine(endif, line=28, indent=0), KconfigLine(empty, line=29, indent=0), KconfigLine(config, line=30, indent=0), KconfigLine(type_bool, line=31, indent=4), KconfigLine(empty, line=32, indent=0), KconfigLine(config, line=33, indent=0), KconfigLine(type_bool, line=34, indent=4), KconfigLine(empty, line=35, indent=0), KconfigLine(if, line=36, indent=0), KconfigLine(empty, line=37, indent=0), KconfigLine(config, line=38, indent=0), KconfigLine(type_bool, line=39, indent=4), KconfigLine(empty, line=40, indent=0), KconfigLine(config, line=41, indent=0), KconfigLine(type_bool, line=42, indent=4), KconfigLine(empty, line=43, indent=0), KconfigLine(config, line=44, indent=0), KconfigLine(type_bool, line=45, indent=4), KconfigLine(empty, line=46, indent=0), KconfigLine(config, line=47, indent=0), KconfigLine(type_bool, line=48, indent=4), KconfigLine(empty, line=49, indent=0), KconfigLine(endif, line=50, indent=0), KconfigLine(empty, line=51, indent=0), KconfigLine(endchoice, line=52, indent=0), KconfigLine(empty, line=53, indent=0), KconfigLine(choice, line=54, indent=0), KconfigLine(depends_on, line=56, indent=4), KconfigLine(default, line=57, indent=4), KconfigLine(help, line=58, indent=4), KconfigLine(other, line=59, indent=8), KconfigLine(other, line=60, indent=8), KconfigLine(other, line=61, indent=8), KconfigLine(other, line=62, indent=8), KconfigLine(other, line=63, indent=8), KconfigLine(other, line=64, indent=8), KconfigLine(other, line=65, indent=8), KconfigLine(empty, line=66, indent=0), KconfigLine(config, line=67, indent=0), KconfigLine(type_bool, line=68, indent=4), KconfigLine(empty, line=69, indent=0), KconfigLine(config, line=70, indent=0), KconfigLine(type_bool, line=71, indent=4), KconfigLine(empty, line=72, indent=0), KconfigLine(endchoice, line=73, indent=0)]
current_indx: 179 - choice_attr_end: 191
PROCESS choice: [KconfigLine(menu, line=1, indent=0), KconfigLine(depends_on, line=2, indent=4), KconfigLine(empty, line=3, indent=0), KconfigLine(choice, line=4, indent=0), KconfigLine(depends_on, line=6, indent=4), KconfigLine(default, line=7, indent=4), KconfigLine(help, line=8, indent=4), KconfigLine(other, line=9, indent=8), KconfigLine(empty, line=10, indent=0), KconfigLine(if, line=11, indent=0), KconfigLine(empty, line=12, indent=0), KconfigLine(config, line=13, indent=0), KconfigLine(type_bool, line=14, indent=4), KconfigLine(empty, line=15, indent=0), KconfigLine(config, line=16, indent=0), KconfigLine(type_bool, line=17, indent=4), KconfigLine(empty, line=18, indent=0), KconfigLine(config, line=19, indent=0), KconfigLine(type_bool, line=20, indent=4), KconfigLine(empty, line=21, indent=0), KconfigLine(config, line=22, indent=0), KconfigLine(type_bool, line=23, indent=4), KconfigLine(empty, line=24, indent=0), KconfigLine(config, line=25, indent=0), KconfigLine(type_bool, line=26, indent=4), KconfigLine(empty, line=27, indent=0), KconfigLine(endif, line=28, indent=0), KconfigLine(empty, line=29, indent=0), KconfigLine(config, line=30, indent=0), KconfigLine(type_bool, line=31, indent=4), KconfigLine(empty, line=32, indent=0), KconfigLine(config, line=33, indent=0), KconfigLine(type_bool, line=34, indent=4), KconfigLine(empty, line=35, indent=0), KconfigLine(if, line=36, indent=0), KconfigLine(empty, line=37, indent=0), KconfigLine(config, line=38, indent=0), KconfigLine(type_bool, line=39, indent=4), KconfigLine(empty, line=40, indent=0), KconfigLine(config, line=41, indent=0), KconfigLine(type_bool, line=42, indent=4), KconfigLine(empty, line=43, indent=0), KconfigLine(config, line=44, indent=0), KconfigLine(type_bool, line=45, indent=4), KconfigLine(empty, line=46, indent=0), KconfigLine(config, line=47, indent=0), KconfigLine(type_bool, line=48, indent=4), KconfigLine(empty, line=49, indent=0), KconfigLine(endif, line=50, indent=0), KconfigLine(empty, line=51, indent=0), KconfigLine(endchoice, line=52, indent=0), KconfigLine(empty, line=53, indent=0), KconfigLine(choice, line=54, indent=0), KconfigLine(depends_on, line=56, indent=4), KconfigLine(default, line=57, indent=4), KconfigLine(help, line=58, indent=4), KconfigLine(other, line=59, indent=8), KconfigLine(other, line=60, indent=8), KconfigLine(other, line=61, indent=8), KconfigLine(other, line=62, indent=8), KconfigLine(other, line=63, indent=8), KconfigLine(other, line=64, indent=8), KconfigLine(other, line=65, indent=8), KconfigLine(empty, line=66, indent=0), KconfigLine(config, line=67, indent=0), KconfigLine(type_bool, line=68, indent=4), KconfigLine(empty, line=69, indent=0), KconfigLine(config, line=70, indent=0), KconfigLine(type_bool, line=71, indent=4), KconfigLine(empty, line=72, indent=0), KconfigLine(endchoice, line=73, indent=0), KconfigLine(empty, line=74, indent=0), KconfigLine(if, line=75, indent=0), KconfigLine(empty, line=76, indent=0), KconfigLine(menu, line=77, indent=0), KconfigLine(empty, line=78, indent=0), KconfigLine(config, line=79, indent=0), KconfigLine(type_string, line=80, indent=4), KconfigLine(default, line=81, indent=4), KconfigLine(help, line=82, indent=4), KconfigLine(other, line=83, indent=8), KconfigLine(empty, line=84, indent=0), KconfigLine(config, line=85, indent=0), KconfigLine(type_string, line=86, indent=4), KconfigLine(default, line=87, indent=4), KconfigLine(help, line=88, indent=4), KconfigLine(other, line=89, indent=8), KconfigLine(empty, line=90, indent=0), KconfigLine(if, line=91, indent=0), KconfigLine(empty, line=92, indent=0), KconfigLine(config, line=93, indent=0), KconfigLine(type_string, line=94, indent=4), KconfigLine(default, line=95, indent=4), KconfigLine(help, line=96, indent=4), KconfigLine(other, line=97, indent=8), KconfigLine(empty, line=98, indent=0), KconfigLine(config, line=99, indent=0), KconfigLine(type_string, line=100, indent=4), KconfigLine(default, line=101, indent=4), KconfigLine(help, line=102, indent=4), KconfigLine(other, line=103, indent=8), KconfigLine(empty, line=104, indent=0), KconfigLine(endif, line=105, indent=0), KconfigLine(empty, line=106, indent=0), KconfigLine(if, line=107, indent=0), KconfigLine(empty, line=108, indent=0), KconfigLine(config, line=109, indent=0), KconfigLine(type_string, line=110, indent=4), KconfigLine(default, line=111, indent=4), KconfigLine(help, line=112, indent=4), KconfigLine(other, line=113, indent=8), KconfigLine(empty, line=114, indent=0), KconfigLine(endif, line=115, indent=0), KconfigLine(empty, line=116, indent=0), KconfigLine(endmenu, line=117, indent=0), KconfigLine(empty, line=118, indent=0), KconfigLine(endif, line=119, indent=0), KconfigLine(empty, line=120, indent=0), KconfigLine(if, line=121, indent=0), KconfigLine(empty, line=122, indent=0), KconfigLine(menu, line=123, indent=0), KconfigLine(empty, line=124, indent=0), KconfigLine(config, line=125, indent=0), KconfigLine(type_string, line=126, indent=4), KconfigLine(default, line=127, indent=4), KconfigLine(help, line=128, indent=4), KconfigLine(other, line=129, indent=8), KconfigLine(empty, line=130, indent=0), KconfigLine(config, line=131, indent=0), KconfigLine(type_string, line=132, indent=4), KconfigLine(default, line=133, indent=4), KconfigLine(help, line=134, indent=4), KconfigLine(other, line=135, indent=8), KconfigLine(empty, line=136, indent=0), KconfigLine(if, line=137, indent=0), KconfigLine(empty, line=138, indent=0), KconfigLine(config, line=139, indent=0), KconfigLine(type_string, line=140, indent=4), KconfigLine(default, line=141, indent=4), KconfigLine(help, line=142, indent=4), KconfigLine(other, line=143, indent=8), KconfigLine(empty, line=144, indent=0), KconfigLine(config, line=145, indent=0), KconfigLine(type_string, line=146, indent=4), KconfigLine(default, line=147, indent=4), KconfigLine(help, line=148, indent=4), KconfigLine(other, line=149, indent=8), KconfigLine(empty, line=150, indent=0), KconfigLine(config, line=151, indent=0), KconfigLine(type_string, line=152, indent=4), KconfigLine(default, line=153, indent=4), KconfigLine(help, line=154, indent=4), KconfigLine(other, line=155, indent=8), KconfigLine(empty, line=156, indent=0), KconfigLine(config, line=157, indent=0), KconfigLine(type_string, line=158, indent=4), KconfigLine(default, line=159, indent=4), KconfigLine(help, line=160, indent=4), KconfigLine(other, line=161, indent=8), KconfigLine(empty, line=162, indent=0), KconfigLine(endif, line=163, indent=0), KconfigLine(empty, line=164, indent=0), KconfigLine(if, line=165, indent=0), KconfigLine(empty, line=166, indent=0), KconfigLine(config, line=167, indent=4), KconfigLine(type_string, line=168, indent=4), KconfigLine(default, line=169, indent=4), KconfigLine(help, line=170, indent=4), KconfigLine(other, line=171, indent=8), KconfigLine(empty, line=172, indent=0), KconfigLine(endif, line=173, indent=0), KconfigLine(empty, line=174, indent=0), KconfigLine(endmenu, line=175, indent=0), KconfigLine(empty, line=176, indent=0), KconfigLine(endif, line=177, indent=0), KconfigLine(empty, line=178, indent=0), KconfigLine(choice, line=179, indent=0), KconfigLine(depends_on, line=181, indent=4), KconfigLine(default, line=182, indent=4), KconfigLine(help, line=183, indent=4), KconfigLine(other, line=184, indent=8), KconfigLine(other, line=185, indent=8), KconfigLine(other, line=186, indent=8), KconfigLine(other, line=187, indent=8), KconfigLine(other, line=188, indent=8), KconfigLine(other, line=189, indent=8), KconfigLine(other, line=190, indent=8), KconfigLine(empty, line=191, indent=0), KconfigLine(config, line=192, indent=0), KconfigLine(type_bool, line=193, indent=4), KconfigLine(help, line=194, indent=4), KconfigLine(other, line=195, indent=8), KconfigLine(other, line=196, indent=8), KconfigLine(other, line=197, indent=8), KconfigLine(other, line=198, indent=8), KconfigLine(other, line=199, indent=8), KconfigLine(empty, line=200, indent=0), KconfigLine(config, line=201, indent=0), KconfigLine(type_bool, line=202, indent=4), KconfigLine(depends_on, line=203, indent=4), KconfigLine(help, line=204, indent=4), KconfigLine(other, line=205, indent=8), KconfigLine(other, line=206, indent=8), KconfigLine(other, line=207, indent=8), KconfigLine(other, line=208, indent=8), KconfigLine(empty, line=209, indent=0), KconfigLine(config, line=210, indent=0), KconfigLine(type_bool, line=211, indent=4), KconfigLine(depends_on, line=212, indent=4), KconfigLine(help, line=213, indent=4), KconfigLine(other, line=214, indent=8), KconfigLine(other, line=215, indent=8), KconfigLine(other, line=216, indent=8), KconfigLine(empty, line=217, indent=0), KconfigLine(endchoice, line=218, indent=0)]
current_indx: 230 - choice_attr_end: 239
PROCESS choice: [KconfigLine(menu, line=1, indent=0), KconfigLine(depends_on, line=2, indent=4), KconfigLine(empty, line=3, indent=0), KconfigLine(choice, line=4, indent=0), KconfigLine(depends_on, line=6, indent=4), KconfigLine(default, line=7, indent=4), KconfigLine(help, line=8, indent=4), KconfigLine(other, line=9, indent=8), KconfigLine(empty, line=10, indent=0), KconfigLine(if, line=11, indent=0), KconfigLine(empty, line=12, indent=0), KconfigLine(config, line=13, indent=0), KconfigLine(type_bool, line=14, indent=4), KconfigLine(empty, line=15, indent=0), KconfigLine(config, line=16, indent=0), KconfigLine(type_bool, line=17, indent=4), KconfigLine(empty, line=18, indent=0), KconfigLine(config, line=19, indent=0), KconfigLine(type_bool, line=20, indent=4), KconfigLine(empty, line=21, indent=0), KconfigLine(config, line=22, indent=0), KconfigLine(type_bool, line=23, indent=4), KconfigLine(empty, line=24, indent=0), KconfigLine(config, line=25, indent=0), KconfigLine(type_bool, line=26, indent=4), KconfigLine(empty, line=27, indent=0), KconfigLine(endif, line=28, indent=0), KconfigLine(empty, line=29, indent=0), KconfigLine(config, line=30, indent=0), KconfigLine(type_bool, line=31, indent=4), KconfigLine(empty, line=32, indent=0), KconfigLine(config, line=33, indent=0), KconfigLine(type_bool, line=34, indent=4), KconfigLine(empty, line=35, indent=0), KconfigLine(if, line=36, indent=0), KconfigLine(empty, line=37, indent=0), KconfigLine(config, line=38, indent=0), KconfigLine(type_bool, line=39, indent=4), KconfigLine(empty, line=40, indent=0), KconfigLine(config, line=41, indent=0), KconfigLine(type_bool, line=42, indent=4), KconfigLine(empty, line=43, indent=0), KconfigLine(config, line=44, indent=0), KconfigLine(type_bool, line=45, indent=4), KconfigLine(empty, line=46, indent=0), KconfigLine(config, line=47, indent=0), KconfigLine(type_bool, line=48, indent=4), KconfigLine(empty, line=49, indent=0), KconfigLine(endif, line=50, indent=0), KconfigLine(empty, line=51, indent=0), KconfigLine(endchoice, line=52, indent=0), KconfigLine(empty, line=53, indent=0), KconfigLine(choice, line=54, indent=0), KconfigLine(depends_on, line=56, indent=4), KconfigLine(default, line=57, indent=4), KconfigLine(help, line=58, indent=4), KconfigLine(other, line=59, indent=8), KconfigLine(other, line=60, indent=8), KconfigLine(other, line=61, indent=8), KconfigLine(other, line=62, indent=8), KconfigLine(other, line=63, indent=8), KconfigLine(other, line=64, indent=8), KconfigLine(other, line=65, indent=8), KconfigLine(empty, line=66, indent=0), KconfigLine(config, line=67, indent=0), KconfigLine(type_bool, line=68, indent=4), KconfigLine(empty, line=69, indent=0), KconfigLine(config, line=70, indent=0), KconfigLine(type_bool, line=71, indent=4), KconfigLine(empty, line=72, indent=0), KconfigLine(endchoice, line=73, indent=0), KconfigLine(empty, line=74, indent=0), KconfigLine(if, line=75, indent=0), KconfigLine(empty, line=76, indent=0), KconfigLine(menu, line=77, indent=0), KconfigLine(empty, line=78, indent=0), KconfigLine(config, line=79, indent=0), KconfigLine(type_string, line=80, indent=4), KconfigLine(default, line=81, indent=4), KconfigLine(help, line=82, indent=4), KconfigLine(other, line=83, indent=8), KconfigLine(empty, line=84, indent=0), KconfigLine(config, line=85, indent=0), KconfigLine(type_string, line=86, indent=4), KconfigLine(default, line=87, indent=4), KconfigLine(help, line=88, indent=4), KconfigLine(other, line=89, indent=8), KconfigLine(empty, line=90, indent=0), KconfigLine(if, line=91, indent=0), KconfigLine(empty, line=92, indent=0), KconfigLine(config, line=93, indent=0), KconfigLine(type_string, line=94, indent=4), KconfigLine(default, line=95, indent=4), KconfigLine(help, line=96, indent=4), KconfigLine(other, line=97, indent=8), KconfigLine(empty, line=98, indent=0), KconfigLine(config, line=99, indent=0), KconfigLine(type_string, line=100, indent=4), KconfigLine(default, line=101, indent=4), KconfigLine(help, line=102, indent=4), KconfigLine(other, line=103, indent=8), KconfigLine(empty, line=104, indent=0), KconfigLine(endif, line=105, indent=0), KconfigLine(empty, line=106, indent=0), KconfigLine(if, line=107, indent=0), KconfigLine(empty, line=108, indent=0), KconfigLine(config, line=109, indent=0), KconfigLine(type_string, line=110, indent=4), KconfigLine(default, line=111, indent=4), KconfigLine(help, line=112, indent=4), KconfigLine(other, line=113, indent=8), KconfigLine(empty, line=114, indent=0), KconfigLine(endif, line=115, indent=0), KconfigLine(empty, line=116, indent=0), KconfigLine(endmenu, line=117, indent=0), KconfigLine(empty, line=118, indent=0), KconfigLine(endif, line=119, indent=0), KconfigLine(empty, line=120, indent=0), KconfigLine(if, line=121, indent=0), KconfigLine(empty, line=122, indent=0), KconfigLine(menu, line=123, indent=0), KconfigLine(empty, line=124, indent=0), KconfigLine(config, line=125, indent=0), KconfigLine(type_string, line=126, indent=4), KconfigLine(default, line=127, indent=4), KconfigLine(help, line=128, indent=4), KconfigLine(other, line=129, indent=8), KconfigLine(empty, line=130, indent=0), KconfigLine(config, line=131, indent=0), KconfigLine(type_string, line=132, indent=4), KconfigLine(default, line=133, indent=4), KconfigLine(help, line=134, indent=4), KconfigLine(other, line=135, indent=8), KconfigLine(empty, line=136, indent=0), KconfigLine(if, line=137, indent=0), KconfigLine(empty, line=138, indent=0), KconfigLine(config, line=139, indent=0), KconfigLine(type_string, line=140, indent=4), KconfigLine(default, line=141, indent=4), KconfigLine(help, line=142, indent=4), KconfigLine(other, line=143, indent=8), KconfigLine(empty, line=144, indent=0), KconfigLine(config, line=145, indent=0), KconfigLine(type_string, line=146, indent=4), KconfigLine(default, line=147, indent=4), KconfigLine(help, line=148, indent=4), KconfigLine(other, line=149, indent=8), KconfigLine(empty, line=150, indent=0), KconfigLine(config, line=151, indent=0), KconfigLine(type_string, line=152, indent=4), KconfigLine(default, line=153, indent=4), KconfigLine(help, line=154, indent=4), KconfigLine(other, line=155, indent=8), KconfigLine(empty, line=156, indent=0), KconfigLine(config, line=157, indent=0), KconfigLine(type_string, line=158, indent=4), KconfigLine(default, line=159, indent=4), KconfigLine(help, line=160, indent=4), KconfigLine(other, line=161, indent=8), KconfigLine(empty, line=162, indent=0), KconfigLine(endif, line=163, indent=0), KconfigLine(empty, line=164, indent=0), KconfigLine(if, line=165, indent=0), KconfigLine(empty, line=166, indent=0), KconfigLine(config, line=167, indent=4), KconfigLine(type_string, line=168, indent=4), KconfigLine(default, line=169, indent=4), KconfigLine(help, line=170, indent=4), KconfigLine(other, line=171, indent=8), KconfigLine(empty, line=172, indent=0), KconfigLine(endif, line=173, indent=0), KconfigLine(empty, line=174, indent=0), KconfigLine(endmenu, line=175, indent=0), KconfigLine(empty, line=176, indent=0), KconfigLine(endif, line=177, indent=0), KconfigLine(empty, line=178, indent=0), KconfigLine(choice, line=179, indent=0), KconfigLine(depends_on, line=181, indent=4), KconfigLine(default, line=182, indent=4), KconfigLine(help, line=183, indent=4), KconfigLine(other, line=184, indent=8), KconfigLine(other, line=185, indent=8), KconfigLine(other, line=186, indent=8), KconfigLine(other, line=187, indent=8), KconfigLine(other, line=188, indent=8), KconfigLine(other, line=189, indent=8), KconfigLine(other, line=190, indent=8), KconfigLine(empty, line=191, indent=0), KconfigLine(config, line=192, indent=0), KconfigLine(type_bool, line=193, indent=4), KconfigLine(help, line=194, indent=4), KconfigLine(other, line=195, indent=8), KconfigLine(other, line=196, indent=8), KconfigLine(other, line=197, indent=8), KconfigLine(other, line=198, indent=8), KconfigLine(other, line=199, indent=8), KconfigLine(empty, line=200, indent=0), KconfigLine(config, line=201, indent=0), KconfigLine(type_bool, line=202, indent=4), KconfigLine(depends_on, line=203, indent=4), KconfigLine(help, line=204, indent=4), KconfigLine(other, line=205, indent=8), KconfigLine(other, line=206, indent=8), KconfigLine(other, line=207, indent=8), KconfigLine(other, line=208, indent=8), KconfigLine(empty, line=209, indent=0), KconfigLine(config, line=210, indent=0), KconfigLine(type_bool, line=211, indent=4), KconfigLine(depends_on, line=212, indent=4), KconfigLine(help, line=213, indent=4), KconfigLine(other, line=214, indent=8), KconfigLine(other, line=215, indent=8), KconfigLine(other, line=216, indent=8), KconfigLine(empty, line=217, indent=0), KconfigLine(endchoice, line=218, indent=0), KconfigLine(empty, line=219, indent=0), KconfigLine(config, line=220, indent=0), KconfigLine(type_bool, line=221, indent=4), KconfigLine(depends_on, line=222, indent=4), KconfigLine(help, line=223, indent=4), KconfigLine(other, line=224, indent=8), KconfigLine(other, line=225, indent=8), KconfigLine(other, line=226, indent=8), KconfigLine(other, line=227, indent=8), KconfigLine(other, line=228, indent=8), KconfigLine(empty, line=229, indent=0), KconfigLine(choice, line=230, indent=0), KconfigLine(default, line=232, indent=4), KconfigLine(help, line=233, indent=4), KconfigLine(other, line=234, indent=8), KconfigLine(other, line=235, indent=8), KconfigLine(other, line=236, indent=8), KconfigLine(other, line=237, indent=8), KconfigLine(other, line=238, indent=8), KconfigLine(empty, line=239, indent=0), KconfigLine(config, line=240, indent=0), KconfigLine(type_bool, line=241, indent=4), KconfigLine(empty, line=242, indent=0), KconfigLine(config, line=243, indent=0), KconfigLine(type_bool, line=244, indent=4), KconfigLine(empty, line=245, indent=0), KconfigLine(config, line=246, indent=0), KconfigLine(type_bool, line=247, indent=4), KconfigLine(empty, line=248, indent=0), KconfigLine(config, line=249, indent=0), KconfigLine(type_bool, line=250, indent=4), KconfigLine(empty, line=251, indent=0), KconfigLine(config, line=252, indent=0), KconfigLine(type_bool, line=253, indent=4), KconfigLine(empty, line=254, indent=0), KconfigLine(config, line=255, indent=0), KconfigLine(type_bool, line=256, indent=4), KconfigLine(empty, line=257, indent=0), KconfigLine(config, line=258, indent=0), KconfigLine(type_bool, line=259, indent=4), KconfigLine(empty, line=260, indent=0), KconfigLine(config, line=261, indent=0), KconfigLine(type_bool, line=262, indent=4), KconfigLine(empty, line=263, indent=0), KconfigLine(if, line=264, indent=0), KconfigLine(empty, line=265, indent=0), KconfigLine(config, line=266, indent=0), KconfigLine(type_bool, line=267, indent=4), KconfigLine(empty, line=268, indent=0), KconfigLine(config, line=269, indent=0), KconfigLine(type_bool, line=270, indent=4), KconfigLine(empty, line=271, indent=0), KconfigLine(config, line=272, indent=0), KconfigLine(type_bool, line=273, indent=4), KconfigLine(empty, line=274, indent=0), KconfigLine(config, line=275, indent=0), KconfigLine(type_bool, line=276, indent=4), KconfigLine(empty, line=277, indent=0), KconfigLine(config, line=278, indent=0), KconfigLine(type_bool, line=279, indent=4), KconfigLine(empty, line=280, indent=0), KconfigLine(config, line=281, indent=0), KconfigLine(type_bool, line=282, indent=4), KconfigLine(empty, line=283, indent=0), KconfigLine(config, line=284, indent=0), KconfigLine(type_bool, line=285, indent=4), KconfigLine(empty, line=286, indent=0), KconfigLine(config, line=287, indent=0), KconfigLine(type_bool, line=288, indent=4), KconfigLine(empty, line=289, indent=0), KconfigLine(endif, line=290, indent=0), KconfigLine(empty, line=291, indent=0), KconfigLine(endchoice, line=292, indent=0)]
current_indx: 294 - choice_attr_end: 302
PROCESS choice: [KconfigLine(menu, line=1, indent=0), KconfigLine(depends_on, line=2, indent=4), KconfigLine(empty, line=3, indent=0), KconfigLine(choice, line=4, indent=0), KconfigLine(depends_on, line=6, indent=4), KconfigLine(default, line=7, indent=4), KconfigLine(help, line=8, indent=4), KconfigLine(other, line=9, indent=8), KconfigLine(empty, line=10, indent=0), KconfigLine(if, line=11, indent=0), KconfigLine(empty, line=12, indent=0), KconfigLine(config, line=13, indent=0), KconfigLine(type_bool, line=14, indent=4), KconfigLine(empty, line=15, indent=0), KconfigLine(config, line=16, indent=0), KconfigLine(type_bool, line=17, indent=4), KconfigLine(empty, line=18, indent=0), KconfigLine(config, line=19, indent=0), KconfigLine(type_bool, line=20, indent=4), KconfigLine(empty, line=21, indent=0), KconfigLine(config, line=22, indent=0), KconfigLine(type_bool, line=23, indent=4), KconfigLine(empty, line=24, indent=0), KconfigLine(config, line=25, indent=0), KconfigLine(type_bool, line=26, indent=4), KconfigLine(empty, line=27, indent=0), KconfigLine(endif, line=28, indent=0), KconfigLine(empty, line=29, indent=0), KconfigLine(config, line=30, indent=0), KconfigLine(type_bool, line=31, indent=4), KconfigLine(empty, line=32, indent=0), KconfigLine(config, line=33, indent=0), KconfigLine(type_bool, line=34, indent=4), KconfigLine(empty, line=35, indent=0), KconfigLine(if, line=36, indent=0), KconfigLine(empty, line=37, indent=0), KconfigLine(config, line=38, indent=0), KconfigLine(type_bool, line=39, indent=4), KconfigLine(empty, line=40, indent=0), KconfigLine(config, line=41, indent=0), KconfigLine(type_bool, line=42, indent=4), KconfigLine(empty, line=43, indent=0), KconfigLine(config, line=44, indent=0), KconfigLine(type_bool, line=45, indent=4), KconfigLine(empty, line=46, indent=0), KconfigLine(config, line=47, indent=0), KconfigLine(type_bool, line=48, indent=4), KconfigLine(empty, line=49, indent=0), KconfigLine(endif, line=50, indent=0), KconfigLine(empty, line=51, indent=0), KconfigLine(endchoice, line=52, indent=0), KconfigLine(empty, line=53, indent=0), KconfigLine(choice, line=54, indent=0), KconfigLine(depends_on, line=56, indent=4), KconfigLine(default, line=57, indent=4), KconfigLine(help, line=58, indent=4), KconfigLine(other, line=59, indent=8), KconfigLine(other, line=60, indent=8), KconfigLine(other, line=61, indent=8), KconfigLine(other, line=62, indent=8), KconfigLine(other, line=63, indent=8), KconfigLine(other, line=64, indent=8), KconfigLine(other, line=65, indent=8), KconfigLine(empty, line=66, indent=0), KconfigLine(config, line=67, indent=0), KconfigLine(type_bool, line=68, indent=4), KconfigLine(empty, line=69, indent=0), KconfigLine(config, line=70, indent=0), KconfigLine(type_bool, line=71, indent=4), KconfigLine(empty, line=72, indent=0), KconfigLine(endchoice, line=73, indent=0), KconfigLine(empty, line=74, indent=0), KconfigLine(if, line=75, indent=0), KconfigLine(empty, line=76, indent=0), KconfigLine(menu, line=77, indent=0), KconfigLine(empty, line=78, indent=0), KconfigLine(config, line=79, indent=0), KconfigLine(type_string, line=80, indent=4), KconfigLine(default, line=81, indent=4), KconfigLine(help, line=82, indent=4), KconfigLine(other, line=83, indent=8), KconfigLine(empty, line=84, indent=0), KconfigLine(config, line=85, indent=0), KconfigLine(type_string, line=86, indent=4), KconfigLine(default, line=87, indent=4), KconfigLine(help, line=88, indent=4), KconfigLine(other, line=89, indent=8), KconfigLine(empty, line=90, indent=0), KconfigLine(if, line=91, indent=0), KconfigLine(empty, line=92, indent=0), KconfigLine(config, line=93, indent=0), KconfigLine(type_string, line=94, indent=4), KconfigLine(default, line=95, indent=4), KconfigLine(help, line=96, indent=4), KconfigLine(other, line=97, indent=8), KconfigLine(empty, line=98, indent=0), KconfigLine(config, line=99, indent=0), KconfigLine(type_string, line=100, indent=4), KconfigLine(default, line=101, indent=4), KconfigLine(help, line=102, indent=4), KconfigLine(other, line=103, indent=8), KconfigLine(empty, line=104, indent=0), KconfigLine(endif, line=105, indent=0), KconfigLine(empty, line=106, indent=0), KconfigLine(if, line=107, indent=0), KconfigLine(empty, line=108, indent=0), KconfigLine(config, line=109, indent=0), KconfigLine(type_string, line=110, indent=4), KconfigLine(default, line=111, indent=4), KconfigLine(help, line=112, indent=4), KconfigLine(other, line=113, indent=8), KconfigLine(empty, line=114, indent=0), KconfigLine(endif, line=115, indent=0), KconfigLine(empty, line=116, indent=0), KconfigLine(endmenu, line=117, indent=0), KconfigLine(empty, line=118, indent=0), KconfigLine(endif, line=119, indent=0), KconfigLine(empty, line=120, indent=0), KconfigLine(if, line=121, indent=0), KconfigLine(empty, line=122, indent=0), KconfigLine(menu, line=123, indent=0), KconfigLine(empty, line=124, indent=0), KconfigLine(config, line=125, indent=0), KconfigLine(type_string, line=126, indent=4), KconfigLine(default, line=127, indent=4), KconfigLine(help, line=128, indent=4), KconfigLine(other, line=129, indent=8), KconfigLine(empty, line=130, indent=0), KconfigLine(config, line=131, indent=0), KconfigLine(type_string, line=132, indent=4), KconfigLine(default, line=133, indent=4), KconfigLine(help, line=134, indent=4), KconfigLine(other, line=135, indent=8), KconfigLine(empty, line=136, indent=0), KconfigLine(if, line=137, indent=0), KconfigLine(empty, line=138, indent=0), KconfigLine(config, line=139, indent=0), KconfigLine(type_string, line=140, indent=4), KconfigLine(default, line=141, indent=4), KconfigLine(help, line=142, indent=4), KconfigLine(other, line=143, indent=8), KconfigLine(empty, line=144, indent=0), KconfigLine(config, line=145, indent=0), KconfigLine(type_string, line=146, indent=4), KconfigLine(default, line=147, indent=4), KconfigLine(help, line=148, indent=4), KconfigLine(other, line=149, indent=8), KconfigLine(empty, line=150, indent=0), KconfigLine(config, line=151, indent=0), KconfigLine(type_string, line=152, indent=4), KconfigLine(default, line=153, indent=4), KconfigLine(help, line=154, indent=4), KconfigLine(other, line=155, indent=8), KconfigLine(empty, line=156, indent=0), KconfigLine(config, line=157, indent=0), KconfigLine(type_string, line=158, indent=4), KconfigLine(default, line=159, indent=4), KconfigLine(help, line=160, indent=4), KconfigLine(other, line=161, indent=8), KconfigLine(empty, line=162, indent=0), KconfigLine(endif, line=163, indent=0), KconfigLine(empty, line=164, indent=0), KconfigLine(if, line=165, indent=0), KconfigLine(empty, line=166, indent=0), KconfigLine(config, line=167, indent=4), KconfigLine(type_string, line=168, indent=4), KconfigLine(default, line=169, indent=4), KconfigLine(help, line=170, indent=4), KconfigLine(other, line=171, indent=8), KconfigLine(empty, line=172, indent=0), KconfigLine(endif, line=173, indent=0), KconfigLine(empty, line=174, indent=0), KconfigLine(endmenu, line=175, indent=0), KconfigLine(empty, line=176, indent=0), KconfigLine(endif, line=177, indent=0), KconfigLine(empty, line=178, indent=0), KconfigLine(choice, line=179, indent=0), KconfigLine(depends_on, line=181, indent=4), KconfigLine(default, line=182, indent=4), KconfigLine(help, line=183, indent=4), KconfigLine(other, line=184, indent=8), KconfigLine(other, line=185, indent=8), KconfigLine(other, line=186, indent=8), KconfigLine(other, line=187, indent=8), KconfigLine(other, line=188, indent=8), KconfigLine(other, line=189, indent=8), KconfigLine(other, line=190, indent=8), KconfigLine(empty, line=191, indent=0), KconfigLine(config, line=192, indent=0), KconfigLine(type_bool, line=193, indent=4), KconfigLine(help, line=194, indent=4), KconfigLine(other, line=195, indent=8), KconfigLine(other, line=196, indent=8), KconfigLine(other, line=197, indent=8), KconfigLine(other, line=198, indent=8), KconfigLine(other, line=199, indent=8), KconfigLine(empty, line=200, indent=0), KconfigLine(config, line=201, indent=0), KconfigLine(type_bool, line=202, indent=4), KconfigLine(depends_on, line=203, indent=4), KconfigLine(help, line=204, indent=4), KconfigLine(other, line=205, indent=8), KconfigLine(other, line=206, indent=8), KconfigLine(other, line=207, indent=8), KconfigLine(other, line=208, indent=8), KconfigLine(empty, line=209, indent=0), KconfigLine(config, line=210, indent=0), KconfigLine(type_bool, line=211, indent=4), KconfigLine(depends_on, line=212, indent=4), KconfigLine(help, line=213, indent=4), KconfigLine(other, line=214, indent=8), KconfigLine(other, line=215, indent=8), KconfigLine(other, line=216, indent=8), KconfigLine(empty, line=217, indent=0), KconfigLine(endchoice, line=218, indent=0), KconfigLine(empty, line=219, indent=0), KconfigLine(config, line=220, indent=0), KconfigLine(type_bool, line=221, indent=4), KconfigLine(depends_on, line=222, indent=4), KconfigLine(help, line=223, indent=4), KconfigLine(other, line=224, indent=8), KconfigLine(other, line=225, indent=8), KconfigLine(other, line=226, indent=8), KconfigLine(other, line=227, indent=8), KconfigLine(other, line=228, indent=8), KconfigLine(empty, line=229, indent=0), KconfigLine(choice, line=230, indent=0), KconfigLine(default, line=232, indent=4), KconfigLine(help, line=233, indent=4), KconfigLine(other, line=234, indent=8), KconfigLine(other, line=235, indent=8), KconfigLine(other, line=236, indent=8), KconfigLine(other, line=237, indent=8), KconfigLine(other, line=238, indent=8), KconfigLine(empty, line=239, indent=0), KconfigLine(config, line=240, indent=0), KconfigLine(type_bool, line=241, indent=4), KconfigLine(empty, line=242, indent=0), KconfigLine(config, line=243, indent=0), KconfigLine(type_bool, line=244, indent=4), KconfigLine(empty, line=245, indent=0), KconfigLine(config, line=246, indent=0), KconfigLine(type_bool, line=247, indent=4), KconfigLine(empty, line=248, indent=0), KconfigLine(config, line=249, indent=0), KconfigLine(type_bool, line=250, indent=4), KconfigLine(empty, line=251, indent=0), KconfigLine(config, line=252, indent=0), KconfigLine(type_bool, line=253, indent=4), KconfigLine(empty, line=254, indent=0), KconfigLine(config, line=255, indent=0), KconfigLine(type_bool, line=256, indent=4), KconfigLine(empty, line=257, indent=0), KconfigLine(config, line=258, indent=0), KconfigLine(type_bool, line=259, indent=4), KconfigLine(empty, line=260, indent=0), KconfigLine(config, line=261, indent=0), KconfigLine(type_bool, line=262, indent=4), KconfigLine(empty, line=263, indent=0), KconfigLine(if, line=264, indent=0), KconfigLine(empty, line=265, indent=0), KconfigLine(config, line=266, indent=0), KconfigLine(type_bool, line=267, indent=4), KconfigLine(empty, line=268, indent=0), KconfigLine(config, line=269, indent=0), KconfigLine(type_bool, line=270, indent=4), KconfigLine(empty, line=271, indent=0), KconfigLine(config, line=272, indent=0), KconfigLine(type_bool, line=273, indent=4), KconfigLine(empty, line=274, indent=0), KconfigLine(config, line=275, indent=0), KconfigLine(type_bool, line=276, indent=4), KconfigLine(empty, line=277, indent=0), KconfigLine(config, line=278, indent=0), KconfigLine(type_bool, line=279, indent=4), KconfigLine(empty, line=280, indent=0), KconfigLine(config, line=281, indent=0), KconfigLine(type_bool, line=282, indent=4), KconfigLine(empty, line=283, indent=0), KconfigLine(config, line=284, indent=0), KconfigLine(type_bool, line=285, indent=4), KconfigLine(empty, line=286, indent=0), KconfigLine(config, line=287, indent=0), KconfigLine(type_bool, line=288, indent=4), KconfigLine(empty, line=289, indent=0), KconfigLine(endif, line=290, indent=0), KconfigLine(empty, line=291, indent=0), KconfigLine(endchoice, line=292, indent=0), KconfigLine(empty, line=293, indent=0), KconfigLine(choice, line=294, indent=0), KconfigLine(depends_on, line=296, indent=4), KconfigLine(default, line=297, indent=4), KconfigLine(help, line=298, indent=4), KconfigLine(other, line=299, indent=8), KconfigLine(other, line=300, indent=8), KconfigLine(other, line=301, indent=8), KconfigLine(empty, line=302, indent=0), KconfigLine(config, line=303, indent=0), KconfigLine(type_bool, line=304, indent=4), KconfigLine(empty, line=305, indent=0), KconfigLine(config, line=306, indent=0), KconfigLine(type_bool, line=307, indent=4), KconfigLine(empty, line=308, indent=0), KconfigLine(config, line=309, indent=0), KconfigLine(type_bool, line=310, indent=4), KconfigLine(empty, line=311, indent=0), KconfigLine(config, line=312, indent=0), KconfigLine(type_bool, line=313, indent=4), KconfigLine(empty, line=314, indent=0), KconfigLine(config, line=315, indent=0), KconfigLine(type_bool, line=316, indent=4), KconfigLine(empty, line=317, indent=0), KconfigLine(config, line=318, indent=0), KconfigLine(type_bool, line=319, indent=4), KconfigLine(empty, line=320, indent=0), KconfigLine(config, line=321, indent=0), KconfigLine(type_bool, line=322, indent=4), KconfigLine(empty, line=323, indent=0), KconfigLine(config, line=324, indent=0), KconfigLine(type_bool, line=325, indent=4), KconfigLine(empty, line=326, indent=0), KconfigLine(if, line=327, indent=0), KconfigLine(empty, line=328, indent=0), KconfigLine(config, line=329, indent=0), KconfigLine(type_bool, line=330, indent=4), KconfigLine(empty, line=331, indent=0), KconfigLine(config, line=332, indent=0), KconfigLine(type_bool, line=333, indent=4), KconfigLine(empty, line=334, indent=0), KconfigLine(config, line=335, indent=0), KconfigLine(type_bool, line=336, indent=4), KconfigLine(empty, line=337, indent=0), KconfigLine(config, line=338, indent=0), KconfigLine(type_bool, line=339, indent=4), KconfigLine(empty, line=340, indent=0), KconfigLine(config, line=341, indent=0), KconfigLine(type_bool, line=342, indent=4), KconfigLine(empty, line=343, indent=0), KconfigLine(config, line=344, indent=0), KconfigLine(type_bool, line=345, indent=4), KconfigLine(empty, line=346, indent=0), KconfigLine(config, line=347, indent=0), KconfigLine(type_bool, line=348, indent=4), KconfigLine(empty, line=349, indent=0), KconfigLine(config, line=350, indent=0), KconfigLine(type_bool, line=351, indent=4), KconfigLine(empty, line=352, indent=0), KconfigLine(endif, line=353, indent=0), KconfigLine(empty, line=354, indent=0), KconfigLine(endchoice, line=355, indent=0)]
current_indx: 369 - choice_attr_end: 378
PROCESS choice: [KconfigLine(menu, line=1, indent=0), KconfigLine(depends_on, line=2, indent=4), KconfigLine(empty, line=3, indent=0), KconfigLine(choice, line=4, indent=0), KconfigLine(depends_on, line=6, indent=4), KconfigLine(default, line=7, indent=4), KconfigLine(help, line=8, indent=4), KconfigLine(other, line=9, indent=8), KconfigLine(empty, line=10, indent=0), KconfigLine(if, line=11, indent=0), KconfigLine(empty, line=12, indent=0), KconfigLine(config, line=13, indent=0), KconfigLine(type_bool, line=14, indent=4), KconfigLine(empty, line=15, indent=0), KconfigLine(config, line=16, indent=0), KconfigLine(type_bool, line=17, indent=4), KconfigLine(empty, line=18, indent=0), KconfigLine(config, line=19, indent=0), KconfigLine(type_bool, line=20, indent=4), KconfigLine(empty, line=21, indent=0), KconfigLine(config, line=22, indent=0), KconfigLine(type_bool, line=23, indent=4), KconfigLine(empty, line=24, indent=0), KconfigLine(config, line=25, indent=0), KconfigLine(type_bool, line=26, indent=4), KconfigLine(empty, line=27, indent=0), KconfigLine(endif, line=28, indent=0), KconfigLine(empty, line=29, indent=0), KconfigLine(config, line=30, indent=0), KconfigLine(type_bool, line=31, indent=4), KconfigLine(empty, line=32, indent=0), KconfigLine(config, line=33, indent=0), KconfigLine(type_bool, line=34, indent=4), KconfigLine(empty, line=35, indent=0), KconfigLine(if, line=36, indent=0), KconfigLine(empty, line=37, indent=0), KconfigLine(config, line=38, indent=0), KconfigLine(type_bool, line=39, indent=4), KconfigLine(empty, line=40, indent=0), KconfigLine(config, line=41, indent=0), KconfigLine(type_bool, line=42, indent=4), KconfigLine(empty, line=43, indent=0), KconfigLine(config, line=44, indent=0), KconfigLine(type_bool, line=45, indent=4), KconfigLine(empty, line=46, indent=0), KconfigLine(config, line=47, indent=0), KconfigLine(type_bool, line=48, indent=4), KconfigLine(empty, line=49, indent=0), KconfigLine(endif, line=50, indent=0), KconfigLine(empty, line=51, indent=0), KconfigLine(endchoice, line=52, indent=0), KconfigLine(empty, line=53, indent=0), KconfigLine(choice, line=54, indent=0), KconfigLine(depends_on, line=56, indent=4), KconfigLine(default, line=57, indent=4), KconfigLine(help, line=58, indent=4), KconfigLine(other, line=59, indent=8), KconfigLine(other, line=60, indent=8), KconfigLine(other, line=61, indent=8), KconfigLine(other, line=62, indent=8), KconfigLine(other, line=63, indent=8), KconfigLine(other, line=64, indent=8), KconfigLine(other, line=65, indent=8), KconfigLine(empty, line=66, indent=0), KconfigLine(config, line=67, indent=0), KconfigLine(type_bool, line=68, indent=4), KconfigLine(empty, line=69, indent=0), KconfigLine(config, line=70, indent=0), KconfigLine(type_bool, line=71, indent=4), KconfigLine(empty, line=72, indent=0), KconfigLine(endchoice, line=73, indent=0), KconfigLine(empty, line=74, indent=0), KconfigLine(if, line=75, indent=0), KconfigLine(empty, line=76, indent=0), KconfigLine(menu, line=77, indent=0), KconfigLine(empty, line=78, indent=0), KconfigLine(config, line=79, indent=0), KconfigLine(type_string, line=80, indent=4), KconfigLine(default, line=81, indent=4), KconfigLine(help, line=82, indent=4), KconfigLine(other, line=83, indent=8), KconfigLine(empty, line=84, indent=0), KconfigLine(config, line=85, indent=0), KconfigLine(type_string, line=86, indent=4), KconfigLine(default, line=87, indent=4), KconfigLine(help, line=88, indent=4), KconfigLine(other, line=89, indent=8), KconfigLine(empty, line=90, indent=0), KconfigLine(if, line=91, indent=0), KconfigLine(empty, line=92, indent=0), KconfigLine(config, line=93, indent=0), KconfigLine(type_string, line=94, indent=4), KconfigLine(default, line=95, indent=4), KconfigLine(help, line=96, indent=4), KconfigLine(other, line=97, indent=8), KconfigLine(empty, line=98, indent=0), KconfigLine(config, line=99, indent=0), KconfigLine(type_string, line=100, indent=4), KconfigLine(default, line=101, indent=4), KconfigLine(help, line=102, indent=4), KconfigLine(other, line=103, indent=8), KconfigLine(empty, line=104, indent=0), KconfigLine(endif, line=105, indent=0), KconfigLine(empty, line=106, indent=0), KconfigLine(if, line=107, indent=0), KconfigLine(empty, line=108, indent=0), KconfigLine(config, line=109, indent=0), KconfigLine(type_string, line=110, indent=4), KconfigLine(default, line=111, indent=4), KconfigLine(help, line=112, indent=4), KconfigLine(other, line=113, indent=8), KconfigLine(empty, line=114, indent=0), KconfigLine(endif, line=115, indent=0), KconfigLine(empty, line=116, indent=0), KconfigLine(endmenu, line=117, indent=0), KconfigLine(empty, line=118, indent=0), KconfigLine(endif, line=119, indent=0), KconfigLine(empty, line=120, indent=0), KconfigLine(if, line=121, indent=0), KconfigLine(empty, line=122, indent=0), KconfigLine(menu, line=123, indent=0), KconfigLine(empty, line=124, indent=0), KconfigLine(config, line=125, indent=0), KconfigLine(type_string, line=126, indent=4), KconfigLine(default, line=127, indent=4), KconfigLine(help, line=128, indent=4), KconfigLine(other, line=129, indent=8), KconfigLine(empty, line=130, indent=0), KconfigLine(config, line=131, indent=0), KconfigLine(type_string, line=132, indent=4), KconfigLine(default, line=133, indent=4), KconfigLine(help, line=134, indent=4), KconfigLine(other, line=135, indent=8), KconfigLine(empty, line=136, indent=0), KconfigLine(if, line=137, indent=0), KconfigLine(empty, line=138, indent=0), KconfigLine(config, line=139, indent=0), KconfigLine(type_string, line=140, indent=4), KconfigLine(default, line=141, indent=4), KconfigLine(help, line=142, indent=4), KconfigLine(other, line=143, indent=8), KconfigLine(empty, line=144, indent=0), KconfigLine(config, line=145, indent=0), KconfigLine(type_string, line=146, indent=4), KconfigLine(default, line=147, indent=4), KconfigLine(help, line=148, indent=4), KconfigLine(other, line=149, indent=8), KconfigLine(empty, line=150, indent=0), KconfigLine(config, line=151, indent=0), KconfigLine(type_string, line=152, indent=4), KconfigLine(default, line=153, indent=4), KconfigLine(help, line=154, indent=4), KconfigLine(other, line=155, indent=8), KconfigLine(empty, line=156, indent=0), KconfigLine(config, line=157, indent=0), KconfigLine(type_string, line=158, indent=4), KconfigLine(default, line=159, indent=4), KconfigLine(help, line=160, indent=4), KconfigLine(other, line=161, indent=8), KconfigLine(empty, line=162, indent=0), KconfigLine(endif, line=163, indent=0), KconfigLine(empty, line=164, indent=0), KconfigLine(if, line=165, indent=0), KconfigLine(empty, line=166, indent=0), KconfigLine(config, line=167, indent=4), KconfigLine(type_string, line=168, indent=4), KconfigLine(default, line=169, indent=4), KconfigLine(help, line=170, indent=4), KconfigLine(other, line=171, indent=8), KconfigLine(empty, line=172, indent=0), KconfigLine(endif, line=173, indent=0), KconfigLine(empty, line=174, indent=0), KconfigLine(endmenu, line=175, indent=0), KconfigLine(empty, line=176, indent=0), KconfigLine(endif, line=177, indent=0), KconfigLine(empty, line=178, indent=0), KconfigLine(choice, line=179, indent=0), KconfigLine(depends_on, line=181, indent=4), KconfigLine(default, line=182, indent=4), KconfigLine(help, line=183, indent=4), KconfigLine(other, line=184, indent=8), KconfigLine(other, line=185, indent=8), KconfigLine(other, line=186, indent=8), KconfigLine(other, line=187, indent=8), KconfigLine(other, line=188, indent=8), KconfigLine(other, line=189, indent=8), KconfigLine(other, line=190, indent=8), KconfigLine(empty, line=191, indent=0), KconfigLine(config, line=192, indent=0), KconfigLine(type_bool, line=193, indent=4), KconfigLine(help, line=194, indent=4), KconfigLine(other, line=195, indent=8), KconfigLine(other, line=196, indent=8), KconfigLine(other, line=197, indent=8), KconfigLine(other, line=198, indent=8), KconfigLine(other, line=199, indent=8), KconfigLine(empty, line=200, indent=0), KconfigLine(config, line=201, indent=0), KconfigLine(type_bool, line=202, indent=4), KconfigLine(depends_on, line=203, indent=4), KconfigLine(help, line=204, indent=4), KconfigLine(other, line=205, indent=8), KconfigLine(other, line=206, indent=8), KconfigLine(other, line=207, indent=8), KconfigLine(other, line=208, indent=8), KconfigLine(empty, line=209, indent=0), KconfigLine(config, line=210, indent=0), KconfigLine(type_bool, line=211, indent=4), KconfigLine(depends_on, line=212, indent=4), KconfigLine(help, line=213, indent=4), KconfigLine(other, line=214, indent=8), KconfigLine(other, line=215, indent=8), KconfigLine(other, line=216, indent=8), KconfigLine(empty, line=217, indent=0), KconfigLine(endchoice, line=218, indent=0), KconfigLine(empty, line=219, indent=0), KconfigLine(config, line=220, indent=0), KconfigLine(type_bool, line=221, indent=4), KconfigLine(depends_on, line=222, indent=4), KconfigLine(help, line=223, indent=4), KconfigLine(other, line=224, indent=8), KconfigLine(other, line=225, indent=8), KconfigLine(other, line=226, indent=8), KconfigLine(other, line=227, indent=8), KconfigLine(other, line=228, indent=8), KconfigLine(empty, line=229, indent=0), KconfigLine(choice, line=230, indent=0), KconfigLine(default, line=232, indent=4), KconfigLine(help, line=233, indent=4), KconfigLine(other, line=234, indent=8), KconfigLine(other, line=235, indent=8), KconfigLine(other, line=236, indent=8), KconfigLine(other, line=237, indent=8), KconfigLine(other, line=238, indent=8), KconfigLine(empty, line=239, indent=0), KconfigLine(config, line=240, indent=0), KconfigLine(type_bool, line=241, indent=4), KconfigLine(empty, line=242, indent=0), KconfigLine(config, line=243, indent=0), KconfigLine(type_bool, line=244, indent=4), KconfigLine(empty, line=245, indent=0), KconfigLine(config, line=246, indent=0), KconfigLine(type_bool, line=247, indent=4), KconfigLine(empty, line=248, indent=0), KconfigLine(config, line=249, indent=0), KconfigLine(type_bool, line=250, indent=4), KconfigLine(empty, line=251, indent=0), KconfigLine(config, line=252, indent=0), KconfigLine(type_bool, line=253, indent=4), KconfigLine(empty, line=254, indent=0), KconfigLine(config, line=255, indent=0), KconfigLine(type_bool, line=256, indent=4), KconfigLine(empty, line=257, indent=0), KconfigLine(config, line=258, indent=0), KconfigLine(type_bool, line=259, indent=4), KconfigLine(empty, line=260, indent=0), KconfigLine(config, line=261, indent=0), KconfigLine(type_bool, line=262, indent=4), KconfigLine(empty, line=263, indent=0), KconfigLine(if, line=264, indent=0), KconfigLine(empty, line=265, indent=0), KconfigLine(config, line=266, indent=0), KconfigLine(type_bool, line=267, indent=4), KconfigLine(empty, line=268, indent=0), KconfigLine(config, line=269, indent=0), KconfigLine(type_bool, line=270, indent=4), KconfigLine(empty, line=271, indent=0), KconfigLine(config, line=272, indent=0), KconfigLine(type_bool, line=273, indent=4), KconfigLine(empty, line=274, indent=0), KconfigLine(config, line=275, indent=0), KconfigLine(type_bool, line=276, indent=4), KconfigLine(empty, line=277, indent=0), KconfigLine(config, line=278, indent=0), KconfigLine(type_bool, line=279, indent=4), KconfigLine(empty, line=280, indent=0), KconfigLine(config, line=281, indent=0), KconfigLine(type_bool, line=282, indent=4), KconfigLine(empty, line=283, indent=0), KconfigLine(config, line=284, indent=0), KconfigLine(type_bool, line=285, indent=4), KconfigLine(empty, line=286, indent=0), KconfigLine(config, line=287, indent=0), KconfigLine(type_bool, line=288, indent=4), KconfigLine(empty, line=289, indent=0), KconfigLine(endif, line=290, indent=0), KconfigLine(empty, line=291, indent=0), KconfigLine(endchoice, line=292, indent=0), KconfigLine(empty, line=293, indent=0), KconfigLine(choice, line=294, indent=0), KconfigLine(depends_on, line=296, indent=4), KconfigLine(default, line=297, indent=4), KconfigLine(help, line=298, indent=4), KconfigLine(other, line=299, indent=8), KconfigLine(other, line=300, indent=8), KconfigLine(other, line=301, indent=8), KconfigLine(empty, line=302, indent=0), KconfigLine(config, line=303, indent=0), KconfigLine(type_bool, line=304, indent=4), KconfigLine(empty, line=305, indent=0), KconfigLine(config, line=306, indent=0), KconfigLine(type_bool, line=307, indent=4), KconfigLine(empty, line=308, indent=0), KconfigLine(config, line=309, indent=0), KconfigLine(type_bool, line=310, indent=4), KconfigLine(empty, line=311, indent=0), KconfigLine(config, line=312, indent=0), KconfigLine(type_bool, line=313, indent=4), KconfigLine(empty, line=314, indent=0), KconfigLine(config, line=315, indent=0), KconfigLine(type_bool, line=316, indent=4), KconfigLine(empty, line=317, indent=0), KconfigLine(config, line=318, indent=0), KconfigLine(type_bool, line=319, indent=4), KconfigLine(empty, line=320, indent=0), KconfigLine(config, line=321, indent=0), KconfigLine(type_bool, line=322, indent=4), KconfigLine(empty, line=323, indent=0), KconfigLine(config, line=324, indent=0), KconfigLine(type_bool, line=325, indent=4), KconfigLine(empty, line=326, indent=0), KconfigLine(if, line=327, indent=0), KconfigLine(empty, line=328, indent=0), KconfigLine(config, line=329, indent=0), KconfigLine(type_bool, line=330, indent=4), KconfigLine(empty, line=331, indent=0), KconfigLine(config, line=332, indent=0), KconfigLine(type_bool, line=333, indent=4), KconfigLine(empty, line=334, indent=0), KconfigLine(config, line=335, indent=0), KconfigLine(type_bool, line=336, indent=4), KconfigLine(empty, line=337, indent=0), KconfigLine(config, line=338, indent=0), KconfigLine(type_bool, line=339, indent=4), KconfigLine(empty, line=340, indent=0), KconfigLine(config, line=341, indent=0), KconfigLine(type_bool, line=342, indent=4), KconfigLine(empty, line=343, indent=0), KconfigLine(config, line=344, indent=0), KconfigLine(type_bool, line=345, indent=4), KconfigLine(empty, line=346, indent=0), KconfigLine(config, line=347, indent=0), KconfigLine(type_bool, line=348, indent=4), KconfigLine(empty, line=349, indent=0), KconfigLine(config, line=350, indent=0), KconfigLine(type_bool, line=351, indent=4), KconfigLine(empty, line=352, indent=0), KconfigLine(endif, line=353, indent=0), KconfigLine(empty, line=354, indent=0), KconfigLine(endchoice, line=355, indent=0), KconfigLine(empty, line=356, indent=0), KconfigLine(config, line=357, indent=0), KconfigLine(type_int, line=358, indent=4), KconfigLine(default, line=359, indent=4), KconfigLine(range, line=360, indent=4), KconfigLine(help, line=361, indent=4), KconfigLine(other, line=362, indent=8), KconfigLine(other, line=363, indent=8), KconfigLine(other, line=364, indent=8), KconfigLine(other, line=365, indent=8), KconfigLine(other, line=366, indent=8), KconfigLine(other, line=367, indent=8), KconfigLine(empty, line=368, indent=0), KconfigLine(choice, line=369, indent=0), KconfigLine(default, line=371, indent=4), KconfigLine(help, line=372, indent=4), KconfigLine(other, line=373, indent=8), KconfigLine(other, line=374, indent=8), KconfigLine(other, line=375, indent=8), KconfigLine(other, line=376, indent=8), KconfigLine(other, line=377, indent=8), KconfigLine(empty, line=378, indent=0), KconfigLine(config, line=379, indent=0), KconfigLine(type_bool, line=380, indent=4), KconfigLine(empty, line=381, indent=0), KconfigLine(config, line=382, indent=0), KconfigLine(type_bool, line=383, indent=4), KconfigLine(empty, line=384, indent=0), KconfigLine(endchoice, line=385, indent=0)]
current_indx: 442 - choice_attr_end: 450
PROCESS choice: [KconfigLine(menu, line=1, indent=0), KconfigLine(depends_on, line=2, indent=4), KconfigLine(empty, line=3, indent=0), KconfigLine(choice, line=4, indent=0), KconfigLine(depends_on, line=6, indent=4), KconfigLine(default, line=7, indent=4), KconfigLine(help, line=8, indent=4), KconfigLine(other, line=9, indent=8), KconfigLine(empty, line=10, indent=0), KconfigLine(if, line=11, indent=0), KconfigLine(empty, line=12, indent=0), KconfigLine(config, line=13, indent=0), KconfigLine(type_bool, line=14, indent=4), KconfigLine(empty, line=15, indent=0), KconfigLine(config, line=16, indent=0), KconfigLine(type_bool, line=17, indent=4), KconfigLine(empty, line=18, indent=0), KconfigLine(config, line=19, indent=0), KconfigLine(type_bool, line=20, indent=4), KconfigLine(empty, line=21, indent=0), KconfigLine(config, line=22, indent=0), KconfigLine(type_bool, line=23, indent=4), KconfigLine(empty, line=24, indent=0), KconfigLine(config, line=25, indent=0), KconfigLine(type_bool, line=26, indent=4), KconfigLine(empty, line=27, indent=0), KconfigLine(endif, line=28, indent=0), KconfigLine(empty, line=29, indent=0), KconfigLine(config, line=30, indent=0), KconfigLine(type_bool, line=31, indent=4), KconfigLine(empty, line=32, indent=0), KconfigLine(config, line=33, indent=0), KconfigLine(type_bool, line=34, indent=4), KconfigLine(empty, line=35, indent=0), KconfigLine(if, line=36, indent=0), KconfigLine(empty, line=37, indent=0), KconfigLine(config, line=38, indent=0), KconfigLine(type_bool, line=39, indent=4), KconfigLine(empty, line=40, indent=0), KconfigLine(config, line=41, indent=0), KconfigLine(type_bool, line=42, indent=4), KconfigLine(empty, line=43, indent=0), KconfigLine(config, line=44, indent=0), KconfigLine(type_bool, line=45, indent=4), KconfigLine(empty, line=46, indent=0), KconfigLine(config, line=47, indent=0), KconfigLine(type_bool, line=48, indent=4), KconfigLine(empty, line=49, indent=0), KconfigLine(endif, line=50, indent=0), KconfigLine(empty, line=51, indent=0), KconfigLine(endchoice, line=52, indent=0), KconfigLine(empty, line=53, indent=0), KconfigLine(choice, line=54, indent=0), KconfigLine(depends_on, line=56, indent=4), KconfigLine(default, line=57, indent=4), KconfigLine(help, line=58, indent=4), KconfigLine(other, line=59, indent=8), KconfigLine(other, line=60, indent=8), KconfigLine(other, line=61, indent=8), KconfigLine(other, line=62, indent=8), KconfigLine(other, line=63, indent=8), KconfigLine(other, line=64, indent=8), KconfigLine(other, line=65, indent=8), KconfigLine(empty, line=66, indent=0), KconfigLine(config, line=67, indent=0), KconfigLine(type_bool, line=68, indent=4), KconfigLine(empty, line=69, indent=0), KconfigLine(config, line=70, indent=0), KconfigLine(type_bool, line=71, indent=4), KconfigLine(empty, line=72, indent=0), KconfigLine(endchoice, line=73, indent=0), KconfigLine(empty, line=74, indent=0), KconfigLine(if, line=75, indent=0), KconfigLine(empty, line=76, indent=0), KconfigLine(menu, line=77, indent=0), KconfigLine(empty, line=78, indent=0), KconfigLine(config, line=79, indent=0), KconfigLine(type_string, line=80, indent=4), KconfigLine(default, line=81, indent=4), KconfigLine(help, line=82, indent=4), KconfigLine(other, line=83, indent=8), KconfigLine(empty, line=84, indent=0), KconfigLine(config, line=85, indent=0), KconfigLine(type_string, line=86, indent=4), KconfigLine(default, line=87, indent=4), KconfigLine(help, line=88, indent=4), KconfigLine(other, line=89, indent=8), KconfigLine(empty, line=90, indent=0), KconfigLine(if, line=91, indent=0), KconfigLine(empty, line=92, indent=0), KconfigLine(config, line=93, indent=0), KconfigLine(type_string, line=94, indent=4), KconfigLine(default, line=95, indent=4), KconfigLine(help, line=96, indent=4), KconfigLine(other, line=97, indent=8), KconfigLine(empty, line=98, indent=0), KconfigLine(config, line=99, indent=0), KconfigLine(type_string, line=100, indent=4), KconfigLine(default, line=101, indent=4), KconfigLine(help, line=102, indent=4), KconfigLine(other, line=103, indent=8), KconfigLine(empty, line=104, indent=0), KconfigLine(endif, line=105, indent=0), KconfigLine(empty, line=106, indent=0), KconfigLine(if, line=107, indent=0), KconfigLine(empty, line=108, indent=0), KconfigLine(config, line=109, indent=0), KconfigLine(type_string, line=110, indent=4), KconfigLine(default, line=111, indent=4), KconfigLine(help, line=112, indent=4), KconfigLine(other, line=113, indent=8), KconfigLine(empty, line=114, indent=0), KconfigLine(endif, line=115, indent=0), KconfigLine(empty, line=116, indent=0), KconfigLine(endmenu, line=117, indent=0), KconfigLine(empty, line=118, indent=0), KconfigLine(endif, line=119, indent=0), KconfigLine(empty, line=120, indent=0), KconfigLine(if, line=121, indent=0), KconfigLine(empty, line=122, indent=0), KconfigLine(menu, line=123, indent=0), KconfigLine(empty, line=124, indent=0), KconfigLine(config, line=125, indent=0), KconfigLine(type_string, line=126, indent=4), KconfigLine(default, line=127, indent=4), KconfigLine(help, line=128, indent=4), KconfigLine(other, line=129, indent=8), KconfigLine(empty, line=130, indent=0), KconfigLine(config, line=131, indent=0), KconfigLine(type_string, line=132, indent=4), KconfigLine(default, line=133, indent=4), KconfigLine(help, line=134, indent=4), KconfigLine(other, line=135, indent=8), KconfigLine(empty, line=136, indent=0), KconfigLine(if, line=137, indent=0), KconfigLine(empty, line=138, indent=0), KconfigLine(config, line=139, indent=0), KconfigLine(type_string, line=140, indent=4), KconfigLine(default, line=141, indent=4), KconfigLine(help, line=142, indent=4), KconfigLine(other, line=143, indent=8), KconfigLine(empty, line=144, indent=0), KconfigLine(config, line=145, indent=0), KconfigLine(type_string, line=146, indent=4), KconfigLine(default, line=147, indent=4), KconfigLine(help, line=148, indent=4), KconfigLine(other, line=149, indent=8), KconfigLine(empty, line=150, indent=0), KconfigLine(config, line=151, indent=0), KconfigLine(type_string, line=152, indent=4), KconfigLine(default, line=153, indent=4), KconfigLine(help, line=154, indent=4), KconfigLine(other, line=155, indent=8), KconfigLine(empty, line=156, indent=0), KconfigLine(config, line=157, indent=0), KconfigLine(type_string, line=158, indent=4), KconfigLine(default, line=159, indent=4), KconfigLine(help, line=160, indent=4), KconfigLine(other, line=161, indent=8), KconfigLine(empty, line=162, indent=0), KconfigLine(endif, line=163, indent=0), KconfigLine(empty, line=164, indent=0), KconfigLine(if, line=165, indent=0), KconfigLine(empty, line=166, indent=0), KconfigLine(config, line=167, indent=4), KconfigLine(type_string, line=168, indent=4), KconfigLine(default, line=169, indent=4), KconfigLine(help, line=170, indent=4), KconfigLine(other, line=171, indent=8), KconfigLine(empty, line=172, indent=0), KconfigLine(endif, line=173, indent=0), KconfigLine(empty, line=174, indent=0), KconfigLine(endmenu, line=175, indent=0), KconfigLine(empty, line=176, indent=0), KconfigLine(endif, line=177, indent=0), KconfigLine(empty, line=178, indent=0), KconfigLine(choice, line=179, indent=0), KconfigLine(depends_on, line=181, indent=4), KconfigLine(default, line=182, indent=4), KconfigLine(help, line=183, indent=4), KconfigLine(other, line=184, indent=8), KconfigLine(other, line=185, indent=8), KconfigLine(other, line=186, indent=8), KconfigLine(other, line=187, indent=8), KconfigLine(other, line=188, indent=8), KconfigLine(other, line=189, indent=8), KconfigLine(other, line=190, indent=8), KconfigLine(empty, line=191, indent=0), KconfigLine(config, line=192, indent=0), KconfigLine(type_bool, line=193, indent=4), KconfigLine(help, line=194, indent=4), KconfigLine(other, line=195, indent=8), KconfigLine(other, line=196, indent=8), KconfigLine(other, line=197, indent=8), KconfigLine(other, line=198, indent=8), KconfigLine(other, line=199, indent=8), KconfigLine(empty, line=200, indent=0), KconfigLine(config, line=201, indent=0), KconfigLine(type_bool, line=202, indent=4), KconfigLine(depends_on, line=203, indent=4), KconfigLine(help, line=204, indent=4), KconfigLine(other, line=205, indent=8), KconfigLine(other, line=206, indent=8), KconfigLine(other, line=207, indent=8), KconfigLine(other, line=208, indent=8), KconfigLine(empty, line=209, indent=0), KconfigLine(config, line=210, indent=0), KconfigLine(type_bool, line=211, indent=4), KconfigLine(depends_on, line=212, indent=4), KconfigLine(help, line=213, indent=4), KconfigLine(other, line=214, indent=8), KconfigLine(other, line=215, indent=8), KconfigLine(other, line=216, indent=8), KconfigLine(empty, line=217, indent=0), KconfigLine(endchoice, line=218, indent=0), KconfigLine(empty, line=219, indent=0), KconfigLine(config, line=220, indent=0), KconfigLine(type_bool, line=221, indent=4), KconfigLine(depends_on, line=222, indent=4), KconfigLine(help, line=223, indent=4), KconfigLine(other, line=224, indent=8), KconfigLine(other, line=225, indent=8), KconfigLine(other, line=226, indent=8), KconfigLine(other, line=227, indent=8), KconfigLine(other, line=228, indent=8), KconfigLine(empty, line=229, indent=0), KconfigLine(choice, line=230, indent=0), KconfigLine(default, line=232, indent=4), KconfigLine(help, line=233, indent=4), KconfigLine(other, line=234, indent=8), KconfigLine(other, line=235, indent=8), KconfigLine(other, line=236, indent=8), KconfigLine(other, line=237, indent=8), KconfigLine(other, line=238, indent=8), KconfigLine(empty, line=239, indent=0), KconfigLine(config, line=240, indent=0), KconfigLine(type_bool, line=241, indent=4), KconfigLine(empty, line=242, indent=0), KconfigLine(config, line=243, indent=0), KconfigLine(type_bool, line=244, indent=4), KconfigLine(empty, line=245, indent=0), KconfigLine(config, line=246, indent=0), KconfigLine(type_bool, line=247, indent=4), KconfigLine(empty, line=248, indent=0), KconfigLine(config, line=249, indent=0), KconfigLine(type_bool, line=250, indent=4), KconfigLine(empty, line=251, indent=0), KconfigLine(config, line=252, indent=0), KconfigLine(type_bool, line=253, indent=4), KconfigLine(empty, line=254, indent=0), KconfigLine(config, line=255, indent=0), KconfigLine(type_bool, line=256, indent=4), KconfigLine(empty, line=257, indent=0), KconfigLine(config, line=258, indent=0), KconfigLine(type_bool, line=259, indent=4), KconfigLine(empty, line=260, indent=0), KconfigLine(config, line=261, indent=0), KconfigLine(type_bool, line=262, indent=4), KconfigLine(empty, line=263, indent=0), KconfigLine(if, line=264, indent=0), KconfigLine(empty, line=265, indent=0), KconfigLine(config, line=266, indent=0), KconfigLine(type_bool, line=267, indent=4), KconfigLine(empty, line=268, indent=0), KconfigLine(config, line=269, indent=0), KconfigLine(type_bool, line=270, indent=4), KconfigLine(empty, line=271, indent=0), KconfigLine(config, line=272, indent=0), KconfigLine(type_bool, line=273, indent=4), KconfigLine(empty, line=274, indent=0), KconfigLine(config, line=275, indent=0), KconfigLine(type_bool, line=276, indent=4), KconfigLine(empty, line=277, indent=0), KconfigLine(config, line=278, indent=0), KconfigLine(type_bool, line=279, indent=4), KconfigLine(empty, line=280, indent=0), KconfigLine(config, line=281, indent=0), KconfigLine(type_bool, line=282, indent=4), KconfigLine(empty, line=283, indent=0), KconfigLine(config, line=284, indent=0), KconfigLine(type_bool, line=285, indent=4), KconfigLine(empty, line=286, indent=0), KconfigLine(config, line=287, indent=0), KconfigLine(type_bool, line=288, indent=4), KconfigLine(empty, line=289, indent=0), KconfigLine(endif, line=290, indent=0), KconfigLine(empty, line=291, indent=0), KconfigLine(endchoice, line=292, indent=0), KconfigLine(empty, line=293, indent=0), KconfigLine(choice, line=294, indent=0), KconfigLine(depends_on, line=296, indent=4), KconfigLine(default, line=297, indent=4), KconfigLine(help, line=298, indent=4), KconfigLine(other, line=299, indent=8), KconfigLine(other, line=300, indent=8), KconfigLine(other, line=301, indent=8), KconfigLine(empty, line=302, indent=0), KconfigLine(config, line=303, indent=0), KconfigLine(type_bool, line=304, indent=4), KconfigLine(empty, line=305, indent=0), KconfigLine(config, line=306, indent=0), KconfigLine(type_bool, line=307, indent=4), KconfigLine(empty, line=308, indent=0), KconfigLine(config, line=309, indent=0), KconfigLine(type_bool, line=310, indent=4), KconfigLine(empty, line=311, indent=0), KconfigLine(config, line=312, indent=0), KconfigLine(type_bool, line=313, indent=4), KconfigLine(empty, line=314, indent=0), KconfigLine(config, line=315, indent=0), KconfigLine(type_bool, line=316, indent=4), KconfigLine(empty, line=317, indent=0), KconfigLine(config, line=318, indent=0), KconfigLine(type_bool, line=319, indent=4), KconfigLine(empty, line=320, indent=0), KconfigLine(config, line=321, indent=0), KconfigLine(type_bool, line=322, indent=4), KconfigLine(empty, line=323, indent=0), KconfigLine(config, line=324, indent=0), KconfigLine(type_bool, line=325, indent=4), KconfigLine(empty, line=326, indent=0), KconfigLine(if, line=327, indent=0), KconfigLine(empty, line=328, indent=0), KconfigLine(config, line=329, indent=0), KconfigLine(type_bool, line=330, indent=4), KconfigLine(empty, line=331, indent=0), KconfigLine(config, line=332, indent=0), KconfigLine(type_bool, line=333, indent=4), KconfigLine(empty, line=334, indent=0), KconfigLine(config, line=335, indent=0), KconfigLine(type_bool, line=336, indent=4), KconfigLine(empty, line=337, indent=0), KconfigLine(config, line=338, indent=0), KconfigLine(type_bool, line=339, indent=4), KconfigLine(empty, line=340, indent=0), KconfigLine(config, line=341, indent=0), KconfigLine(type_bool, line=342, indent=4), KconfigLine(empty, line=343, indent=0), KconfigLine(config, line=344, indent=0), KconfigLine(type_bool, line=345, indent=4), KconfigLine(empty, line=346, indent=0), KconfigLine(config, line=347, indent=0), KconfigLine(type_bool, line=348, indent=4), KconfigLine(empty, line=349, indent=0), KconfigLine(config, line=350, indent=0), KconfigLine(type_bool, line=351, indent=4), KconfigLine(empty, line=352, indent=0), KconfigLine(endif, line=353, indent=0), KconfigLine(empty, line=354, indent=0), KconfigLine(endchoice, line=355, indent=0), KconfigLine(empty, line=356, indent=0), KconfigLine(config, line=357, indent=0), KconfigLine(type_int, line=358, indent=4), KconfigLine(default, line=359, indent=4), KconfigLine(range, line=360, indent=4), KconfigLine(help, line=361, indent=4), KconfigLine(other, line=362, indent=8), KconfigLine(other, line=363, indent=8), KconfigLine(other, line=364, indent=8), KconfigLine(other, line=365, indent=8), KconfigLine(other, line=366, indent=8), KconfigLine(other, line=367, indent=8), KconfigLine(empty, line=368, indent=0), KconfigLine(choice, line=369, indent=0), KconfigLine(default, line=371, indent=4), KconfigLine(help, line=372, indent=4), KconfigLine(other, line=373, indent=8), KconfigLine(other, line=374, indent=8), KconfigLine(other, line=375, indent=8), KconfigLine(other, line=376, indent=8), KconfigLine(other, line=377, indent=8), KconfigLine(empty, line=378, indent=0), KconfigLine(config, line=379, indent=0), KconfigLine(type_bool, line=380, indent=4), KconfigLine(empty, line=381, indent=0), KconfigLine(config, line=382, indent=0), KconfigLine(type_bool, line=383, indent=4), KconfigLine(empty, line=384, indent=0), KconfigLine(endchoice, line=385, indent=0), KconfigLine(empty, line=386, indent=0), KconfigLine(config, line=387, indent=0), KconfigLine(type_bool, line=388, indent=4), KconfigLine(empty, line=389, indent=0), KconfigLine(config, line=390, indent=0), KconfigLine(type_int, line=391, indent=4), KconfigLine(default, line=392, indent=4), KconfigLine(help, line=393, indent=4), KconfigLine(other, line=394, indent=8), KconfigLine(other, line=395, indent=8), KconfigLine(other, line=396, indent=8), KconfigLine(other, line=397, indent=8), KconfigLine(other, line=398, indent=8), KconfigLine(empty, line=399, indent=0), KconfigLine(config, line=400, indent=0), KconfigLine(type_int, line=401, indent=4), KconfigLine(depends_on, line=402, indent=4), KconfigLine(range, line=403, indent=4), KconfigLine(default, line=404, indent=4), KconfigLine(help, line=405, indent=4), KconfigLine(other, line=406, indent=8), KconfigLine(other, line=407, indent=8), KconfigLine(other, line=408, indent=8), KconfigLine(empty, line=409, indent=0), KconfigLine(config, line=410, indent=0), KconfigLine(type_bool, line=411, indent=4), KconfigLine(depends_on, line=412, indent=4), KconfigLine(help, line=413, indent=4), KconfigLine(other, line=414, indent=8), KconfigLine(other, line=415, indent=8), KconfigLine(other, line=416, indent=8), KconfigLine(other, line=417, indent=8), KconfigLine(other, line=418, indent=8), KconfigLine(empty, line=419, indent=0), KconfigLine(config, line=420, indent=0), KconfigLine(type_int, line=421, indent=4), KconfigLine(depends_on, line=422, indent=4), KconfigLine(range, line=423, indent=4), KconfigLine(default, line=424, indent=4), KconfigLine(help, line=425, indent=4), KconfigLine(other, line=426, indent=8), KconfigLine(other, line=427, indent=8), KconfigLine(other, line=428, indent=8), KconfigLine(other, line=429, indent=8), KconfigLine(other, line=430, indent=8), KconfigLine(empty, line=431, indent=0), KconfigLine(config, line=432, indent=0), KconfigLine(type_int, line=433, indent=4), KconfigLine(depends_on, line=434, indent=4), KconfigLine(range, line=435, indent=4), KconfigLine(default, line=436, indent=4), KconfigLine(help, line=437, indent=4), KconfigLine(other, line=438, indent=8), KconfigLine(other, line=439, indent=8), KconfigLine(other, line=440, indent=8), KconfigLine(empty, line=441, indent=0), KconfigLine(choice, line=442, indent=0), KconfigLine(depends_on, line=444, indent=4), KconfigLine(default, line=445, indent=4), KconfigLine(default, line=446, indent=4), KconfigLine(help, line=447, indent=4), KconfigLine(other, line=448, indent=8), KconfigLine(other, line=449, indent=8), KconfigLine(empty, line=450, indent=0), KconfigLine(config, line=451, indent=0), KconfigLine(type_bool, line=452, indent=4), KconfigLine(empty, line=453, indent=0), KconfigLine(config, line=454, indent=0), KconfigLine(type_bool, line=455, indent=4), KconfigLine(empty, line=456, indent=0), KconfigLine(config, line=457, indent=0), KconfigLine(type_bool, line=458, indent=4), KconfigLine(empty, line=459, indent=0), KconfigLine(config, line=460, indent=0), KconfigLine(type_bool, line=461, indent=4), KconfigLine(empty, line=462, indent=0), KconfigLine(config, line=463, indent=0), KconfigLine(type_bool, line=464, indent=4), KconfigLine(empty, line=465, indent=0), KconfigLine(config, line=466, indent=0), KconfigLine(type_bool, line=467, indent=4), KconfigLine(empty, line=468, indent=0), KconfigLine(config, line=469, indent=0), KconfigLine(type_bool, line=470, indent=4), KconfigLine(empty, line=471, indent=0), KconfigLine(config, line=472, indent=0), KconfigLine(type_bool, line=473, indent=4), KconfigLine(empty, line=474, indent=0), KconfigLine(if, line=475, indent=0), KconfigLine(empty, line=476, indent=0), KconfigLine(config, line=477, indent=0), KconfigLine(type_bool, line=478, indent=4), KconfigLine(empty, line=479, indent=0), KconfigLine(config, line=480, indent=0), KconfigLine(type_bool, line=481, indent=4), KconfigLine(empty, line=482, indent=0), KconfigLine(config, line=483, indent=0), KconfigLine(type_bool, line=484, indent=4), KconfigLine(empty, line=485, indent=0), KconfigLine(config, line=486, indent=0), KconfigLine(type_bool, line=487, indent=4), KconfigLine(empty, line=488, indent=0), KconfigLine(config, line=489, indent=0), KconfigLine(type_bool, line=490, indent=4), KconfigLine(empty, line=491, indent=0), KconfigLine(config, line=492, indent=0), KconfigLine(type_bool, line=493, indent=4), KconfigLine(empty, line=494, indent=0), KconfigLine(config, line=495, indent=0), KconfigLine(type_bool, line=496, indent=4), KconfigLine(empty, line=497, indent=0), KconfigLine(config, line=498, indent=0), KconfigLine(type_bool, line=499, indent=4), KconfigLine(empty, line=500, indent=0), KconfigLine(endif, line=501, indent=0), KconfigLine(empty, line=502, indent=0), KconfigLine(endchoice, line=503, indent=0)]
    FILE LOG --------------------------------------------------------------
    Reader input                574 lines
    -----------------------------------------------------------------------
    All source without glob:    0
    All source using glob:      0
    All osource_keywords:       0
    All rsource_keywords:       0
    All orsource_keywords:      0
    SUM (r/or/o)source lines:   0
    All "option env" attr:      0
    -----------------------------------------------------------------------
    Transformer Output:         567 lines
    -----------------------------------------------------------------------
        Added new bc of def_*:           0
        Added new bc of glob:            0
        Added new bc of config_default:  0
        Added new bc of named choice:    0
        Removed bc of config_default:    0
        Removed bc of named choice:      0
        Removed no match for o(r)source: 0
        Removed optional choice attr:    0
        Removed bool     choice attr:    7
        Removed tristate choice attr:    0
Excel saved: /home/ljd/wsMA_prototyp/transform_projects/transform_riot/RIOT_log/results3.xlsx
        Done writting 567 lines in /home/ljd/wsMA_prototyp/transform_projects/transform_riot/RIOT_output/sys/net/link_layer/Kconfig.lorawan


Reader found: 151 lines in /home/ljd/riot/RIOT/sys/net/lora/Kconfig
call _transform_lines(lines from reader, input, configdefault dict info)
start transforming 151 input lines
current_indx: 32 - choice_attr_end: 38
PROCESS choice: [KconfigLine(commented, line=1, indent=0), KconfigLine(other, line=2, indent=0), KconfigLine(commented, line=3, indent=0), KconfigLine(commented, line=4, indent=0), KconfigLine(commented, line=5, indent=0), KconfigLine(other, line=6, indent=0), KconfigLine(empty, line=7, indent=0), KconfigLine(menu, line=8, indent=0), KconfigLine(depends_on, line=9, indent=4), KconfigLine(empty, line=10, indent=0), KconfigLine(config, line=11, indent=0), KconfigLine(type_int, line=12, indent=4), KconfigLine(range, line=13, indent=4), KconfigLine(default, line=14, indent=4), KconfigLine(help, line=15, indent=4), KconfigLine(other, line=16, indent=8), KconfigLine(other, line=17, indent=8), KconfigLine(other, line=18, indent=8), KconfigLine(other, line=19, indent=8), KconfigLine(other, line=20, indent=8), KconfigLine(other, line=21, indent=8), KconfigLine(other, line=22, indent=8), KconfigLine(other, line=23, indent=8), KconfigLine(empty, line=24, indent=0), KconfigLine(config, line=25, indent=0), KconfigLine(type_int, line=26, indent=4), KconfigLine(default, line=27, indent=4), KconfigLine(help, line=28, indent=4), KconfigLine(other, line=29, indent=8), KconfigLine(other, line=30, indent=8), KconfigLine(empty, line=31, indent=0), KconfigLine(choice, line=32, indent=0), KconfigLine(default, line=34, indent=4), KconfigLine(help, line=35, indent=4), KconfigLine(other, line=36, indent=8), KconfigLine(other, line=37, indent=8), KconfigLine(empty, line=38, indent=0), KconfigLine(config, line=39, indent=0), KconfigLine(type_bool, line=40, indent=4), KconfigLine(empty, line=41, indent=0), KconfigLine(config, line=42, indent=0), KconfigLine(type_bool, line=43, indent=4), KconfigLine(empty, line=44, indent=0), KconfigLine(config, line=45, indent=0), KconfigLine(type_bool, line=46, indent=4), KconfigLine(empty, line=47, indent=0), KconfigLine(endchoice, line=48, indent=0)]
current_indx: 50 - choice_attr_end: 61
PROCESS choice: [KconfigLine(commented, line=1, indent=0), KconfigLine(other, line=2, indent=0), KconfigLine(commented, line=3, indent=0), KconfigLine(commented, line=4, indent=0), KconfigLine(commented, line=5, indent=0), KconfigLine(other, line=6, indent=0), KconfigLine(empty, line=7, indent=0), KconfigLine(menu, line=8, indent=0), KconfigLine(depends_on, line=9, indent=4), KconfigLine(empty, line=10, indent=0), KconfigLine(config, line=11, indent=0), KconfigLine(type_int, line=12, indent=4), KconfigLine(range, line=13, indent=4), KconfigLine(default, line=14, indent=4), KconfigLine(help, line=15, indent=4), KconfigLine(other, line=16, indent=8), KconfigLine(other, line=17, indent=8), KconfigLine(other, line=18, indent=8), KconfigLine(other, line=19, indent=8), KconfigLine(other, line=20, indent=8), KconfigLine(other, line=21, indent=8), KconfigLine(other, line=22, indent=8), KconfigLine(other, line=23, indent=8), KconfigLine(empty, line=24, indent=0), KconfigLine(config, line=25, indent=0), KconfigLine(type_int, line=26, indent=4), KconfigLine(default, line=27, indent=4), KconfigLine(help, line=28, indent=4), KconfigLine(other, line=29, indent=8), KconfigLine(other, line=30, indent=8), KconfigLine(empty, line=31, indent=0), KconfigLine(choice, line=32, indent=0), KconfigLine(default, line=34, indent=4), KconfigLine(help, line=35, indent=4), KconfigLine(other, line=36, indent=8), KconfigLine(other, line=37, indent=8), KconfigLine(empty, line=38, indent=0), KconfigLine(config, line=39, indent=0), KconfigLine(type_bool, line=40, indent=4), KconfigLine(empty, line=41, indent=0), KconfigLine(config, line=42, indent=0), KconfigLine(type_bool, line=43, indent=4), KconfigLine(empty, line=44, indent=0), KconfigLine(config, line=45, indent=0), KconfigLine(type_bool, line=46, indent=4), KconfigLine(empty, line=47, indent=0), KconfigLine(endchoice, line=48, indent=0), KconfigLine(empty, line=49, indent=0), KconfigLine(choice, line=50, indent=0), KconfigLine(default, line=52, indent=4), KconfigLine(help, line=53, indent=4), KconfigLine(other, line=54, indent=8), KconfigLine(other, line=55, indent=8), KconfigLine(other, line=56, indent=8), KconfigLine(other, line=57, indent=8), KconfigLine(other, line=58, indent=8), KconfigLine(other, line=59, indent=8), KconfigLine(other, line=60, indent=8), KconfigLine(empty, line=61, indent=0), KconfigLine(config, line=62, indent=0), KconfigLine(type_bool, line=63, indent=4), KconfigLine(empty, line=64, indent=0), KconfigLine(config, line=65, indent=0), KconfigLine(type_bool, line=66, indent=4), KconfigLine(empty, line=67, indent=0), KconfigLine(config, line=68, indent=0), KconfigLine(type_bool, line=69, indent=4), KconfigLine(empty, line=70, indent=0), KconfigLine(config, line=71, indent=0), KconfigLine(type_bool, line=72, indent=4), KconfigLine(empty, line=73, indent=0), KconfigLine(config, line=74, indent=0), KconfigLine(type_bool, line=75, indent=4), KconfigLine(empty, line=76, indent=0), KconfigLine(config, line=77, indent=0), KconfigLine(type_bool, line=78, indent=4), KconfigLine(empty, line=79, indent=0), KconfigLine(config, line=80, indent=0), KconfigLine(type_bool, line=81, indent=4), KconfigLine(empty, line=82, indent=0), KconfigLine(endchoice, line=83, indent=0)]
current_indx: 85 - choice_attr_end: 98
PROCESS choice: [KconfigLine(commented, line=1, indent=0), KconfigLine(other, line=2, indent=0), KconfigLine(commented, line=3, indent=0), KconfigLine(commented, line=4, indent=0), KconfigLine(commented, line=5, indent=0), KconfigLine(other, line=6, indent=0), KconfigLine(empty, line=7, indent=0), KconfigLine(menu, line=8, indent=0), KconfigLine(depends_on, line=9, indent=4), KconfigLine(empty, line=10, indent=0), KconfigLine(config, line=11, indent=0), KconfigLine(type_int, line=12, indent=4), KconfigLine(range, line=13, indent=4), KconfigLine(default, line=14, indent=4), KconfigLine(help, line=15, indent=4), KconfigLine(other, line=16, indent=8), KconfigLine(other, line=17, indent=8), KconfigLine(other, line=18, indent=8), KconfigLine(other, line=19, indent=8), KconfigLine(other, line=20, indent=8), KconfigLine(other, line=21, indent=8), KconfigLine(other, line=22, indent=8), KconfigLine(other, line=23, indent=8), KconfigLine(empty, line=24, indent=0), KconfigLine(config, line=25, indent=0), KconfigLine(type_int, line=26, indent=4), KconfigLine(default, line=27, indent=4), KconfigLine(help, line=28, indent=4), KconfigLine(other, line=29, indent=8), KconfigLine(other, line=30, indent=8), KconfigLine(empty, line=31, indent=0), KconfigLine(choice, line=32, indent=0), KconfigLine(default, line=34, indent=4), KconfigLine(help, line=35, indent=4), KconfigLine(other, line=36, indent=8), KconfigLine(other, line=37, indent=8), KconfigLine(empty, line=38, indent=0), KconfigLine(config, line=39, indent=0), KconfigLine(type_bool, line=40, indent=4), KconfigLine(empty, line=41, indent=0), KconfigLine(config, line=42, indent=0), KconfigLine(type_bool, line=43, indent=4), KconfigLine(empty, line=44, indent=0), KconfigLine(config, line=45, indent=0), KconfigLine(type_bool, line=46, indent=4), KconfigLine(empty, line=47, indent=0), KconfigLine(endchoice, line=48, indent=0), KconfigLine(empty, line=49, indent=0), KconfigLine(choice, line=50, indent=0), KconfigLine(default, line=52, indent=4), KconfigLine(help, line=53, indent=4), KconfigLine(other, line=54, indent=8), KconfigLine(other, line=55, indent=8), KconfigLine(other, line=56, indent=8), KconfigLine(other, line=57, indent=8), KconfigLine(other, line=58, indent=8), KconfigLine(other, line=59, indent=8), KconfigLine(other, line=60, indent=8), KconfigLine(empty, line=61, indent=0), KconfigLine(config, line=62, indent=0), KconfigLine(type_bool, line=63, indent=4), KconfigLine(empty, line=64, indent=0), KconfigLine(config, line=65, indent=0), KconfigLine(type_bool, line=66, indent=4), KconfigLine(empty, line=67, indent=0), KconfigLine(config, line=68, indent=0), KconfigLine(type_bool, line=69, indent=4), KconfigLine(empty, line=70, indent=0), KconfigLine(config, line=71, indent=0), KconfigLine(type_bool, line=72, indent=4), KconfigLine(empty, line=73, indent=0), KconfigLine(config, line=74, indent=0), KconfigLine(type_bool, line=75, indent=4), KconfigLine(empty, line=76, indent=0), KconfigLine(config, line=77, indent=0), KconfigLine(type_bool, line=78, indent=4), KconfigLine(empty, line=79, indent=0), KconfigLine(config, line=80, indent=0), KconfigLine(type_bool, line=81, indent=4), KconfigLine(empty, line=82, indent=0), KconfigLine(endchoice, line=83, indent=0), KconfigLine(empty, line=84, indent=0), KconfigLine(choice, line=85, indent=0), KconfigLine(default, line=87, indent=4), KconfigLine(help, line=88, indent=4), KconfigLine(other, line=89, indent=8), KconfigLine(other, line=90, indent=8), KconfigLine(other, line=91, indent=8), KconfigLine(other, line=92, indent=8), KconfigLine(other, line=93, indent=8), KconfigLine(other, line=94, indent=8), KconfigLine(other, line=95, indent=8), KconfigLine(other, line=96, indent=8), KconfigLine(other, line=97, indent=8), KconfigLine(empty, line=98, indent=0), KconfigLine(config, line=99, indent=0), KconfigLine(type_bool, line=100, indent=4), KconfigLine(empty, line=101, indent=0), KconfigLine(config, line=102, indent=0), KconfigLine(type_bool, line=103, indent=4), KconfigLine(empty, line=104, indent=0), KconfigLine(config, line=105, indent=0), KconfigLine(type_bool, line=106, indent=4), KconfigLine(empty, line=107, indent=0), KconfigLine(config, line=108, indent=0), KconfigLine(type_bool, line=109, indent=4), KconfigLine(empty, line=110, indent=0), KconfigLine(endchoice, line=111, indent=0)]
    FILE LOG --------------------------------------------------------------
    Reader input                151 lines
    -----------------------------------------------------------------------
    All source without glob:    0
    All source using glob:      0
    All osource_keywords:       0
    All rsource_keywords:       0
    All orsource_keywords:      0
    SUM (r/or/o)source lines:   0
    All "option env" attr:      0
    -----------------------------------------------------------------------
    Transformer Output:         148 lines
    -----------------------------------------------------------------------
        Added new bc of def_*:           0
        Added new bc of glob:            0
        Added new bc of config_default:  0
        Added new bc of named choice:    0
        Removed bc of config_default:    0
        Removed bc of named choice:      0
        Removed no match for o(r)source: 0
        Removed optional choice attr:    0
        Removed bool     choice attr:    3
        Removed tristate choice attr:    0
Excel saved: /home/ljd/wsMA_prototyp/transform_projects/transform_riot/RIOT_log/results3.xlsx
        Done writting 148 lines in /home/ljd/wsMA_prototyp/transform_projects/transform_riot/RIOT_output/sys/net/lora/Kconfig


Reader found: 14 lines in /home/ljd/riot/RIOT/sys/net/netif/Kconfig
call _transform_lines(lines from reader, input, configdefault dict info)
start transforming 14 input lines
    FILE LOG --------------------------------------------------------------
    Reader input                14 lines
    -----------------------------------------------------------------------
    All source without glob:    0
    All source using glob:      0
    All osource_keywords:       0
    All rsource_keywords:       0
    All orsource_keywords:      0
    SUM (r/or/o)source lines:   0
    All "option env" attr:      0
    -----------------------------------------------------------------------
    Transformer Output:         14 lines
    -----------------------------------------------------------------------
        Added new bc of def_*:           0
        Added new bc of glob:            0
        Added new bc of config_default:  0
        Added new bc of named choice:    0
        Removed bc of config_default:    0
        Removed bc of named choice:      0
        Removed no match for o(r)source: 0
        Removed optional choice attr:    0
        Removed bool     choice attr:    0
        Removed tristate choice attr:    0
Excel saved: /home/ljd/wsMA_prototyp/transform_projects/transform_riot/RIOT_log/results3.xlsx
        Done writting 14 lines in /home/ljd/wsMA_prototyp/transform_projects/transform_riot/RIOT_output/sys/net/netif/Kconfig


Reader found: 49 lines in /home/ljd/riot/RIOT/sys/progress_bar/Kconfig
call _transform_lines(lines from reader, input, configdefault dict info)
start transforming 49 input lines
    FILE LOG --------------------------------------------------------------
    Reader input                49 lines
    -----------------------------------------------------------------------
    All source without glob:    0
    All source using glob:      0
    All osource_keywords:       0
    All rsource_keywords:       0
    All orsource_keywords:      0
    SUM (r/or/o)source lines:   0
    All "option env" attr:      0
    -----------------------------------------------------------------------
    Transformer Output:         49 lines
    -----------------------------------------------------------------------
        Added new bc of def_*:           0
        Added new bc of glob:            0
        Added new bc of config_default:  0
        Added new bc of named choice:    0
        Removed bc of config_default:    0
        Removed bc of named choice:      0
        Removed no match for o(r)source: 0
        Removed optional choice attr:    0
        Removed bool     choice attr:    0
        Removed tristate choice attr:    0
Excel saved: /home/ljd/wsMA_prototyp/transform_projects/transform_riot/RIOT_log/results3.xlsx
        Done writting 49 lines in /home/ljd/wsMA_prototyp/transform_projects/transform_riot/RIOT_output/sys/progress_bar/Kconfig


Reader found: 14 lines in /home/ljd/riot/RIOT/sys/psa_crypto/Kconfig
call _transform_lines(lines from reader, input, configdefault dict info)
start transforming 14 input lines
    GLOB LOG ----------------------------------------------------------------------------
    Resolve rsource: Kconfig.keys at line 10
      -> sys/psa_crypto/Kconfig.keys
    Files matching: 1 (using rsource)
    GLOB LOG ----------------------------------------------------------------------------
    Resolve rsource: psa_se_mgmt/Kconfig at line 12
      -> sys/psa_crypto/psa_se_mgmt/Kconfig
    Files matching: 1 (using rsource)
    FILE LOG --------------------------------------------------------------
    Reader input                14 lines
    -----------------------------------------------------------------------
    All source without glob:    0
    All source using glob:      0
    All osource_keywords:       0
    All rsource_keywords:       2
    All orsource_keywords:      0
    SUM (r/or/o)source lines:   2
    All "option env" attr:      0
    -----------------------------------------------------------------------
    Transformer Output:         14 lines
    -----------------------------------------------------------------------
        Added new bc of def_*:           0
        Added new bc of glob:            0
        Added new bc of config_default:  0
        Added new bc of named choice:    0
        Removed bc of config_default:    0
        Removed bc of named choice:      0
        Removed no match for o(r)source: 0
        Removed optional choice attr:    0
        Removed bool     choice attr:    0
        Removed tristate choice attr:    0
Excel saved: /home/ljd/wsMA_prototyp/transform_projects/transform_riot/RIOT_log/results3.xlsx
        Done writting 14 lines in /home/ljd/wsMA_prototyp/transform_projects/transform_riot/RIOT_output/sys/psa_crypto/Kconfig


Reader found: 23 lines in /home/ljd/riot/RIOT/sys/psa_crypto/Kconfig.keys
call _transform_lines(lines from reader, input, configdefault dict info)
start transforming 23 input lines
    FILE LOG --------------------------------------------------------------
    Reader input                23 lines
    -----------------------------------------------------------------------
    All source without glob:    0
    All source using glob:      0
    All osource_keywords:       0
    All rsource_keywords:       0
    All orsource_keywords:      0
    SUM (r/or/o)source lines:   0
    All "option env" attr:      0
    -----------------------------------------------------------------------
    Transformer Output:         23 lines
    -----------------------------------------------------------------------
        Added new bc of def_*:           0
        Added new bc of glob:            0
        Added new bc of config_default:  0
        Added new bc of named choice:    0
        Removed bc of config_default:    0
        Removed bc of named choice:      0
        Removed no match for o(r)source: 0
        Removed optional choice attr:    0
        Removed bool     choice attr:    0
        Removed tristate choice attr:    0
Excel saved: /home/ljd/wsMA_prototyp/transform_projects/transform_riot/RIOT_log/results3.xlsx
        Done writting 23 lines in /home/ljd/wsMA_prototyp/transform_projects/transform_riot/RIOT_output/sys/psa_crypto/Kconfig.keys


Reader found: 16 lines in /home/ljd/riot/RIOT/sys/psa_crypto/psa_se_mgmt/Kconfig
call _transform_lines(lines from reader, input, configdefault dict info)
start transforming 16 input lines
    FILE LOG --------------------------------------------------------------
    Reader input                16 lines
    -----------------------------------------------------------------------
    All source without glob:    0
    All source using glob:      0
    All osource_keywords:       0
    All rsource_keywords:       0
    All orsource_keywords:      0
    SUM (r/or/o)source lines:   0
    All "option env" attr:      0
    -----------------------------------------------------------------------
    Transformer Output:         16 lines
    -----------------------------------------------------------------------
        Added new bc of def_*:           0
        Added new bc of glob:            0
        Added new bc of config_default:  0
        Added new bc of named choice:    0
        Removed bc of config_default:    0
        Removed bc of named choice:      0
        Removed no match for o(r)source: 0
        Removed optional choice attr:    0
        Removed bool     choice attr:    0
        Removed tristate choice attr:    0
Excel saved: /home/ljd/wsMA_prototyp/transform_projects/transform_riot/RIOT_log/results3.xlsx
        Done writting 16 lines in /home/ljd/wsMA_prototyp/transform_projects/transform_riot/RIOT_output/sys/psa_crypto/psa_se_mgmt/Kconfig


Reader found: 13 lines in /home/ljd/riot/RIOT/sys/shell/Kconfig
call _transform_lines(lines from reader, input, configdefault dict info)
start transforming 13 input lines
    GLOB LOG ----------------------------------------------------------------------------
    Resolve rsource: Kconfig.config at line 11
      -> sys/shell/Kconfig.config
    Files matching: 1 (using rsource)
    FILE LOG --------------------------------------------------------------
    Reader input                13 lines
    -----------------------------------------------------------------------
    All source without glob:    0
    All source using glob:      0
    All osource_keywords:       0
    All rsource_keywords:       1
    All orsource_keywords:      0
    SUM (r/or/o)source lines:   1
    All "option env" attr:      0
    -----------------------------------------------------------------------
    Transformer Output:         13 lines
    -----------------------------------------------------------------------
        Added new bc of def_*:           0
        Added new bc of glob:            0
        Added new bc of config_default:  0
        Added new bc of named choice:    0
        Removed bc of config_default:    0
        Removed bc of named choice:      0
        Removed no match for o(r)source: 0
        Removed optional choice attr:    0
        Removed bool     choice attr:    0
        Removed tristate choice attr:    0
Excel saved: /home/ljd/wsMA_prototyp/transform_projects/transform_riot/RIOT_log/results3.xlsx
        Done writting 13 lines in /home/ljd/wsMA_prototyp/transform_projects/transform_riot/RIOT_output/sys/shell/Kconfig


Reader found: 21 lines in /home/ljd/riot/RIOT/sys/shell/Kconfig.config
call _transform_lines(lines from reader, input, configdefault dict info)
start transforming 21 input lines
    FILE LOG --------------------------------------------------------------
    Reader input                21 lines
    -----------------------------------------------------------------------
    All source without glob:    0
    All source using glob:      0
    All osource_keywords:       0
    All rsource_keywords:       0
    All orsource_keywords:      0
    SUM (r/or/o)source lines:   0
    All "option env" attr:      0
    -----------------------------------------------------------------------
    Transformer Output:         21 lines
    -----------------------------------------------------------------------
        Added new bc of def_*:           0
        Added new bc of glob:            0
        Added new bc of config_default:  0
        Added new bc of named choice:    0
        Removed bc of config_default:    0
        Removed bc of named choice:      0
        Removed no match for o(r)source: 0
        Removed optional choice attr:    0
        Removed bool     choice attr:    0
        Removed tristate choice attr:    0
Excel saved: /home/ljd/wsMA_prototyp/transform_projects/transform_riot/RIOT_log/results3.xlsx
        Done writting 21 lines in /home/ljd/wsMA_prototyp/transform_projects/transform_riot/RIOT_output/sys/shell/Kconfig.config


Reader found: 18 lines in /home/ljd/riot/RIOT/sys/shell_lock/Kconfig
call _transform_lines(lines from reader, input, configdefault dict info)
start transforming 18 input lines
    FILE LOG --------------------------------------------------------------
    Reader input                18 lines
    -----------------------------------------------------------------------
    All source without glob:    0
    All source using glob:      0
    All osource_keywords:       0
    All rsource_keywords:       0
    All orsource_keywords:      0
    SUM (r/or/o)source lines:   0
    All "option env" attr:      0
    -----------------------------------------------------------------------
    Transformer Output:         18 lines
    -----------------------------------------------------------------------
        Added new bc of def_*:           0
        Added new bc of glob:            0
        Added new bc of config_default:  0
        Added new bc of named choice:    0
        Removed bc of config_default:    0
        Removed bc of named choice:      0
        Removed no match for o(r)source: 0
        Removed optional choice attr:    0
        Removed bool     choice attr:    0
        Removed tristate choice attr:    0
Excel saved: /home/ljd/wsMA_prototyp/transform_projects/transform_riot/RIOT_log/results3.xlsx
        Done writting 18 lines in /home/ljd/wsMA_prototyp/transform_projects/transform_riot/RIOT_output/sys/shell_lock/Kconfig


Reader found: 117 lines in /home/ljd/riot/RIOT/sys/usb/Kconfig
call _transform_lines(lines from reader, input, configdefault dict info)
start transforming 117 input lines
    GLOB LOG ----------------------------------------------------------------------------
    Resolve rsource: usbus/Kconfig at line 10
      -> sys/usb/usbus/Kconfig
    Files matching: 1 (using rsource)
current_indx: 27 - choice_attr_end: 29
PROCESS choice: [KconfigLine(commented, line=1, indent=0), KconfigLine(other, line=2, indent=0), KconfigLine(commented, line=3, indent=0), KconfigLine(commented, line=4, indent=0), KconfigLine(commented, line=5, indent=0), KconfigLine(other, line=6, indent=0), KconfigLine(empty, line=7, indent=0), KconfigLine(if, line=8, indent=0), KconfigLine(empty, line=9, indent=0), KconfigLine(source, line=10, indent=0), KconfigLine(empty, line=11, indent=0), KconfigLine(menu, line=12, indent=0), KconfigLine(empty, line=13, indent=0), KconfigLine(config, line=14, indent=0), KconfigLine(type_int, line=15, indent=4), KconfigLine(default, line=16, indent=4), KconfigLine(range, line=17, indent=4), KconfigLine(empty, line=18, indent=0), KconfigLine(config, line=19, indent=0), KconfigLine(type_bool, line=20, indent=4), KconfigLine(help, line=21, indent=4), KconfigLine(other, line=22, indent=8), KconfigLine(other, line=23, indent=8), KconfigLine(empty, line=24, indent=0), KconfigLine(endmenu, line=25, indent=0), KconfigLine(empty, line=26, indent=0), KconfigLine(choice, line=27, indent=0), KconfigLine(empty, line=29, indent=0), KconfigLine(config, line=30, indent=4), KconfigLine(type_bool, line=31, indent=8), KconfigLine(help, line=32, indent=8), KconfigLine(other, line=33, indent=12), KconfigLine(empty, line=34, indent=0), KconfigLine(config, line=35, indent=4), KconfigLine(type_bool, line=36, indent=8), KconfigLine(help, line=37, indent=8), KconfigLine(other, line=38, indent=12), KconfigLine(empty, line=39, indent=0), KconfigLine(endchoice, line=40, indent=0)]
    FILE LOG --------------------------------------------------------------
    Reader input                117 lines
    -----------------------------------------------------------------------
    All source without glob:    0
    All source using glob:      0
    All osource_keywords:       0
    All rsource_keywords:       1
    All orsource_keywords:      0
    SUM (r/or/o)source lines:   1
    All "option env" attr:      0
    -----------------------------------------------------------------------
    Transformer Output:         116 lines
    -----------------------------------------------------------------------
        Added new bc of def_*:           0
        Added new bc of glob:            0
        Added new bc of config_default:  0
        Added new bc of named choice:    0
        Removed bc of config_default:    0
        Removed bc of named choice:      0
        Removed no match for o(r)source: 0
        Removed optional choice attr:    0
        Removed bool     choice attr:    1
        Removed tristate choice attr:    0
Excel saved: /home/ljd/wsMA_prototyp/transform_projects/transform_riot/RIOT_log/results3.xlsx
        Done writting 116 lines in /home/ljd/wsMA_prototyp/transform_projects/transform_riot/RIOT_output/sys/usb/Kconfig


Reader found: 44 lines in /home/ljd/riot/RIOT/sys/usb/usbus/Kconfig
call _transform_lines(lines from reader, input, configdefault dict info)
start transforming 44 input lines
current_indx: 18 - choice_attr_end: 25
PROCESS choice: [KconfigLine(commented, line=1, indent=0), KconfigLine(other, line=2, indent=0), KconfigLine(commented, line=3, indent=0), KconfigLine(commented, line=4, indent=0), KconfigLine(commented, line=5, indent=0), KconfigLine(other, line=6, indent=0), KconfigLine(empty, line=7, indent=0), KconfigLine(menu, line=8, indent=0), KconfigLine(depends_on, line=9, indent=4), KconfigLine(config, line=10, indent=0), KconfigLine(type_bool, line=11, indent=4), KconfigLine(default, line=12, indent=4), KconfigLine(help, line=13, indent=4), KconfigLine(other, line=14, indent=8), KconfigLine(other, line=15, indent=8), KconfigLine(other, line=16, indent=8), KconfigLine(empty, line=17, indent=0), KconfigLine(choice, line=18, indent=0), KconfigLine(default, line=20, indent=4), KconfigLine(help, line=21, indent=4), KconfigLine(other, line=22, indent=8), KconfigLine(other, line=23, indent=8), KconfigLine(other, line=24, indent=8), KconfigLine(empty, line=25, indent=0), KconfigLine(config, line=26, indent=4), KconfigLine(type_bool, line=27, indent=8), KconfigLine(empty, line=28, indent=0), KconfigLine(config, line=29, indent=4), KconfigLine(type_bool, line=30, indent=8), KconfigLine(empty, line=31, indent=0), KconfigLine(config, line=32, indent=4), KconfigLine(type_bool, line=33, indent=8), KconfigLine(empty, line=34, indent=0), KconfigLine(config, line=35, indent=4), KconfigLine(type_bool, line=36, indent=8), KconfigLine(empty, line=37, indent=0), KconfigLine(endchoice, line=38, indent=0)]
    GLOB LOG ----------------------------------------------------------------------------
    Resolve rsource: cdc/Kconfig at line 41
      no files found for the: cdc/Kconfig
    GLOB LOG ----------------------------------------------------------------------------
    Resolve rsource: dfu/Kconfig at line 42
      -> sys/usb/usbus/dfu/Kconfig
    Files matching: 1 (using rsource)
    GLOB LOG ----------------------------------------------------------------------------
    Resolve rsource: hid/Kconfig at line 43
      -> sys/usb/usbus/hid/Kconfig
    Files matching: 1 (using rsource)
    GLOB LOG ----------------------------------------------------------------------------
    Resolve rsource: msc/Kconfig at line 44
      -> sys/usb/usbus/msc/Kconfig
    Files matching: 1 (using rsource)
    FILE LOG --------------------------------------------------------------
    Reader input                44 lines
    -----------------------------------------------------------------------
    All source without glob:    0
    All source using glob:      0
    All osource_keywords:       0
    All rsource_keywords:       4
    All orsource_keywords:      0
    SUM (r/or/o)source lines:   4
    All "option env" attr:      0
    -----------------------------------------------------------------------
    Transformer Output:         42 lines
    -----------------------------------------------------------------------
        Added new bc of def_*:           0
        Added new bc of glob:            0
        Added new bc of config_default:  0
        Added new bc of named choice:    0
        Removed bc of config_default:    0
        Removed bc of named choice:      0
        Removed no match for o(r)source: 1
        Removed optional choice attr:    0
        Removed bool     choice attr:    1
        Removed tristate choice attr:    0
Excel saved: /home/ljd/wsMA_prototyp/transform_projects/transform_riot/RIOT_log/results3.xlsx
        Done writting 42 lines in /home/ljd/wsMA_prototyp/transform_projects/transform_riot/RIOT_output/sys/usb/usbus/Kconfig


Reader found: 2 lines in /home/ljd/riot/RIOT/sys/usb/usbus/cdc/Kconfig
call _transform_lines(lines from reader, input, configdefault dict info)
start transforming 2 input lines
    GLOB LOG ----------------------------------------------------------------------------
    Resolve rsource: acm/Kconfig at line 1
      -> sys/usb/usbus/cdc/acm/Kconfig
    Files matching: 1 (using rsource)
    GLOB LOG ----------------------------------------------------------------------------
    Resolve rsource: ecm/Kconfig at line 2
      -> sys/usb/usbus/cdc/ecm/Kconfig
    Files matching: 1 (using rsource)
    FILE LOG --------------------------------------------------------------
    Reader input                2 lines
    -----------------------------------------------------------------------
    All source without glob:    0
    All source using glob:      0
    All osource_keywords:       0
    All rsource_keywords:       2
    All orsource_keywords:      0
    SUM (r/or/o)source lines:   2
    All "option env" attr:      0
    -----------------------------------------------------------------------
    Transformer Output:         2 lines
    -----------------------------------------------------------------------
        Added new bc of def_*:           0
        Added new bc of glob:            0
        Added new bc of config_default:  0
        Added new bc of named choice:    0
        Removed bc of config_default:    0
        Removed bc of named choice:      0
        Removed no match for o(r)source: 0
        Removed optional choice attr:    0
        Removed bool     choice attr:    0
        Removed tristate choice attr:    0
Excel saved: /home/ljd/wsMA_prototyp/transform_projects/transform_riot/RIOT_log/results3.xlsx
        Done writting 2 lines in /home/ljd/wsMA_prototyp/transform_projects/transform_riot/RIOT_output/sys/usb/usbus/cdc/Kconfig


Reader found: 42 lines in /home/ljd/riot/RIOT/sys/usb/usbus/cdc/acm/Kconfig
call _transform_lines(lines from reader, input, configdefault dict info)
start transforming 42 input lines
current_indx: 21 - choice_attr_end: 27
PROCESS choice: [KconfigLine(commented, line=1, indent=0), KconfigLine(other, line=2, indent=0), KconfigLine(commented, line=3, indent=0), KconfigLine(commented, line=4, indent=0), KconfigLine(commented, line=5, indent=0), KconfigLine(other, line=6, indent=0), KconfigLine(empty, line=7, indent=0), KconfigLine(menu, line=8, indent=0), KconfigLine(depends_on, line=9, indent=4), KconfigLine(empty, line=10, indent=0), KconfigLine(config, line=11, indent=0), KconfigLine(type_int, line=12, indent=4), KconfigLine(depends_on, line=13, indent=4), KconfigLine(default, line=14, indent=4), KconfigLine(range, line=15, indent=4), KconfigLine(help, line=16, indent=4), KconfigLine(other, line=17, indent=8), KconfigLine(other, line=18, indent=8), KconfigLine(other, line=19, indent=8), KconfigLine(empty, line=20, indent=0), KconfigLine(choice, line=21, indent=0), KconfigLine(default, line=23, indent=4), KconfigLine(help, line=24, indent=4), KconfigLine(other, line=25, indent=8), KconfigLine(other, line=26, indent=8), KconfigLine(empty, line=27, indent=0), KconfigLine(config, line=28, indent=4), KconfigLine(type_bool, line=29, indent=8), KconfigLine(empty, line=30, indent=0), KconfigLine(config, line=31, indent=4), KconfigLine(type_bool, line=32, indent=8), KconfigLine(empty, line=33, indent=0), KconfigLine(config, line=34, indent=4), KconfigLine(type_bool, line=35, indent=8), KconfigLine(empty, line=36, indent=0), KconfigLine(config, line=37, indent=4), KconfigLine(type_bool, line=38, indent=8), KconfigLine(empty, line=39, indent=0), KconfigLine(endchoice, line=40, indent=0)]
    FILE LOG --------------------------------------------------------------
    Reader input                42 lines
    -----------------------------------------------------------------------
    All source without glob:    0
    All source using glob:      0
    All osource_keywords:       0
    All rsource_keywords:       0
    All orsource_keywords:      0
    SUM (r/or/o)source lines:   0
    All "option env" attr:      0
    -----------------------------------------------------------------------
    Transformer Output:         41 lines
    -----------------------------------------------------------------------
        Added new bc of def_*:           0
        Added new bc of glob:            0
        Added new bc of config_default:  0
        Added new bc of named choice:    0
        Removed bc of config_default:    0
        Removed bc of named choice:      0
        Removed no match for o(r)source: 0
        Removed optional choice attr:    0
        Removed bool     choice attr:    1
        Removed tristate choice attr:    0
Excel saved: /home/ljd/wsMA_prototyp/transform_projects/transform_riot/RIOT_log/results3.xlsx
        Done writting 41 lines in /home/ljd/wsMA_prototyp/transform_projects/transform_riot/RIOT_output/sys/usb/usbus/cdc/acm/Kconfig


Reader found: 39 lines in /home/ljd/riot/RIOT/sys/usb/usbus/cdc/ecm/Kconfig
call _transform_lines(lines from reader, input, configdefault dict info)
start transforming 39 input lines
    FILE LOG --------------------------------------------------------------
    Reader input                39 lines
    -----------------------------------------------------------------------
    All source without glob:    0
    All source using glob:      0
    All osource_keywords:       0
    All rsource_keywords:       0
    All orsource_keywords:      0
    SUM (r/or/o)source lines:   0
    All "option env" attr:      0
    -----------------------------------------------------------------------
    Transformer Output:         39 lines
    -----------------------------------------------------------------------
        Added new bc of def_*:           0
        Added new bc of glob:            0
        Added new bc of config_default:  0
        Added new bc of named choice:    0
        Removed bc of config_default:    0
        Removed bc of named choice:      0
        Removed no match for o(r)source: 0
        Removed optional choice attr:    0
        Removed bool     choice attr:    0
        Removed tristate choice attr:    0
Excel saved: /home/ljd/wsMA_prototyp/transform_projects/transform_riot/RIOT_log/results3.xlsx
        Done writting 39 lines in /home/ljd/wsMA_prototyp/transform_projects/transform_riot/RIOT_output/sys/usb/usbus/cdc/ecm/Kconfig


Reader found: 31 lines in /home/ljd/riot/RIOT/sys/usb/usbus/dfu/Kconfig
call _transform_lines(lines from reader, input, configdefault dict info)
start transforming 31 input lines
    FILE LOG --------------------------------------------------------------
    Reader input                31 lines
    -----------------------------------------------------------------------
    All source without glob:    0
    All source using glob:      0
    All osource_keywords:       0
    All rsource_keywords:       0
    All orsource_keywords:      0
    SUM (r/or/o)source lines:   0
    All "option env" attr:      0
    -----------------------------------------------------------------------
    Transformer Output:         31 lines
    -----------------------------------------------------------------------
        Added new bc of def_*:           0
        Added new bc of glob:            0
        Added new bc of config_default:  0
        Added new bc of named choice:    0
        Removed bc of config_default:    0
        Removed bc of named choice:      0
        Removed no match for o(r)source: 0
        Removed optional choice attr:    0
        Removed bool     choice attr:    0
        Removed tristate choice attr:    0
Excel saved: /home/ljd/wsMA_prototyp/transform_projects/transform_riot/RIOT_log/results3.xlsx
        Done writting 31 lines in /home/ljd/wsMA_prototyp/transform_projects/transform_riot/RIOT_output/sys/usb/usbus/dfu/Kconfig


Reader found: 11 lines in /home/ljd/riot/RIOT/sys/usb/usbus/hid/Kconfig
call _transform_lines(lines from reader, input, configdefault dict info)
start transforming 11 input lines
    FILE LOG --------------------------------------------------------------
    Reader input                11 lines
    -----------------------------------------------------------------------
    All source without glob:    0
    All source using glob:      0
    All osource_keywords:       0
    All rsource_keywords:       0
    All orsource_keywords:      0
    SUM (r/or/o)source lines:   0
    All "option env" attr:      0
    -----------------------------------------------------------------------
    Transformer Output:         11 lines
    -----------------------------------------------------------------------
        Added new bc of def_*:           0
        Added new bc of glob:            0
        Added new bc of config_default:  0
        Added new bc of named choice:    0
        Removed bc of config_default:    0
        Removed bc of named choice:      0
        Removed no match for o(r)source: 0
        Removed optional choice attr:    0
        Removed bool     choice attr:    0
        Removed tristate choice attr:    0
Excel saved: /home/ljd/wsMA_prototyp/transform_projects/transform_riot/RIOT_log/results3.xlsx
        Done writting 11 lines in /home/ljd/wsMA_prototyp/transform_projects/transform_riot/RIOT_output/sys/usb/usbus/hid/Kconfig


Reader found: 22 lines in /home/ljd/riot/RIOT/sys/usb/usbus/msc/Kconfig
call _transform_lines(lines from reader, input, configdefault dict info)
start transforming 22 input lines
    FILE LOG --------------------------------------------------------------
    Reader input                22 lines
    -----------------------------------------------------------------------
    All source without glob:    0
    All source using glob:      0
    All osource_keywords:       0
    All rsource_keywords:       0
    All orsource_keywords:      0
    SUM (r/or/o)source lines:   0
    All "option env" attr:      0
    -----------------------------------------------------------------------
    Transformer Output:         22 lines
    -----------------------------------------------------------------------
        Added new bc of def_*:           0
        Added new bc of glob:            0
        Added new bc of config_default:  0
        Added new bc of named choice:    0
        Removed bc of config_default:    0
        Removed bc of named choice:      0
        Removed no match for o(r)source: 0
        Removed optional choice attr:    0
        Removed bool     choice attr:    0
        Removed tristate choice attr:    0
Excel saved: /home/ljd/wsMA_prototyp/transform_projects/transform_riot/RIOT_log/results3.xlsx
        Done writting 22 lines in /home/ljd/wsMA_prototyp/transform_projects/transform_riot/RIOT_output/sys/usb/usbus/msc/Kconfig


Reader found: 21 lines in /home/ljd/riot/RIOT/pkg/Kconfig
call _transform_lines(lines from reader, input, configdefault dict info)
start transforming 21 input lines
    GLOB LOG ----------------------------------------------------------------------------
    Resolve rsource: flashdb/Kconfig at line 9
      -> pkg/flashdb/Kconfig
    Files matching: 1 (using rsource)
    GLOB LOG ----------------------------------------------------------------------------
    Resolve rsource: libfixmath/Kconfig at line 10
      -> pkg/libfixmath/Kconfig
    Files matching: 1 (using rsource)
    GLOB LOG ----------------------------------------------------------------------------
    Resolve rsource: libschc/Kconfig at line 11
      -> pkg/libschc/Kconfig
    Files matching: 1 (using rsource)
    GLOB LOG ----------------------------------------------------------------------------
    Resolve rsource: littlefs2/Kconfig at line 12
      -> pkg/littlefs2/Kconfig
    Files matching: 1 (using rsource)
    GLOB LOG ----------------------------------------------------------------------------
    Resolve rsource: lvgl/Kconfig at line 13
      -> pkg/lvgl/Kconfig
    Files matching: 1 (using rsource)
    GLOB LOG ----------------------------------------------------------------------------
    Resolve rsource: mbedtls/Kconfig at line 14
      -> pkg/mbedtls/Kconfig
    Files matching: 1 (using rsource)
    GLOB LOG ----------------------------------------------------------------------------
    Resolve rsource: semtech-loramac/Kconfig at line 15
      -> pkg/semtech-loramac/Kconfig
    Files matching: 1 (using rsource)
    GLOB LOG ----------------------------------------------------------------------------
    Resolve rsource: tinydtls/Kconfig at line 16
      -> pkg/tinydtls/Kconfig
    Files matching: 1 (using rsource)
    GLOB LOG ----------------------------------------------------------------------------
    Resolve rsource: tinyusb/Kconfig at line 17
      -> pkg/tinyusb/Kconfig
    Files matching: 1 (using rsource)
    GLOB LOG ----------------------------------------------------------------------------
    Resolve rsource: tinyvcdiff/Kconfig at line 18
      -> pkg/tinyvcdiff/Kconfig
    Files matching: 1 (using rsource)
    GLOB LOG ----------------------------------------------------------------------------
    Resolve rsource: wakaama/Kconfig at line 19
      -> pkg/wakaama/Kconfig
    Files matching: 1 (using rsource)
    FILE LOG --------------------------------------------------------------
    Reader input                21 lines
    -----------------------------------------------------------------------
    All source without glob:    0
    All source using glob:      0
    All osource_keywords:       0
    All rsource_keywords:       11
    All orsource_keywords:      0
    SUM (r/or/o)source lines:   11
    All "option env" attr:      0
    -----------------------------------------------------------------------
    Transformer Output:         21 lines
    -----------------------------------------------------------------------
        Added new bc of def_*:           0
        Added new bc of glob:            0
        Added new bc of config_default:  0
        Added new bc of named choice:    0
        Removed bc of config_default:    0
        Removed bc of named choice:      0
        Removed no match for o(r)source: 0
        Removed optional choice attr:    0
        Removed bool     choice attr:    0
        Removed tristate choice attr:    0
Excel saved: /home/ljd/wsMA_prototyp/transform_projects/transform_riot/RIOT_log/results3.xlsx
        Done writting 21 lines in /home/ljd/wsMA_prototyp/transform_projects/transform_riot/RIOT_output/pkg/Kconfig


Reader found: 20 lines in /home/ljd/riot/RIOT/pkg/flashdb/Kconfig
call _transform_lines(lines from reader, input, configdefault dict info)
start transforming 20 input lines
    FILE LOG --------------------------------------------------------------
    Reader input                20 lines
    -----------------------------------------------------------------------
    All source without glob:    0
    All source using glob:      0
    All osource_keywords:       0
    All rsource_keywords:       0
    All orsource_keywords:      0
    SUM (r/or/o)source lines:   0
    All "option env" attr:      0
    -----------------------------------------------------------------------
    Transformer Output:         20 lines
    -----------------------------------------------------------------------
        Added new bc of def_*:           0
        Added new bc of glob:            0
        Added new bc of config_default:  0
        Added new bc of named choice:    0
        Removed bc of config_default:    0
        Removed bc of named choice:      0
        Removed no match for o(r)source: 0
        Removed optional choice attr:    0
        Removed bool     choice attr:    0
        Removed tristate choice attr:    0
Excel saved: /home/ljd/wsMA_prototyp/transform_projects/transform_riot/RIOT_log/results3.xlsx
        Done writting 20 lines in /home/ljd/wsMA_prototyp/transform_projects/transform_riot/RIOT_output/pkg/flashdb/Kconfig


Reader found: 70 lines in /home/ljd/riot/RIOT/pkg/libfixmath/Kconfig
call _transform_lines(lines from reader, input, configdefault dict info)
start transforming 70 input lines
    FILE LOG --------------------------------------------------------------
    Reader input                70 lines
    -----------------------------------------------------------------------
    All source without glob:    0
    All source using glob:      0
    All osource_keywords:       0
    All rsource_keywords:       0
    All orsource_keywords:      0
    SUM (r/or/o)source lines:   0
    All "option env" attr:      0
    -----------------------------------------------------------------------
    Transformer Output:         70 lines
    -----------------------------------------------------------------------
        Added new bc of def_*:           0
        Added new bc of glob:            0
        Added new bc of config_default:  0
        Added new bc of named choice:    0
        Removed bc of config_default:    0
        Removed bc of named choice:      0
        Removed no match for o(r)source: 0
        Removed optional choice attr:    0
        Removed bool     choice attr:    0
        Removed tristate choice attr:    0
Excel saved: /home/ljd/wsMA_prototyp/transform_projects/transform_riot/RIOT_log/results3.xlsx
        Done writting 70 lines in /home/ljd/wsMA_prototyp/transform_projects/transform_riot/RIOT_output/pkg/libfixmath/Kconfig


Reader found: 34 lines in /home/ljd/riot/RIOT/pkg/libschc/Kconfig
call _transform_lines(lines from reader, input, configdefault dict info)
start transforming 34 input lines
    FILE LOG --------------------------------------------------------------
    Reader input                34 lines
    -----------------------------------------------------------------------
    All source without glob:    0
    All source using glob:      0
    All osource_keywords:       0
    All rsource_keywords:       0
    All orsource_keywords:      0
    SUM (r/or/o)source lines:   0
    All "option env" attr:      0
    -----------------------------------------------------------------------
    Transformer Output:         34 lines
    -----------------------------------------------------------------------
        Added new bc of def_*:           0
        Added new bc of glob:            0
        Added new bc of config_default:  0
        Added new bc of named choice:    0
        Removed bc of config_default:    0
        Removed bc of named choice:      0
        Removed no match for o(r)source: 0
        Removed optional choice attr:    0
        Removed bool     choice attr:    0
        Removed tristate choice attr:    0
Excel saved: /home/ljd/wsMA_prototyp/transform_projects/transform_riot/RIOT_log/results3.xlsx
        Done writting 34 lines in /home/ljd/wsMA_prototyp/transform_projects/transform_riot/RIOT_output/pkg/libschc/Kconfig


Reader found: 52 lines in /home/ljd/riot/RIOT/pkg/littlefs2/Kconfig
call _transform_lines(lines from reader, input, configdefault dict info)
start transforming 52 input lines
    FILE LOG --------------------------------------------------------------
    Reader input                52 lines
    -----------------------------------------------------------------------
    All source without glob:    0
    All source using glob:      0
    All osource_keywords:       0
    All rsource_keywords:       0
    All orsource_keywords:      0
    SUM (r/or/o)source lines:   0
    All "option env" attr:      0
    -----------------------------------------------------------------------
    Transformer Output:         52 lines
    -----------------------------------------------------------------------
        Added new bc of def_*:           0
        Added new bc of glob:            0
        Added new bc of config_default:  0
        Added new bc of named choice:    0
        Removed bc of config_default:    0
        Removed bc of named choice:      0
        Removed no match for o(r)source: 0
        Removed optional choice attr:    0
        Removed bool     choice attr:    0
        Removed tristate choice attr:    0
Excel saved: /home/ljd/wsMA_prototyp/transform_projects/transform_riot/RIOT_log/results3.xlsx
        Done writting 52 lines in /home/ljd/wsMA_prototyp/transform_projects/transform_riot/RIOT_output/pkg/littlefs2/Kconfig


Reader found: 21 lines in /home/ljd/riot/RIOT/pkg/lvgl/Kconfig
call _transform_lines(lines from reader, input, configdefault dict info)
start transforming 21 input lines
    GLOB LOG ----------------------------------------------------------------------------
    Resolve osource: $(PKGDIRBASE)/lvgl/Kconfig at line 21
      no files found for the: $(PKGDIRBASE)/lvgl/Kconfig
    FILE LOG --------------------------------------------------------------
    Reader input                21 lines
    -----------------------------------------------------------------------
    All source without glob:    0
    All source using glob:      0
    All osource_keywords:       1
    All rsource_keywords:       0
    All orsource_keywords:      0
    SUM (r/or/o)source lines:   1
    All "option env" attr:      0
    -----------------------------------------------------------------------
    Transformer Output:         20 lines
    -----------------------------------------------------------------------
        Added new bc of def_*:           0
        Added new bc of glob:            0
        Added new bc of config_default:  0
        Added new bc of named choice:    0
        Removed bc of config_default:    0
        Removed bc of named choice:      0
        Removed no match for o(r)source: 1
        Removed optional choice attr:    0
        Removed bool     choice attr:    0
        Removed tristate choice attr:    0
Excel saved: /home/ljd/wsMA_prototyp/transform_projects/transform_riot/RIOT_log/results3.xlsx
        Done writting 20 lines in /home/ljd/wsMA_prototyp/transform_projects/transform_riot/RIOT_output/pkg/lvgl/Kconfig


Reader found: 62 lines in /home/ljd/riot/RIOT/pkg/mbedtls/Kconfig
call _transform_lines(lines from reader, input, configdefault dict info)
start transforming 62 input lines
    GLOB LOG ----------------------------------------------------------------------------
    Resolve rsource: contrib/entropy/Kconfig at line 60
      -> pkg/mbedtls/contrib/entropy/Kconfig
    Files matching: 1 (using rsource)
    FILE LOG --------------------------------------------------------------
    Reader input                62 lines
    -----------------------------------------------------------------------
    All source without glob:    0
    All source using glob:      0
    All osource_keywords:       0
    All rsource_keywords:       1
    All orsource_keywords:      0
    SUM (r/or/o)source lines:   1
    All "option env" attr:      0
    -----------------------------------------------------------------------
    Transformer Output:         62 lines
    -----------------------------------------------------------------------
        Added new bc of def_*:           0
        Added new bc of glob:            0
        Added new bc of config_default:  0
        Added new bc of named choice:    0
        Removed bc of config_default:    0
        Removed bc of named choice:      0
        Removed no match for o(r)source: 0
        Removed optional choice attr:    0
        Removed bool     choice attr:    0
        Removed tristate choice attr:    0
Excel saved: /home/ljd/wsMA_prototyp/transform_projects/transform_riot/RIOT_log/results3.xlsx
        Done writting 62 lines in /home/ljd/wsMA_prototyp/transform_projects/transform_riot/RIOT_output/pkg/mbedtls/Kconfig


Reader found: 39 lines in /home/ljd/riot/RIOT/pkg/mbedtls/contrib/entropy/Kconfig
call _transform_lines(lines from reader, input, configdefault dict info)
start transforming 39 input lines
    FILE LOG --------------------------------------------------------------
    Reader input                39 lines
    -----------------------------------------------------------------------
    All source without glob:    0
    All source using glob:      0
    All osource_keywords:       0
    All rsource_keywords:       0
    All orsource_keywords:      0
    SUM (r/or/o)source lines:   0
    All "option env" attr:      0
    -----------------------------------------------------------------------
    Transformer Output:         39 lines
    -----------------------------------------------------------------------
        Added new bc of def_*:           0
        Added new bc of glob:            0
        Added new bc of config_default:  0
        Added new bc of named choice:    0
        Removed bc of config_default:    0
        Removed bc of named choice:      0
        Removed no match for o(r)source: 0
        Removed optional choice attr:    0
        Removed bool     choice attr:    0
        Removed tristate choice attr:    0
Excel saved: /home/ljd/wsMA_prototyp/transform_projects/transform_riot/RIOT_log/results3.xlsx
        Done writting 39 lines in /home/ljd/wsMA_prototyp/transform_projects/transform_riot/RIOT_output/pkg/mbedtls/contrib/entropy/Kconfig


Reader found: 8 lines in /home/ljd/riot/RIOT/pkg/semtech-loramac/Kconfig
call _transform_lines(lines from reader, input, configdefault dict info)
start transforming 8 input lines
    FILE LOG --------------------------------------------------------------
    Reader input                8 lines
    -----------------------------------------------------------------------
    All source without glob:    0
    All source using glob:      0
    All osource_keywords:       0
    All rsource_keywords:       0
    All orsource_keywords:      0
    SUM (r/or/o)source lines:   0
    All "option env" attr:      0
    -----------------------------------------------------------------------
    Transformer Output:         8 lines
    -----------------------------------------------------------------------
        Added new bc of def_*:           0
        Added new bc of glob:            0
        Added new bc of config_default:  0
        Added new bc of named choice:    0
        Removed bc of config_default:    0
        Removed bc of named choice:      0
        Removed no match for o(r)source: 0
        Removed optional choice attr:    0
        Removed bool     choice attr:    0
        Removed tristate choice attr:    0
Excel saved: /home/ljd/wsMA_prototyp/transform_projects/transform_riot/RIOT_log/results3.xlsx
        Done writting 8 lines in /home/ljd/wsMA_prototyp/transform_projects/transform_riot/RIOT_output/pkg/semtech-loramac/Kconfig


Reader found: 40 lines in /home/ljd/riot/RIOT/pkg/tinydtls/Kconfig
call _transform_lines(lines from reader, input, configdefault dict info)
start transforming 40 input lines
    FILE LOG --------------------------------------------------------------
    Reader input                40 lines
    -----------------------------------------------------------------------
    All source without glob:    0
    All source using glob:      0
    All osource_keywords:       0
    All rsource_keywords:       0
    All orsource_keywords:      0
    SUM (r/or/o)source lines:   0
    All "option env" attr:      0
    -----------------------------------------------------------------------
    Transformer Output:         40 lines
    -----------------------------------------------------------------------
        Added new bc of def_*:           0
        Added new bc of glob:            0
        Added new bc of config_default:  0
        Added new bc of named choice:    0
        Removed bc of config_default:    0
        Removed bc of named choice:      0
        Removed no match for o(r)source: 0
        Removed optional choice attr:    0
        Removed bool     choice attr:    0
        Removed tristate choice attr:    0
Excel saved: /home/ljd/wsMA_prototyp/transform_projects/transform_riot/RIOT_log/results3.xlsx
        Done writting 40 lines in /home/ljd/wsMA_prototyp/transform_projects/transform_riot/RIOT_output/pkg/tinydtls/Kconfig


Reader found: 48 lines in /home/ljd/riot/RIOT/pkg/tinyusb/Kconfig
call _transform_lines(lines from reader, input, configdefault dict info)
start transforming 48 input lines
    GLOB LOG ----------------------------------------------------------------------------
    Resolve rsource: Kconfig.cdc at line 12
      -> pkg/tinyusb/Kconfig.cdc
    Files matching: 1 (using rsource)
    GLOB LOG ----------------------------------------------------------------------------
    Resolve rsource: dfu/Kconfig.dfu at line 13
      -> pkg/tinyusb/dfu/Kconfig.dfu
    Files matching: 1 (using rsource)
    GLOB LOG ----------------------------------------------------------------------------
    Resolve rsource: dfu/Kconfig.dfu_rt at line 14
      -> pkg/tinyusb/dfu/Kconfig.dfu_rt
    Files matching: 1 (using rsource)
    GLOB LOG ----------------------------------------------------------------------------
    Resolve rsource: Kconfig.hid at line 15
      -> pkg/tinyusb/Kconfig.hid
    Files matching: 1 (using rsource)
    GLOB LOG ----------------------------------------------------------------------------
    Resolve rsource: Kconfig.msc at line 16
      -> pkg/tinyusb/Kconfig.msc
    Files matching: 1 (using rsource)
    FILE LOG --------------------------------------------------------------
    Reader input                48 lines
    -----------------------------------------------------------------------
    All source without glob:    0
    All source using glob:      0
    All osource_keywords:       0
    All rsource_keywords:       5
    All orsource_keywords:      0
    SUM (r/or/o)source lines:   5
    All "option env" attr:      0
    -----------------------------------------------------------------------
    Transformer Output:         48 lines
    -----------------------------------------------------------------------
        Added new bc of def_*:           0
        Added new bc of glob:            0
        Added new bc of config_default:  0
        Added new bc of named choice:    0
        Removed bc of config_default:    0
        Removed bc of named choice:      0
        Removed no match for o(r)source: 0
        Removed optional choice attr:    0
        Removed bool     choice attr:    0
        Removed tristate choice attr:    0
Excel saved: /home/ljd/wsMA_prototyp/transform_projects/transform_riot/RIOT_log/results3.xlsx
        Done writting 48 lines in /home/ljd/wsMA_prototyp/transform_projects/transform_riot/RIOT_output/pkg/tinyusb/Kconfig


Reader found: 37 lines in /home/ljd/riot/RIOT/pkg/tinyusb/Kconfig.cdc
call _transform_lines(lines from reader, input, configdefault dict info)
start transforming 37 input lines
    FILE LOG --------------------------------------------------------------
    Reader input                37 lines
    -----------------------------------------------------------------------
    All source without glob:    0
    All source using glob:      0
    All osource_keywords:       0
    All rsource_keywords:       0
    All orsource_keywords:      0
    SUM (r/or/o)source lines:   0
    All "option env" attr:      0
    -----------------------------------------------------------------------
    Transformer Output:         37 lines
    -----------------------------------------------------------------------
        Added new bc of def_*:           0
        Added new bc of glob:            0
        Added new bc of config_default:  0
        Added new bc of named choice:    0
        Removed bc of config_default:    0
        Removed bc of named choice:      0
        Removed no match for o(r)source: 0
        Removed optional choice attr:    0
        Removed bool     choice attr:    0
        Removed tristate choice attr:    0
Excel saved: /home/ljd/wsMA_prototyp/transform_projects/transform_riot/RIOT_log/results3.xlsx
        Done writting 37 lines in /home/ljd/wsMA_prototyp/transform_projects/transform_riot/RIOT_output/pkg/tinyusb/Kconfig.cdc


Reader found: 46 lines in /home/ljd/riot/RIOT/pkg/tinyusb/dfu/Kconfig.dfu
call _transform_lines(lines from reader, input, configdefault dict info)
start transforming 46 input lines
    FILE LOG --------------------------------------------------------------
    Reader input                46 lines
    -----------------------------------------------------------------------
    All source without glob:    0
    All source using glob:      0
    All osource_keywords:       0
    All rsource_keywords:       0
    All orsource_keywords:      0
    SUM (r/or/o)source lines:   0
    All "option env" attr:      0
    -----------------------------------------------------------------------
    Transformer Output:         46 lines
    -----------------------------------------------------------------------
        Added new bc of def_*:           0
        Added new bc of glob:            0
        Added new bc of config_default:  0
        Added new bc of named choice:    0
        Removed bc of config_default:    0
        Removed bc of named choice:      0
        Removed no match for o(r)source: 0
        Removed optional choice attr:    0
        Removed bool     choice attr:    0
        Removed tristate choice attr:    0
Excel saved: /home/ljd/wsMA_prototyp/transform_projects/transform_riot/RIOT_log/results3.xlsx
        Done writting 46 lines in /home/ljd/wsMA_prototyp/transform_projects/transform_riot/RIOT_output/pkg/tinyusb/dfu/Kconfig.dfu


Reader found: 26 lines in /home/ljd/riot/RIOT/pkg/tinyusb/dfu/Kconfig.dfu_rt
call _transform_lines(lines from reader, input, configdefault dict info)
start transforming 26 input lines
    FILE LOG --------------------------------------------------------------
    Reader input                26 lines
    -----------------------------------------------------------------------
    All source without glob:    0
    All source using glob:      0
    All osource_keywords:       0
    All rsource_keywords:       0
    All orsource_keywords:      0
    SUM (r/or/o)source lines:   0
    All "option env" attr:      0
    -----------------------------------------------------------------------
    Transformer Output:         26 lines
    -----------------------------------------------------------------------
        Added new bc of def_*:           0
        Added new bc of glob:            0
        Added new bc of config_default:  0
        Added new bc of named choice:    0
        Removed bc of config_default:    0
        Removed bc of named choice:      0
        Removed no match for o(r)source: 0
        Removed optional choice attr:    0
        Removed bool     choice attr:    0
        Removed tristate choice attr:    0
Excel saved: /home/ljd/wsMA_prototyp/transform_projects/transform_riot/RIOT_log/results3.xlsx
        Done writting 26 lines in /home/ljd/wsMA_prototyp/transform_projects/transform_riot/RIOT_output/pkg/tinyusb/dfu/Kconfig.dfu_rt


Reader found: 39 lines in /home/ljd/riot/RIOT/pkg/tinyusb/Kconfig.hid
call _transform_lines(lines from reader, input, configdefault dict info)
start transforming 39 input lines
    FILE LOG --------------------------------------------------------------
    Reader input                39 lines
    -----------------------------------------------------------------------
    All source without glob:    0
    All source using glob:      0
    All osource_keywords:       0
    All rsource_keywords:       0
    All orsource_keywords:      0
    SUM (r/or/o)source lines:   0
    All "option env" attr:      0
    -----------------------------------------------------------------------
    Transformer Output:         39 lines
    -----------------------------------------------------------------------
        Added new bc of def_*:           0
        Added new bc of glob:            0
        Added new bc of config_default:  0
        Added new bc of named choice:    0
        Removed bc of config_default:    0
        Removed bc of named choice:      0
        Removed no match for o(r)source: 0
        Removed optional choice attr:    0
        Removed bool     choice attr:    0
        Removed tristate choice attr:    0
Excel saved: /home/ljd/wsMA_prototyp/transform_projects/transform_riot/RIOT_log/results3.xlsx
        Done writting 39 lines in /home/ljd/wsMA_prototyp/transform_projects/transform_riot/RIOT_output/pkg/tinyusb/Kconfig.hid


Reader found: 27 lines in /home/ljd/riot/RIOT/pkg/tinyusb/Kconfig.msc
call _transform_lines(lines from reader, input, configdefault dict info)
start transforming 27 input lines
    FILE LOG --------------------------------------------------------------
    Reader input                27 lines
    -----------------------------------------------------------------------
    All source without glob:    0
    All source using glob:      0
    All osource_keywords:       0
    All rsource_keywords:       0
    All orsource_keywords:      0
    SUM (r/or/o)source lines:   0
    All "option env" attr:      0
    -----------------------------------------------------------------------
    Transformer Output:         27 lines
    -----------------------------------------------------------------------
        Added new bc of def_*:           0
        Added new bc of glob:            0
        Added new bc of config_default:  0
        Added new bc of named choice:    0
        Removed bc of config_default:    0
        Removed bc of named choice:      0
        Removed no match for o(r)source: 0
        Removed optional choice attr:    0
        Removed bool     choice attr:    0
        Removed tristate choice attr:    0
Excel saved: /home/ljd/wsMA_prototyp/transform_projects/transform_riot/RIOT_log/results3.xlsx
        Done writting 27 lines in /home/ljd/wsMA_prototyp/transform_projects/transform_riot/RIOT_output/pkg/tinyusb/Kconfig.msc


Reader found: 28 lines in /home/ljd/riot/RIOT/pkg/tinyvcdiff/Kconfig
call _transform_lines(lines from reader, input, configdefault dict info)
start transforming 28 input lines
    FILE LOG --------------------------------------------------------------
    Reader input                28 lines
    -----------------------------------------------------------------------
    All source without glob:    0
    All source using glob:      0
    All osource_keywords:       0
    All rsource_keywords:       0
    All orsource_keywords:      0
    SUM (r/or/o)source lines:   0
    All "option env" attr:      0
    -----------------------------------------------------------------------
    Transformer Output:         28 lines
    -----------------------------------------------------------------------
        Added new bc of def_*:           0
        Added new bc of glob:            0
        Added new bc of config_default:  0
        Added new bc of named choice:    0
        Removed bc of config_default:    0
        Removed bc of named choice:      0
        Removed no match for o(r)source: 0
        Removed optional choice attr:    0
        Removed bool     choice attr:    0
        Removed tristate choice attr:    0
Excel saved: /home/ljd/wsMA_prototyp/transform_projects/transform_riot/RIOT_log/results3.xlsx
        Done writting 28 lines in /home/ljd/wsMA_prototyp/transform_projects/transform_riot/RIOT_output/pkg/tinyvcdiff/Kconfig


Reader found: 73 lines in /home/ljd/riot/RIOT/pkg/wakaama/Kconfig
call _transform_lines(lines from reader, input, configdefault dict info)
start transforming 73 input lines
    GLOB LOG ----------------------------------------------------------------------------
    Resolve rsource: contrib/objects/Kconfig at line 22
      -> pkg/wakaama/contrib/objects/Kconfig
    Files matching: 1 (using rsource)
    FILE LOG --------------------------------------------------------------
    Reader input                73 lines
    -----------------------------------------------------------------------
    All source without glob:    0
    All source using glob:      0
    All osource_keywords:       0
    All rsource_keywords:       1
    All orsource_keywords:      0
    SUM (r/or/o)source lines:   1
    All "option env" attr:      0
    -----------------------------------------------------------------------
    Transformer Output:         73 lines
    -----------------------------------------------------------------------
        Added new bc of def_*:           0
        Added new bc of glob:            0
        Added new bc of config_default:  0
        Added new bc of named choice:    0
        Removed bc of config_default:    0
        Removed bc of named choice:      0
        Removed no match for o(r)source: 0
        Removed optional choice attr:    0
        Removed bool     choice attr:    0
        Removed tristate choice attr:    0
Excel saved: /home/ljd/wsMA_prototyp/transform_projects/transform_riot/RIOT_log/results3.xlsx
        Done writting 73 lines in /home/ljd/wsMA_prototyp/transform_projects/transform_riot/RIOT_output/pkg/wakaama/Kconfig


Reader found: 15 lines in /home/ljd/riot/RIOT/pkg/wakaama/contrib/objects/Kconfig
call _transform_lines(lines from reader, input, configdefault dict info)
start transforming 15 input lines
    GLOB LOG ----------------------------------------------------------------------------
    Resolve rsource: Kconfig.device at line 10
      -> pkg/wakaama/contrib/objects/Kconfig.device
    Files matching: 1 (using rsource)
    GLOB LOG ----------------------------------------------------------------------------
    Resolve rsource: Kconfig.security at line 11
      -> pkg/wakaama/contrib/objects/Kconfig.security
    Files matching: 1 (using rsource)
    GLOB LOG ----------------------------------------------------------------------------
    Resolve rsource: Kconfig.ipso at line 12
      -> pkg/wakaama/contrib/objects/Kconfig.ipso
    Files matching: 1 (using rsource)
    GLOB LOG ----------------------------------------------------------------------------
    Resolve rsource: Kconfig.light_control at line 13
      -> pkg/wakaama/contrib/objects/Kconfig.light_control
    Files matching: 1 (using rsource)
    FILE LOG --------------------------------------------------------------
    Reader input                15 lines
    -----------------------------------------------------------------------
    All source without glob:    0
    All source using glob:      0
    All osource_keywords:       0
    All rsource_keywords:       4
    All orsource_keywords:      0
    SUM (r/or/o)source lines:   4
    All "option env" attr:      0
    -----------------------------------------------------------------------
    Transformer Output:         15 lines
    -----------------------------------------------------------------------
        Added new bc of def_*:           0
        Added new bc of glob:            0
        Added new bc of config_default:  0
        Added new bc of named choice:    0
        Removed bc of config_default:    0
        Removed bc of named choice:      0
        Removed no match for o(r)source: 0
        Removed optional choice attr:    0
        Removed bool     choice attr:    0
        Removed tristate choice attr:    0
Excel saved: /home/ljd/wsMA_prototyp/transform_projects/transform_riot/RIOT_log/results3.xlsx
        Done writting 15 lines in /home/ljd/wsMA_prototyp/transform_projects/transform_riot/RIOT_output/pkg/wakaama/contrib/objects/Kconfig


Reader found: 68 lines in /home/ljd/riot/RIOT/pkg/wakaama/contrib/objects/Kconfig.device
call _transform_lines(lines from reader, input, configdefault dict info)
start transforming 68 input lines
current_indx: 10 - choice_attr_end: 13
PROCESS choice: [KconfigLine(commented, line=1, indent=0), KconfigLine(other, line=2, indent=0), KconfigLine(commented, line=3, indent=0), KconfigLine(commented, line=4, indent=0), KconfigLine(commented, line=5, indent=0), KconfigLine(other, line=6, indent=0), KconfigLine(empty, line=7, indent=0), KconfigLine(menu, line=8, indent=0), KconfigLine(empty, line=9, indent=0), KconfigLine(choice, line=10, indent=0), KconfigLine(default, line=12, indent=4), KconfigLine(empty, line=13, indent=0), KconfigLine(config, line=14, indent=0), KconfigLine(type_bool, line=15, indent=4), KconfigLine(empty, line=16, indent=0), KconfigLine(config, line=17, indent=0), KconfigLine(type_bool, line=18, indent=4), KconfigLine(empty, line=19, indent=0), KconfigLine(config, line=20, indent=0), KconfigLine(type_bool, line=21, indent=4), KconfigLine(empty, line=22, indent=0), KconfigLine(config, line=23, indent=0), KconfigLine(type_bool, line=24, indent=4), KconfigLine(empty, line=25, indent=0), KconfigLine(config, line=26, indent=0), KconfigLine(type_bool, line=27, indent=4), KconfigLine(empty, line=28, indent=0), KconfigLine(config, line=29, indent=0), KconfigLine(type_bool, line=30, indent=4), KconfigLine(empty, line=31, indent=0), KconfigLine(endchoice, line=32, indent=0)]
    FILE LOG --------------------------------------------------------------
    Reader input                68 lines
    -----------------------------------------------------------------------
    All source without glob:    0
    All source using glob:      0
    All osource_keywords:       0
    All rsource_keywords:       0
    All orsource_keywords:      0
    SUM (r/or/o)source lines:   0
    All "option env" attr:      0
    -----------------------------------------------------------------------
    Transformer Output:         67 lines
    -----------------------------------------------------------------------
        Added new bc of def_*:           0
        Added new bc of glob:            0
        Added new bc of config_default:  0
        Added new bc of named choice:    0
        Removed bc of config_default:    0
        Removed bc of named choice:      0
        Removed no match for o(r)source: 0
        Removed optional choice attr:    0
        Removed bool     choice attr:    1
        Removed tristate choice attr:    0
Excel saved: /home/ljd/wsMA_prototyp/transform_projects/transform_riot/RIOT_log/results3.xlsx
        Done writting 67 lines in /home/ljd/wsMA_prototyp/transform_projects/transform_riot/RIOT_output/pkg/wakaama/contrib/objects/Kconfig.device


Reader found: 26 lines in /home/ljd/riot/RIOT/pkg/wakaama/contrib/objects/Kconfig.security
call _transform_lines(lines from reader, input, configdefault dict info)
start transforming 26 input lines
    FILE LOG --------------------------------------------------------------
    Reader input                26 lines
    -----------------------------------------------------------------------
    All source without glob:    0
    All source using glob:      0
    All osource_keywords:       0
    All rsource_keywords:       0
    All orsource_keywords:      0
    SUM (r/or/o)source lines:   0
    All "option env" attr:      0
    -----------------------------------------------------------------------
    Transformer Output:         26 lines
    -----------------------------------------------------------------------
        Added new bc of def_*:           0
        Added new bc of glob:            0
        Added new bc of config_default:  0
        Added new bc of named choice:    0
        Removed bc of config_default:    0
        Removed bc of named choice:      0
        Removed no match for o(r)source: 0
        Removed optional choice attr:    0
        Removed bool     choice attr:    0
        Removed tristate choice attr:    0
Excel saved: /home/ljd/wsMA_prototyp/transform_projects/transform_riot/RIOT_log/results3.xlsx
        Done writting 26 lines in /home/ljd/wsMA_prototyp/transform_projects/transform_riot/RIOT_output/pkg/wakaama/contrib/objects/Kconfig.security


Reader found: 62 lines in /home/ljd/riot/RIOT/pkg/wakaama/contrib/objects/Kconfig.ipso
call _transform_lines(lines from reader, input, configdefault dict info)
start transforming 62 input lines
    FILE LOG --------------------------------------------------------------
    Reader input                62 lines
    -----------------------------------------------------------------------
    All source without glob:    0
    All source using glob:      0
    All osource_keywords:       0
    All rsource_keywords:       0
    All orsource_keywords:      0
    SUM (r/or/o)source lines:   0
    All "option env" attr:      0
    -----------------------------------------------------------------------
    Transformer Output:         62 lines
    -----------------------------------------------------------------------
        Added new bc of def_*:           0
        Added new bc of glob:            0
        Added new bc of config_default:  0
        Added new bc of named choice:    0
        Removed bc of config_default:    0
        Removed bc of named choice:      0
        Removed no match for o(r)source: 0
        Removed optional choice attr:    0
        Removed bool     choice attr:    0
        Removed tristate choice attr:    0
Excel saved: /home/ljd/wsMA_prototyp/transform_projects/transform_riot/RIOT_log/results3.xlsx
        Done writting 62 lines in /home/ljd/wsMA_prototyp/transform_projects/transform_riot/RIOT_output/pkg/wakaama/contrib/objects/Kconfig.ipso


Reader found: 22 lines in /home/ljd/riot/RIOT/pkg/wakaama/contrib/objects/Kconfig.light_control
call _transform_lines(lines from reader, input, configdefault dict info)
start transforming 22 input lines
    FILE LOG --------------------------------------------------------------
    Reader input                22 lines
    -----------------------------------------------------------------------
    All source without glob:    0
    All source using glob:      0
    All osource_keywords:       0
    All rsource_keywords:       0
    All orsource_keywords:      0
    SUM (r/or/o)source lines:   0
    All "option env" attr:      0
    -----------------------------------------------------------------------
    Transformer Output:         22 lines
    -----------------------------------------------------------------------
        Added new bc of def_*:           0
        Added new bc of glob:            0
        Added new bc of config_default:  0
        Added new bc of named choice:    0
        Removed bc of config_default:    0
        Removed bc of named choice:      0
        Removed no match for o(r)source: 0
        Removed optional choice attr:    0
        Removed bool     choice attr:    0
        Removed tristate choice attr:    0
Excel saved: /home/ljd/wsMA_prototyp/transform_projects/transform_riot/RIOT_log/results3.xlsx
        Done writting 22 lines in /home/ljd/wsMA_prototyp/transform_projects/transform_riot/RIOT_output/pkg/wakaama/contrib/objects/Kconfig.light_control


Reader found: 1 lines in /home/ljd/riot/RIOT/examples/basic/hello-world/bin/native64/generated/Kconfig.external_modules
call _transform_lines(lines from reader, input, configdefault dict info)
start transforming 1 input lines
    FILE LOG --------------------------------------------------------------
    Reader input                1 lines
    -----------------------------------------------------------------------
    All source without glob:    0
    All source using glob:      0
    All osource_keywords:       0
    All rsource_keywords:       0
    All orsource_keywords:      0
    SUM (r/or/o)source lines:   0
    All "option env" attr:      0
    -----------------------------------------------------------------------
    Transformer Output:         1 lines
    -----------------------------------------------------------------------
        Added new bc of def_*:           0
        Added new bc of glob:            0
        Added new bc of config_default:  0
        Added new bc of named choice:    0
        Removed bc of config_default:    0
        Removed bc of named choice:      0
        Removed no match for o(r)source: 0
        Removed optional choice attr:    0
        Removed bool     choice attr:    0
        Removed tristate choice attr:    0
Excel saved: /home/ljd/wsMA_prototyp/transform_projects/transform_riot/RIOT_log/results3.xlsx
        Done writting 1 lines in /home/ljd/wsMA_prototyp/transform_projects/transform_riot/RIOT_output/examples/basic/hello-world/bin/native64/generated/Kconfig.external_modules


Reader found: 1 lines in /home/ljd/riot/RIOT/examples/basic/hello-world/bin/native64/generated/Kconfig.external_pkgs
call _transform_lines(lines from reader, input, configdefault dict info)
start transforming 1 input lines
    FILE LOG --------------------------------------------------------------
    Reader input                1 lines
    -----------------------------------------------------------------------
    All source without glob:    0
    All source using glob:      0
    All osource_keywords:       0
    All rsource_keywords:       0
    All orsource_keywords:      0
    SUM (r/or/o)source lines:   0
    All "option env" attr:      0
    -----------------------------------------------------------------------
    Transformer Output:         1 lines
    -----------------------------------------------------------------------
        Added new bc of def_*:           0
        Added new bc of glob:            0
        Added new bc of config_default:  0
        Added new bc of named choice:    0
        Removed bc of config_default:    0
        Removed bc of named choice:      0
        Removed no match for o(r)source: 0
        Removed optional choice attr:    0
        Removed bool     choice attr:    0
        Removed tristate choice attr:    0
Excel saved: /home/ljd/wsMA_prototyp/transform_projects/transform_riot/RIOT_log/results3.xlsx
        Done writting 1 lines in /home/ljd/wsMA_prototyp/transform_projects/transform_riot/RIOT_output/examples/basic/hello-world/bin/native64/generated/Kconfig.external_pkgs
----------------------------------------------------------------------
finished transforming: 166 files transformed
----------------------------------------------------------------------
Overall parser info: 
    -> ExParserContext - unique options: 843
    -> ExParserContext - configdefaults: 0 ()
    -> ExParserContext - unique choices: 45
    -> ExParserContext - named choices:  1
----------------------------------------------------------------------
    option modules: 0
----------------------------------------------------------------------
count options/attr that are not transformed: 
    allnoconfig_y:  0
    defconfig_list: 0
    warning:        0
    set:            0
    set default:    0

====================================================================================================
TIMER REPORT:
====================================================================================================
    Parser initialization.............................    0.003578s
    Got parser results................................    0.046938s
    Built context from parser results.................    0.003581s
    File transformation and excel log.................    6.246058s
----------------------------------------------------------------------------------------------------
    TOTAL TIME........................................   6.300156s ~ 6.30s
====================================================================================================
