====================================================================================================
TRANSFORMATION PROTOTYP LOG
====================================================================================================
/home/ljd/wsMA_prototyp/transform_projects/transform_px4/PX4_log/transform6.log
====================================================================================================
Root: /home/ljd/px4/PX4-Autopilot
Main file: Kconfig
Output dir: /home/ljd/wsMA_prototyp/transform_projects/transform_px4/PX4_output
====================================================================================================
<zrtos_parser.ZRTOSParser object at 0x7ced9e534a40>
Defined symbols: 834
Unique symbols: 834
Files: 345

2. Build ExtParserContext FROM PARSER RESULTS
 Transformer used: ZRTOS
 call different attributes on options found in parser_result['unique_defined_syms']
====================================================================================================
Build context finished
    get_all_source_files: 
    parser found: Kconfig
    parser found: src/drivers/Kconfig
    parser found: src/drivers/actuators/Kconfig
    parser found: src/drivers/actuators/vertiq_io/Kconfig
    parser found: src/drivers/actuators/voxl_esc/Kconfig
    parser found: src/drivers/adc/Kconfig
    parser found: src/drivers/adc/ads1115/Kconfig
    parser found: src/drivers/adc/ads7953/Kconfig
    parser found: src/drivers/adc/board_adc/Kconfig
    parser found: src/drivers/adc/tla2528/Kconfig
    parser found: src/drivers/barometer/Kconfig
    parser found: src/drivers/barometer/bmp280/Kconfig
    parser found: src/drivers/barometer/bmp388/Kconfig
    parser found: src/drivers/barometer/bmp581/Kconfig
    parser found: src/drivers/barometer/dps310/Kconfig
    parser found: src/drivers/barometer/goertek/Kconfig
    parser found: src/drivers/barometer/goertek/spa06/Kconfig
    parser found: src/drivers/barometer/goertek/spl06/Kconfig
    parser found: src/drivers/barometer/invensense/Kconfig
    parser found: src/drivers/barometer/invensense/icp101xx/Kconfig
    parser found: src/drivers/barometer/invensense/icp201xx/Kconfig
    parser found: src/drivers/barometer/lps22hb/Kconfig
    parser found: src/drivers/barometer/lps25h/Kconfig
    parser found: src/drivers/barometer/lps33hw/Kconfig
    parser found: src/drivers/barometer/maiertek/Kconfig
    parser found: src/drivers/barometer/maiertek/mpc2520/Kconfig
    parser found: src/drivers/barometer/mpl3115a2/Kconfig
    parser found: src/drivers/barometer/ms5611/Kconfig
    parser found: src/drivers/barometer/ms5837/Kconfig
    parser found: src/drivers/barometer/tcbp001ta/Kconfig
    parser found: src/drivers/batt_smbus/Kconfig
    parser found: src/drivers/bootloaders/Kconfig
    parser found: src/drivers/camera_capture/Kconfig
    parser found: src/drivers/camera_trigger/Kconfig
    parser found: src/drivers/cdcacm_autostart/Kconfig
    parser found: src/drivers/cyphal/Kconfig
    parser found: src/drivers/differential_pressure/Kconfig
    parser found: src/drivers/differential_pressure/asp5033/Kconfig
    parser found: src/drivers/differential_pressure/auav/Kconfig
    parser found: src/drivers/differential_pressure/ets/Kconfig
    parser found: src/drivers/differential_pressure/ms4515/Kconfig
    parser found: src/drivers/differential_pressure/ms4525do/Kconfig
    parser found: src/drivers/differential_pressure/ms5525dso/Kconfig
    parser found: src/drivers/differential_pressure/sdp3x/Kconfig
    parser found: src/drivers/distance_sensor/Kconfig
    parser found: src/drivers/distance_sensor/broadcom/Kconfig
    parser found: src/drivers/distance_sensor/broadcom/afbrs50/Kconfig
    parser found: src/drivers/distance_sensor/cm8jl65/Kconfig
    parser found: src/drivers/distance_sensor/gy_us42/Kconfig
    parser found: src/drivers/distance_sensor/leddar_one/Kconfig
    parser found: src/drivers/distance_sensor/lightware_laser_i2c/Kconfig
    parser found: src/drivers/distance_sensor/lightware_laser_serial/Kconfig
    parser found: src/drivers/distance_sensor/lightware_sf45_serial/Kconfig
    parser found: src/drivers/distance_sensor/ll40ls/Kconfig
    parser found: src/drivers/distance_sensor/ll40ls_pwm/Kconfig
    parser found: src/drivers/distance_sensor/mappydot/Kconfig
    parser found: src/drivers/distance_sensor/mb12xx/Kconfig
    parser found: src/drivers/distance_sensor/pga460/Kconfig
    parser found: src/drivers/distance_sensor/srf02/Kconfig
    parser found: src/drivers/distance_sensor/srf05/Kconfig
    parser found: src/drivers/distance_sensor/teraranger/Kconfig
    parser found: src/drivers/distance_sensor/tf02pro/Kconfig
    parser found: src/drivers/distance_sensor/tfmini/Kconfig
    parser found: src/drivers/distance_sensor/ulanding_radar/Kconfig
    parser found: src/drivers/distance_sensor/vl53l0x/Kconfig
    parser found: src/drivers/distance_sensor/vl53l1x/Kconfig
    parser found: src/drivers/dshot/Kconfig
    parser found: src/drivers/gnss/Kconfig
    parser found: src/drivers/gnss/septentrio/Kconfig
    parser found: src/drivers/gpio/Kconfig
    parser found: src/drivers/gpio/mcp23009/Kconfig
    parser found: src/drivers/gpio/mcp23017/Kconfig
    parser found: src/drivers/gps/Kconfig
    parser found: src/drivers/heater/Kconfig
    parser found: src/drivers/hygrometer/Kconfig
    parser found: src/drivers/hygrometer/sht3x/Kconfig
    parser found: src/drivers/imu/Kconfig
    parser found: src/drivers/imu/analog_devices/Kconfig
    parser found: src/drivers/imu/analog_devices/adis16448/Kconfig
    parser found: src/drivers/imu/analog_devices/adis16470/Kconfig
    parser found: src/drivers/imu/analog_devices/adis16477/Kconfig
    parser found: src/drivers/imu/analog_devices/adis16497/Kconfig
    parser found: src/drivers/imu/analog_devices/adis16507/Kconfig
    parser found: src/drivers/imu/bosch/Kconfig
    parser found: src/drivers/imu/bosch/bmi055/Kconfig
    parser found: src/drivers/imu/bosch/bmi085/Kconfig
    parser found: src/drivers/imu/bosch/bmi088/Kconfig
    parser found: src/drivers/imu/bosch/bmi088_i2c/Kconfig
    parser found: src/drivers/imu/bosch/bmi270/Kconfig
    parser found: src/drivers/imu/invensense/Kconfig
    parser found: src/drivers/imu/invensense/iam20680hp/Kconfig
    parser found: src/drivers/imu/invensense/icm20602/Kconfig
    parser found: src/drivers/imu/invensense/icm20608g/Kconfig
    parser found: src/drivers/imu/invensense/icm20649/Kconfig
    parser found: src/drivers/imu/invensense/icm20689/Kconfig
    parser found: src/drivers/imu/invensense/icm20948/Kconfig
    parser found: src/drivers/imu/invensense/icm40609d/Kconfig
    parser found: src/drivers/imu/invensense/icm42605/Kconfig
    parser found: src/drivers/imu/invensense/icm42670p/Kconfig
    parser found: src/drivers/imu/invensense/icm42688p/Kconfig
    parser found: src/drivers/imu/invensense/icm45686/Kconfig
    parser found: src/drivers/imu/invensense/iim42652/Kconfig
    parser found: src/drivers/imu/invensense/iim42653/Kconfig
    parser found: src/drivers/imu/invensense/mpu6000/Kconfig
    parser found: src/drivers/imu/invensense/mpu6500/Kconfig
    parser found: src/drivers/imu/invensense/mpu9250/Kconfig
    parser found: src/drivers/imu/murata/Kconfig
    parser found: src/drivers/imu/murata/sch16t/Kconfig
    parser found: src/drivers/imu/nxp/Kconfig
    parser found: src/drivers/imu/nxp/fxas21002c/Kconfig
    parser found: src/drivers/imu/nxp/fxos8701cq/Kconfig
    parser found: src/drivers/imu/st/Kconfig
    parser found: src/drivers/imu/st/l3gd20/Kconfig
    parser found: src/drivers/imu/st/lsm303d/Kconfig
    parser found: src/drivers/imu/st/lsm9ds1/Kconfig
    parser found: src/drivers/ins/Kconfig
    parser found: src/drivers/ins/eulernav_bahrs/Kconfig
    parser found: src/drivers/ins/ilabs/Kconfig
    parser found: src/drivers/ins/microstrain/Kconfig
    parser found: src/drivers/ins/sbgecom/Kconfig
    parser found: src/drivers/ins/vectornav/Kconfig
    parser found: src/drivers/irlock/Kconfig
    parser found: src/drivers/lights/Kconfig
    parser found: src/drivers/lights/neopixel/Kconfig
    parser found: src/drivers/lights/rgbled/Kconfig
    parser found: src/drivers/lights/rgbled_aw2023/Kconfig
    parser found: src/drivers/lights/rgbled_is31fl3195/Kconfig
    parser found: src/drivers/lights/rgbled_lp5562/Kconfig
    parser found: src/drivers/lights/rgbled_ncp5623c/Kconfig
    parser found: src/drivers/lights/rgbled_pwm/Kconfig
    parser found: src/drivers/linux_pwm_out/Kconfig
    parser found: src/drivers/magnetometer/Kconfig
    parser found: src/drivers/magnetometer/akm/Kconfig
    parser found: src/drivers/magnetometer/akm/ak09916/Kconfig
    parser found: src/drivers/magnetometer/akm/ak8963/Kconfig
    parser found: src/drivers/magnetometer/bosch/Kconfig
    parser found: src/drivers/magnetometer/bosch/bmm150/Kconfig
    parser found: src/drivers/magnetometer/bosch/bmm350/Kconfig
    parser found: src/drivers/magnetometer/hmc5883/Kconfig
    parser found: src/drivers/magnetometer/isentek/Kconfig
    parser found: src/drivers/magnetometer/isentek/ist8308/Kconfig
    parser found: src/drivers/magnetometer/isentek/ist8310/Kconfig
    parser found: src/drivers/magnetometer/lis3mdl/Kconfig
    parser found: src/drivers/magnetometer/lsm303agr/Kconfig
    parser found: src/drivers/magnetometer/lsm9ds1_mag/Kconfig
    parser found: src/drivers/magnetometer/memsic/Kconfig
    parser found: src/drivers/magnetometer/memsic/mmc5983ma/Kconfig
    parser found: src/drivers/magnetometer/qmc5883l/Kconfig
    parser found: src/drivers/magnetometer/qmc5883p/Kconfig
    parser found: src/drivers/magnetometer/rm3100/Kconfig
    parser found: src/drivers/magnetometer/st/Kconfig
    parser found: src/drivers/magnetometer/st/iis2mdc/Kconfig
    parser found: src/drivers/magnetometer/vtrantech/Kconfig
    parser found: src/drivers/magnetometer/vtrantech/vcm1193l/Kconfig
    parser found: src/drivers/optical_flow/Kconfig
    parser found: src/drivers/optical_flow/paa3905/Kconfig
    parser found: src/drivers/optical_flow/paw3902/Kconfig
    parser found: src/drivers/optical_flow/pmw3901/Kconfig
    parser found: src/drivers/optical_flow/px4flow/Kconfig
    parser found: src/drivers/optical_flow/thoneflow/Kconfig
    parser found: src/drivers/osd/Kconfig
    parser found: src/drivers/osd/atxxxx/Kconfig
    parser found: src/drivers/osd/msp_osd/Kconfig
    parser found: src/drivers/pca9685_pwm_out/Kconfig
    parser found: src/drivers/power_monitor/Kconfig
    parser found: src/drivers/power_monitor/ina220/Kconfig
    parser found: src/drivers/power_monitor/ina226/Kconfig
    parser found: src/drivers/power_monitor/ina228/Kconfig
    parser found: src/drivers/power_monitor/ina238/Kconfig
    parser found: src/drivers/power_monitor/pm_selector_auterion/Kconfig
    parser found: src/drivers/power_monitor/voxlpm/Kconfig
    parser found: src/drivers/pps_capture/Kconfig
    parser found: src/drivers/pwm_input/Kconfig
    parser found: src/drivers/pwm_out/Kconfig
    parser found: src/drivers/px4io/Kconfig
    parser found: src/drivers/qshell/Kconfig
    parser found: src/drivers/qshell/posix/Kconfig
    parser found: src/drivers/qshell/qurt/Kconfig
    parser found: src/drivers/rc/Kconfig
    parser found: src/drivers/rc/crsf_rc/Kconfig
    parser found: src/drivers/rc/dsm_rc/Kconfig
    parser found: src/drivers/rc/ghst_rc/Kconfig
    parser found: src/drivers/rc/sbus_rc/Kconfig
    parser found: src/drivers/rc_input/Kconfig
    parser found: src/drivers/roboclaw/Kconfig
    parser found: src/drivers/rpi_rc_in/Kconfig
    parser found: src/drivers/rpm/Kconfig
    parser found: src/drivers/rpm/pcf8583/Kconfig
    parser found: src/drivers/rpm/rpm_simulator/Kconfig
    parser found: src/drivers/rpm_capture/Kconfig
    parser found: src/drivers/safety_button/Kconfig
    parser found: src/drivers/smart_battery/Kconfig
    parser found: src/drivers/smart_battery/batmon/Kconfig
    parser found: src/drivers/stub_keystore/Kconfig
    parser found: src/drivers/sw_crypto/Kconfig
    parser found: src/drivers/tap_esc/Kconfig
    parser found: src/drivers/tattu_can/Kconfig
    parser found: src/drivers/telemetry/Kconfig
    parser found: src/drivers/telemetry/bst/Kconfig
    parser found: src/drivers/telemetry/frsky_telemetry/Kconfig
    parser found: src/drivers/telemetry/hott/Kconfig
    parser found: src/drivers/telemetry/iridiumsbd/Kconfig
    parser found: src/drivers/temperature_sensor/Kconfig
    parser found: src/drivers/temperature_sensor/mcp9808/Kconfig
    parser found: src/drivers/test_ppm/Kconfig
    parser found: src/drivers/tone_alarm/Kconfig
    parser found: src/drivers/transponder/Kconfig
    parser found: src/drivers/transponder/sagetech_mxs/Kconfig
    parser found: src/drivers/uavcan/Kconfig
    parser found: src/drivers/uavcannode/Kconfig
    parser found: src/drivers/uwb/Kconfig
    parser found: src/drivers/uwb/uwb_sr150/Kconfig
    parser found: src/drivers/voxl2_io/Kconfig
    parser found: src/drivers/wind_sensor/Kconfig
    parser found: src/drivers/wind_sensor/ft_technologies/Kconfig
    parser found: src/modules/Kconfig
    parser found: src/modules/airship_att_control/Kconfig
    parser found: src/modules/airspeed_selector/Kconfig
    parser found: src/modules/attitude_estimator_q/Kconfig
    parser found: src/modules/battery_status/Kconfig
    parser found: src/modules/camera_feedback/Kconfig
    parser found: src/modules/commander/Kconfig
    parser found: src/modules/control_allocator/Kconfig
    parser found: src/modules/dataman/Kconfig
    parser found: src/modules/ekf2/Kconfig
    parser found: src/modules/esc_battery/Kconfig
    parser found: src/modules/events/Kconfig
    parser found: src/modules/flight_mode_manager/Kconfig
    parser found: src/modules/fw_att_control/Kconfig
    parser found: src/modules/fw_autotune_attitude_control/Kconfig
    parser found: src/modules/fw_lateral_longitudinal_control/Kconfig
    parser found: src/modules/fw_mode_manager/Kconfig
    parser found: src/modules/fw_rate_control/Kconfig
    parser found: src/modules/gimbal/Kconfig
    parser found: src/modules/gyro_calibration/Kconfig
    parser found: src/modules/gyro_fft/Kconfig
    parser found: src/modules/hardfault_stream/Kconfig
    parser found: src/modules/internal_combustion_engine_control/Kconfig
    parser found: src/modules/land_detector/Kconfig
    parser found: src/modules/landing_target_estimator/Kconfig
    parser found: src/modules/load_mon/Kconfig
    parser found: src/modules/local_position_estimator/Kconfig
    parser found: src/modules/logger/Kconfig
    parser found: src/modules/mag_bias_estimator/Kconfig
    parser found: src/modules/manual_control/Kconfig
    parser found: src/modules/mavlink/Kconfig
    parser found: src/modules/mc_att_control/Kconfig
    parser found: src/modules/mc_autotune_attitude_control/Kconfig
    parser found: src/modules/mc_hover_thrust_estimator/Kconfig
    parser found: src/modules/mc_nn_control/Kconfig
    parser found: src/modules/mc_pos_control/Kconfig
    parser found: src/modules/mc_rate_control/Kconfig
    parser found: src/modules/muorb/Kconfig
    parser found: src/modules/muorb/apps/Kconfig
    parser found: src/modules/muorb/slpi/Kconfig
    parser found: src/modules/navigator/Kconfig
    parser found: src/modules/payload_deliverer/Kconfig
    parser found: src/modules/px4iofirmware/Kconfig
    parser found: src/modules/rc_update/Kconfig
    parser found: src/modules/replay/Kconfig
    parser found: src/modules/rover_ackermann/Kconfig
    parser found: src/modules/rover_differential/Kconfig
    parser found: src/modules/rover_mecanum/Kconfig
    parser found: src/modules/sensors/Kconfig
    parser found: src/modules/simulation/Kconfig
    parser found: src/modules/simulation/battery_simulator/Kconfig
    parser found: src/modules/simulation/gz_bridge/Kconfig
    parser found: src/modules/simulation/gz_msgs/Kconfig
    parser found: src/modules/simulation/gz_plugins/Kconfig
    parser found: src/modules/simulation/pwm_out_sim/Kconfig
    parser found: src/modules/simulation/sensor_agp_sim/Kconfig
    parser found: src/modules/simulation/sensor_airspeed_sim/Kconfig
    parser found: src/modules/simulation/sensor_baro_sim/Kconfig
    parser found: src/modules/simulation/sensor_gps_sim/Kconfig
    parser found: src/modules/simulation/sensor_mag_sim/Kconfig
    parser found: src/modules/simulation/simulator_mavlink/Kconfig
    parser found: src/modules/simulation/simulator_sih/Kconfig
    parser found: src/modules/simulation/system_power_simulator/Kconfig
    parser found: src/modules/spacecraft/Kconfig
    parser found: src/modules/temperature_compensation/Kconfig
    parser found: src/modules/time_persistor/Kconfig
    parser found: src/modules/uuv_att_control/Kconfig
    parser found: src/modules/uuv_pos_control/Kconfig
    parser found: src/modules/uxrce_dds_client/Kconfig
    parser found: src/modules/vtol_att_control/Kconfig
    parser found: src/modules/zenoh/Kconfig
    parser found: src/modules/zenoh/Kconfig.topics
    parser found: src/systemcmds/Kconfig
    parser found: src/systemcmds/actuator_test/Kconfig
    parser found: src/systemcmds/bl_update/Kconfig
    parser found: src/systemcmds/bsondump/Kconfig
    parser found: src/systemcmds/dmesg/Kconfig
    parser found: src/systemcmds/dumpfile/Kconfig
    parser found: src/systemcmds/dyn/Kconfig
    parser found: src/systemcmds/failure/Kconfig
    parser found: src/systemcmds/gpio/Kconfig
    parser found: src/systemcmds/hardfault_log/Kconfig
    parser found: src/systemcmds/hist/Kconfig
    parser found: src/systemcmds/i2c_launcher/Kconfig
    parser found: src/systemcmds/i2cdetect/Kconfig
    parser found: src/systemcmds/io_bypass_control/Kconfig
    parser found: src/systemcmds/launch_kmod/Kconfig
    parser found: src/systemcmds/led_control/Kconfig
    parser found: src/systemcmds/mft/Kconfig
    parser found: src/systemcmds/mft_cfg/Kconfig
    parser found: src/systemcmds/microbench/Kconfig
    parser found: src/systemcmds/mtd/Kconfig
    parser found: src/systemcmds/netman/Kconfig
    parser found: src/systemcmds/nshterm/Kconfig
    parser found: src/systemcmds/param/Kconfig
    parser found: src/systemcmds/perf/Kconfig
    parser found: src/systemcmds/reboot/Kconfig
    parser found: src/systemcmds/reflect/Kconfig
    parser found: src/systemcmds/sd_bench/Kconfig
    parser found: src/systemcmds/sd_stress/Kconfig
    parser found: src/systemcmds/serial_passthru/Kconfig
    parser found: src/systemcmds/serial_test/Kconfig
    parser found: src/systemcmds/shutdown/Kconfig
    parser found: src/systemcmds/system_time/Kconfig
    parser found: src/systemcmds/tests/Kconfig
    parser found: src/systemcmds/top/Kconfig
    parser found: src/systemcmds/topic_listener/Kconfig
    parser found: src/systemcmds/tune_control/Kconfig
    parser found: src/systemcmds/uorb/Kconfig
    parser found: src/systemcmds/usb_connected/Kconfig
    parser found: src/systemcmds/ver/Kconfig
    parser found: src/systemcmds/work_queue/Kconfig
    parser found: src/examples/Kconfig
    parser found: src/examples/dyn_hello/Kconfig
    parser found: src/examples/fake_gps/Kconfig
    parser found: src/examples/fake_imu/Kconfig
    parser found: src/examples/fake_magnetometer/Kconfig
    parser found: src/examples/hello/Kconfig
    parser found: src/examples/matlab_csv_serial/Kconfig
    parser found: src/examples/px4_mavlink_debug/Kconfig
    parser found: src/examples/px4_simple_app/Kconfig
    parser found: src/examples/work_item/Kconfig
    parser found: platforms/Kconfig
    parser found: platforms/nuttx/Kconfig
    parser found: platforms/common/Kconfig
    parser found: platforms/common/px4_work_queue/Kconfig
    parser found: platforms/common/uORB/Kconfig
    parser found: src/lib/cdrstream/Kconfig
    parser found: src/lib/parameters/Kconfig
    parser found: src/lib/tensorflow_lite_micro/Kconfig

3. Filter ExtParserContext
extract all configdefault options and for each get transformed lines and last config
extract infos for named choices - their definition & entries
def dependencies extr: [['y'], ['DRIVERS_IMU_BOSCH_BMI088'], ['DRIVERS_IMU_BOSCH_BMI088'], ['BOARD_SERIAL_GPS1', '', 'SERIAL_PASSTHRU_UBLOX', 'SYSTEMCMDS_SERIAL_PASSTHRU']]
dep dependencies extr: [['y'], ['DRIVERS_CYPHAL'], ['DRIVERS_IMU_BOSCH_BMI088'], ['DRIVERS_IMU_BOSCH_BMI088'], ['SERIAL_PASSTHRU_UBLOX', 'SYSTEMCMDS_SERIAL_PASSTHRU'], ['PLATFORM_NUTTX', 'PLATFORM_QURT', 'PLATFORM_POSIX', 'PLATFORM_NUTTX']]


=== _get_all_choice_configs for None ===
  Found 6 definitions:
    [0] file=Kconfig, line=11
    [1] file=src/drivers/cyphal/Kconfig, line=12
    [2] file=src/drivers/imu/bosch/bmi088/Kconfig, line=9
    [3] file=src/drivers/imu/bosch/bmi088/Kconfig, line=29
    [4] file=src/systemcmds/serial_passthru/Kconfig, line=21
    [5] file=platforms/nuttx/Kconfig, line=1
  Extracted node_deps: [['y'], ['DRIVERS_CYPHAL'], ['DRIVERS_IMU_BOSCH_BMI088'], ['DRIVERS_IMU_BOSCH_BMI088'], ['SERIAL_PASSTHRU_UBLOX', 'SYSTEMCMDS_SERIAL_PASSTHRU'], ['PLATFORM_NUTTX', 'PLATFORM_QURT', 'PLATFORM_POSIX', 'PLATFORM_NUTTX']]
  Extracted default_deps: [['y'], ['DRIVERS_IMU_BOSCH_BMI088'], ['DRIVERS_IMU_BOSCH_BMI088'], ['BOARD_SERIAL_GPS1', '', 'SERIAL_PASSTHRU_UBLOX', 'SYSTEMCMDS_SERIAL_PASSTHRU']]

  Processing definition [0]: Kconfig:11
    Looking for file: /home/ljd/px4/PX4-Autopilot/Kconfig
    File exists, reading...


Reader found: 218 lines in /home/ljd/px4/PX4-Autopilot/Kconfig
    Read 218 lines
    node_deps for definition [0]: ['y']
    Found choice at line index 10, line_number=11
  DEBUG: Found choice None at Kconfig:11
  Finished processing definition [0]

  Processing definition [1]: src/drivers/cyphal/Kconfig:12
    Looking for file: /home/ljd/px4/PX4-Autopilot/src/drivers/cyphal/Kconfig
    File exists, reading...


Reader found: 110 lines in /home/ljd/px4/PX4-Autopilot/src/drivers/cyphal/Kconfig
    Read 110 lines
    node_deps for definition [1]: ['DRIVERS_CYPHAL']
    Found choice at line index 11, line_number=12
  DEBUG: Found choice None at src/drivers/cyphal/Kconfig:12
  Finished processing definition [1]

  Processing definition [2]: src/drivers/imu/bosch/bmi088/Kconfig:9
    Looking for file: /home/ljd/px4/PX4-Autopilot/src/drivers/imu/bosch/bmi088/Kconfig
    File exists, reading...


Reader found: 49 lines in /home/ljd/px4/PX4-Autopilot/src/drivers/imu/bosch/bmi088/Kconfig
    Read 49 lines
    node_deps for definition [2]: ['DRIVERS_IMU_BOSCH_BMI088']
    Found choice at line index 8, line_number=9
  DEBUG: Found choice None at src/drivers/imu/bosch/bmi088/Kconfig:9
  Finished processing definition [2]

  Processing definition [3]: src/drivers/imu/bosch/bmi088/Kconfig:29
    Looking for file: /home/ljd/px4/PX4-Autopilot/src/drivers/imu/bosch/bmi088/Kconfig
    File exists, reading...


Reader found: 49 lines in /home/ljd/px4/PX4-Autopilot/src/drivers/imu/bosch/bmi088/Kconfig
    Read 49 lines
    node_deps for definition [3]: ['DRIVERS_IMU_BOSCH_BMI088']
    Found choice at line index 28, line_number=29
  DEBUG: Found choice None at src/drivers/imu/bosch/bmi088/Kconfig:29
  Finished processing definition [3]

  Processing definition [4]: src/systemcmds/serial_passthru/Kconfig:21
    Looking for file: /home/ljd/px4/PX4-Autopilot/src/systemcmds/serial_passthru/Kconfig
    File exists, reading...


Reader found: 57 lines in /home/ljd/px4/PX4-Autopilot/src/systemcmds/serial_passthru/Kconfig
    Read 57 lines
    node_deps for definition [4]: ['SERIAL_PASSTHRU_UBLOX', 'SYSTEMCMDS_SERIAL_PASSTHRU']
    Found choice at line index 20, line_number=21
  DEBUG: Found choice None at src/systemcmds/serial_passthru/Kconfig:21
  Finished processing definition [4]

  Processing definition [5]: platforms/nuttx/Kconfig:1
    Looking for file: /home/ljd/px4/PX4-Autopilot/platforms/nuttx/Kconfig
    File exists, reading...


Reader found: 26 lines in /home/ljd/px4/PX4-Autopilot/platforms/nuttx/Kconfig
    Read 26 lines
    node_deps for definition [5]: ['PLATFORM_NUTTX', 'PLATFORM_QURT', 'PLATFORM_POSIX', 'PLATFORM_NUTTX']
    Found choice at line index 0, line_number=1
  DEBUG: Found choice None at platforms/nuttx/Kconfig:1
  Finished processing definition [5]
  DEBUG: Total entries collected: 24
  DEBUG: Total prompts collected: 5
  DEBUG: Total helps collected: 5 + [KconfigLine(help, line=25, indent=1), KconfigLine(other, line=26, indent=2), KconfigLine(other, line=27, indent=2), KconfigLine(help, line=3, indent=1), KconfigLine(other, line=4, indent=2)]
def dependencies extr: [['MODULES_ZENOH']]
dep dependencies extr: [['MODULES_ZENOH']]


=== _get_all_choice_configs for ZENOH_PUBSUB_SELECTION ===
  Found 1 definitions:
    [0] file=src/modules/zenoh/Kconfig, line=40
  Extracted node_deps: [['MODULES_ZENOH']]
  Extracted default_deps: [['MODULES_ZENOH']]

  Processing definition [0]: src/modules/zenoh/Kconfig:40
    Looking for file: /home/ljd/px4/PX4-Autopilot/src/modules/zenoh/Kconfig
    File exists, reading...


Reader found: 78 lines in /home/ljd/px4/PX4-Autopilot/src/modules/zenoh/Kconfig
    Read 78 lines
    node_deps for definition [0]: ['MODULES_ZENOH']
    Found choice at line index 39, line_number=40
  DEBUG: Found choice ZENOH_PUBSUB_SELECTION at src/modules/zenoh/Kconfig:40
  Finished processing definition [0]
  DEBUG: Total entries collected: 3
  DEBUG: Total prompts collected: 0
  DEBUG: Total helps collected: 0 + []

for each given file at source_files start building path output structur and call reader and writer

4. Transform all files - needs reader & writer


Reader found: 218 lines in /home/ljd/px4/PX4-Autopilot/Kconfig
call _transform_lines(lines from reader, input, configdefault dict info)
start transforming 218 input lines
    current_indx: 11 - choice_attr_end: 13
    source without glob: 1
    source without glob: 1
    source without glob: 1
    source without glob: 1
    source without glob: 1
    GLOB LOG ----------------------------------------------------------------------------
    Resolve source: src/lib/*/Kconfig at line 218
      -> src/lib/cdrstream/Kconfig
      -> src/lib/parameters/Kconfig
      -> src/lib/tensorflow_lite_micro/Kconfig
    Files matching: 3 (using source)
    FILE LOG --------------------------------------------------------------
    Reader input                218 lines
    -----------------------------------------------------------------------
    All source without glob:    5
    All source using glob:      1
    All osource_keywords:       0
    All rsource_keywords:       0
    All orsource_keywords:      0
    SUM (r/or/o)source lines:   6
    All "option env" attr:      0
    -----------------------------------------------------------------------
    Transformer Output:         220 lines
    -----------------------------------------------------------------------
        Added new bc of def_*:           0
        Added new bc of glob:            2
        Added new bc of config_default:  0
        Added new bc of named choice:    0
        Removed bc of config_default:    0
        Removed bc of named choice:      0
        Removed no match for o(r)source: 0
        Removed optional choice attr:    0
        Removed bool     choice attr:    0
        Removed tristate choice attr:    0
Excel saved: /home/ljd/wsMA_prototyp/transform_projects/transform_px4/PX4_log/results6.xlsx
        Done writting 220 lines in /home/ljd/wsMA_prototyp/transform_projects/transform_px4/PX4_output/Kconfig


Reader found: 1 lines in /home/ljd/px4/PX4-Autopilot/src/drivers/Kconfig
call _transform_lines(lines from reader, input, configdefault dict info)
start transforming 1 input lines
    GLOB LOG ----------------------------------------------------------------------------
    Resolve rsource: */Kconfig at line 1
      -> src/drivers/actuators/Kconfig
      -> src/drivers/adc/Kconfig
      -> src/drivers/barometer/Kconfig
      -> src/drivers/batt_smbus/Kconfig
      -> src/drivers/bootloaders/Kconfig
      -> src/drivers/camera_capture/Kconfig
      -> src/drivers/camera_trigger/Kconfig
      -> src/drivers/cdcacm_autostart/Kconfig
      -> src/drivers/cyphal/Kconfig
      -> src/drivers/differential_pressure/Kconfig
      -> src/drivers/distance_sensor/Kconfig
      -> src/drivers/dshot/Kconfig
      -> src/drivers/gpio/Kconfig
      -> src/drivers/gps/Kconfig
      -> src/drivers/heater/Kconfig
      -> src/drivers/hygrometer/Kconfig
      -> src/drivers/imu/Kconfig
      -> src/drivers/ins/Kconfig
      -> src/drivers/irlock/Kconfig
      -> src/drivers/lights/Kconfig
      -> src/drivers/linux_pwm_out/Kconfig
      -> src/drivers/magnetometer/Kconfig
      -> src/drivers/optical_flow/Kconfig
      -> src/drivers/osd/Kconfig
      -> src/drivers/pca9685_pwm_out/Kconfig
      -> src/drivers/power_monitor/Kconfig
      -> src/drivers/pps_capture/Kconfig
      -> src/drivers/pwm_input/Kconfig
      -> src/drivers/pwm_out/Kconfig
      -> src/drivers/px4io/Kconfig
      -> src/drivers/qshell/Kconfig
      -> src/drivers/rc/Kconfig
      -> src/drivers/rc_input/Kconfig
      -> src/drivers/roboclaw/Kconfig
      -> src/drivers/rpi_rc_in/Kconfig
      -> src/drivers/rpm/Kconfig
      -> src/drivers/rpm_capture/Kconfig
      -> src/drivers/safety_button/Kconfig
      -> src/drivers/smart_battery/Kconfig
      -> src/drivers/stub_keystore/Kconfig
      -> src/drivers/sw_crypto/Kconfig
      -> src/drivers/tap_esc/Kconfig
      -> src/drivers/tattu_can/Kconfig
      -> src/drivers/telemetry/Kconfig
      -> src/drivers/temperature_sensor/Kconfig
      -> src/drivers/test_ppm/Kconfig
      -> src/drivers/tone_alarm/Kconfig
      -> src/drivers/transponder/Kconfig
      -> src/drivers/uavcan/Kconfig
      -> src/drivers/uavcannode/Kconfig
      -> src/drivers/uwb/Kconfig
      -> src/drivers/voxl2_io/Kconfig
      -> src/drivers/wind_sensor/Kconfig
    Files matching: 53 (using rsource)
    FILE LOG --------------------------------------------------------------
    Reader input                1 lines
    -----------------------------------------------------------------------
    All source without glob:    0
    All source using glob:      0
    All osource_keywords:       0
    All rsource_keywords:       1
    All orsource_keywords:      0
    SUM (r/or/o)source lines:   1
    All "option env" attr:      0
    -----------------------------------------------------------------------
    Transformer Output:         53 lines
    -----------------------------------------------------------------------
        Added new bc of def_*:           0
        Added new bc of glob:            52
        Added new bc of config_default:  0
        Added new bc of named choice:    0
        Removed bc of config_default:    0
        Removed bc of named choice:      0
        Removed no match for o(r)source: 0
        Removed optional choice attr:    0
        Removed bool     choice attr:    0
        Removed tristate choice attr:    0
Excel saved: /home/ljd/wsMA_prototyp/transform_projects/transform_px4/PX4_log/results6.xlsx
        Done writting 53 lines in /home/ljd/wsMA_prototyp/transform_projects/transform_px4/PX4_output/src/drivers/Kconfig


Reader found: 3 lines in /home/ljd/px4/PX4-Autopilot/src/drivers/actuators/Kconfig
call _transform_lines(lines from reader, input, configdefault dict info)
start transforming 3 input lines
    GLOB LOG ----------------------------------------------------------------------------
    Resolve rsource: */Kconfig at line 2
      -> src/drivers/actuators/vertiq_io/Kconfig
      -> src/drivers/actuators/voxl_esc/Kconfig
    Files matching: 2 (using rsource)
    FILE LOG --------------------------------------------------------------
    Reader input                3 lines
    -----------------------------------------------------------------------
    All source without glob:    0
    All source using glob:      0
    All osource_keywords:       0
    All rsource_keywords:       1
    All orsource_keywords:      0
    SUM (r/or/o)source lines:   1
    All "option env" attr:      0
    -----------------------------------------------------------------------
    Transformer Output:         4 lines
    -----------------------------------------------------------------------
        Added new bc of def_*:           0
        Added new bc of glob:            1
        Added new bc of config_default:  0
        Added new bc of named choice:    0
        Removed bc of config_default:    0
        Removed bc of named choice:      0
        Removed no match for o(r)source: 0
        Removed optional choice attr:    0
        Removed bool     choice attr:    0
        Removed tristate choice attr:    0
Excel saved: /home/ljd/wsMA_prototyp/transform_projects/transform_px4/PX4_log/results6.xlsx
        Done writting 4 lines in /home/ljd/wsMA_prototyp/transform_projects/transform_px4/PX4_output/src/drivers/actuators/Kconfig


Reader found: 17 lines in /home/ljd/px4/PX4-Autopilot/src/drivers/actuators/vertiq_io/Kconfig
call _transform_lines(lines from reader, input, configdefault dict info)
start transforming 17 input lines
    FILE LOG --------------------------------------------------------------
    Reader input                17 lines
    -----------------------------------------------------------------------
    All source without glob:    0
    All source using glob:      0
    All osource_keywords:       0
    All rsource_keywords:       0
    All orsource_keywords:      0
    SUM (r/or/o)source lines:   0
    All "option env" attr:      0
    -----------------------------------------------------------------------
    Transformer Output:         17 lines
    -----------------------------------------------------------------------
        Added new bc of def_*:           0
        Added new bc of glob:            0
        Added new bc of config_default:  0
        Added new bc of named choice:    0
        Removed bc of config_default:    0
        Removed bc of named choice:      0
        Removed no match for o(r)source: 0
        Removed optional choice attr:    0
        Removed bool     choice attr:    0
        Removed tristate choice attr:    0
Excel saved: /home/ljd/wsMA_prototyp/transform_projects/transform_px4/PX4_log/results6.xlsx
        Done writting 17 lines in /home/ljd/wsMA_prototyp/transform_projects/transform_px4/PX4_output/src/drivers/actuators/vertiq_io/Kconfig


Reader found: 5 lines in /home/ljd/px4/PX4-Autopilot/src/drivers/actuators/voxl_esc/Kconfig
call _transform_lines(lines from reader, input, configdefault dict info)
start transforming 5 input lines
    FILE LOG --------------------------------------------------------------
    Reader input                5 lines
    -----------------------------------------------------------------------
    All source without glob:    0
    All source using glob:      0
    All osource_keywords:       0
    All rsource_keywords:       0
    All orsource_keywords:      0
    SUM (r/or/o)source lines:   0
    All "option env" attr:      0
    -----------------------------------------------------------------------
    Transformer Output:         5 lines
    -----------------------------------------------------------------------
        Added new bc of def_*:           0
        Added new bc of glob:            0
        Added new bc of config_default:  0
        Added new bc of named choice:    0
        Removed bc of config_default:    0
        Removed bc of named choice:      0
        Removed no match for o(r)source: 0
        Removed optional choice attr:    0
        Removed bool     choice attr:    0
        Removed tristate choice attr:    0
Excel saved: /home/ljd/wsMA_prototyp/transform_projects/transform_px4/PX4_log/results6.xlsx
        Done writting 5 lines in /home/ljd/wsMA_prototyp/transform_projects/transform_px4/PX4_output/src/drivers/actuators/voxl_esc/Kconfig


Reader found: 3 lines in /home/ljd/px4/PX4-Autopilot/src/drivers/adc/Kconfig
call _transform_lines(lines from reader, input, configdefault dict info)
start transforming 3 input lines
    GLOB LOG ----------------------------------------------------------------------------
    Resolve rsource: */Kconfig at line 2
      -> src/drivers/adc/ads1115/Kconfig
      -> src/drivers/adc/ads7953/Kconfig
      -> src/drivers/adc/board_adc/Kconfig
      -> src/drivers/adc/tla2528/Kconfig
    Files matching: 4 (using rsource)
    FILE LOG --------------------------------------------------------------
    Reader input                3 lines
    -----------------------------------------------------------------------
    All source without glob:    0
    All source using glob:      0
    All osource_keywords:       0
    All rsource_keywords:       1
    All orsource_keywords:      0
    SUM (r/or/o)source lines:   1
    All "option env" attr:      0
    -----------------------------------------------------------------------
    Transformer Output:         6 lines
    -----------------------------------------------------------------------
        Added new bc of def_*:           0
        Added new bc of glob:            3
        Added new bc of config_default:  0
        Added new bc of named choice:    0
        Removed bc of config_default:    0
        Removed bc of named choice:      0
        Removed no match for o(r)source: 0
        Removed optional choice attr:    0
        Removed bool     choice attr:    0
        Removed tristate choice attr:    0
Excel saved: /home/ljd/wsMA_prototyp/transform_projects/transform_px4/PX4_log/results6.xlsx
        Done writting 6 lines in /home/ljd/wsMA_prototyp/transform_projects/transform_px4/PX4_output/src/drivers/adc/Kconfig


Reader found: 5 lines in /home/ljd/px4/PX4-Autopilot/src/drivers/adc/ads1115/Kconfig
call _transform_lines(lines from reader, input, configdefault dict info)
start transforming 5 input lines
    FILE LOG --------------------------------------------------------------
    Reader input                5 lines
    -----------------------------------------------------------------------
    All source without glob:    0
    All source using glob:      0
    All osource_keywords:       0
    All rsource_keywords:       0
    All orsource_keywords:      0
    SUM (r/or/o)source lines:   0
    All "option env" attr:      0
    -----------------------------------------------------------------------
    Transformer Output:         5 lines
    -----------------------------------------------------------------------
        Added new bc of def_*:           0
        Added new bc of glob:            0
        Added new bc of config_default:  0
        Added new bc of named choice:    0
        Removed bc of config_default:    0
        Removed bc of named choice:      0
        Removed no match for o(r)source: 0
        Removed optional choice attr:    0
        Removed bool     choice attr:    0
        Removed tristate choice attr:    0
Excel saved: /home/ljd/wsMA_prototyp/transform_projects/transform_px4/PX4_log/results6.xlsx
        Done writting 5 lines in /home/ljd/wsMA_prototyp/transform_projects/transform_px4/PX4_output/src/drivers/adc/ads1115/Kconfig


Reader found: 5 lines in /home/ljd/px4/PX4-Autopilot/src/drivers/adc/ads7953/Kconfig
call _transform_lines(lines from reader, input, configdefault dict info)
start transforming 5 input lines
    FILE LOG --------------------------------------------------------------
    Reader input                5 lines
    -----------------------------------------------------------------------
    All source without glob:    0
    All source using glob:      0
    All osource_keywords:       0
    All rsource_keywords:       0
    All orsource_keywords:      0
    SUM (r/or/o)source lines:   0
    All "option env" attr:      0
    -----------------------------------------------------------------------
    Transformer Output:         5 lines
    -----------------------------------------------------------------------
        Added new bc of def_*:           0
        Added new bc of glob:            0
        Added new bc of config_default:  0
        Added new bc of named choice:    0
        Removed bc of config_default:    0
        Removed bc of named choice:      0
        Removed no match for o(r)source: 0
        Removed optional choice attr:    0
        Removed bool     choice attr:    0
        Removed tristate choice attr:    0
Excel saved: /home/ljd/wsMA_prototyp/transform_projects/transform_px4/PX4_log/results6.xlsx
        Done writting 5 lines in /home/ljd/wsMA_prototyp/transform_projects/transform_px4/PX4_output/src/drivers/adc/ads7953/Kconfig


Reader found: 5 lines in /home/ljd/px4/PX4-Autopilot/src/drivers/adc/board_adc/Kconfig
call _transform_lines(lines from reader, input, configdefault dict info)
start transforming 5 input lines
    FILE LOG --------------------------------------------------------------
    Reader input                5 lines
    -----------------------------------------------------------------------
    All source without glob:    0
    All source using glob:      0
    All osource_keywords:       0
    All rsource_keywords:       0
    All orsource_keywords:      0
    SUM (r/or/o)source lines:   0
    All "option env" attr:      0
    -----------------------------------------------------------------------
    Transformer Output:         5 lines
    -----------------------------------------------------------------------
        Added new bc of def_*:           0
        Added new bc of glob:            0
        Added new bc of config_default:  0
        Added new bc of named choice:    0
        Removed bc of config_default:    0
        Removed bc of named choice:      0
        Removed no match for o(r)source: 0
        Removed optional choice attr:    0
        Removed bool     choice attr:    0
        Removed tristate choice attr:    0
Excel saved: /home/ljd/wsMA_prototyp/transform_projects/transform_px4/PX4_log/results6.xlsx
        Done writting 5 lines in /home/ljd/wsMA_prototyp/transform_projects/transform_px4/PX4_output/src/drivers/adc/board_adc/Kconfig


Reader found: 5 lines in /home/ljd/px4/PX4-Autopilot/src/drivers/adc/tla2528/Kconfig
call _transform_lines(lines from reader, input, configdefault dict info)
start transforming 5 input lines
    FILE LOG --------------------------------------------------------------
    Reader input                5 lines
    -----------------------------------------------------------------------
    All source without glob:    0
    All source using glob:      0
    All osource_keywords:       0
    All rsource_keywords:       0
    All orsource_keywords:      0
    SUM (r/or/o)source lines:   0
    All "option env" attr:      0
    -----------------------------------------------------------------------
    Transformer Output:         5 lines
    -----------------------------------------------------------------------
        Added new bc of def_*:           0
        Added new bc of glob:            0
        Added new bc of config_default:  0
        Added new bc of named choice:    0
        Removed bc of config_default:    0
        Removed bc of named choice:      0
        Removed no match for o(r)source: 0
        Removed optional choice attr:    0
        Removed bool     choice attr:    0
        Removed tristate choice attr:    0
Excel saved: /home/ljd/wsMA_prototyp/transform_projects/transform_px4/PX4_log/results6.xlsx
        Done writting 5 lines in /home/ljd/wsMA_prototyp/transform_projects/transform_px4/PX4_output/src/drivers/adc/tla2528/Kconfig


Reader found: 20 lines in /home/ljd/px4/PX4-Autopilot/src/drivers/barometer/Kconfig
call _transform_lines(lines from reader, input, configdefault dict info)
start transforming 20 input lines
    GLOB LOG ----------------------------------------------------------------------------
    Resolve rsource: */Kconfig at line 19
      -> src/drivers/barometer/bmp280/Kconfig
      -> src/drivers/barometer/bmp388/Kconfig
      -> src/drivers/barometer/bmp581/Kconfig
      -> src/drivers/barometer/dps310/Kconfig
      -> src/drivers/barometer/goertek/Kconfig
      -> src/drivers/barometer/invensense/Kconfig
      -> src/drivers/barometer/lps22hb/Kconfig
      -> src/drivers/barometer/lps25h/Kconfig
      -> src/drivers/barometer/lps33hw/Kconfig
      -> src/drivers/barometer/mpl3115a2/Kconfig
      -> src/drivers/barometer/ms5611/Kconfig
      -> src/drivers/barometer/ms5837/Kconfig
      -> src/drivers/barometer/tcbp001ta/Kconfig
    Files matching: 13 (using rsource)
    FILE LOG --------------------------------------------------------------
    Reader input                20 lines
    -----------------------------------------------------------------------
    All source without glob:    0
    All source using glob:      0
    All osource_keywords:       0
    All rsource_keywords:       1
    All orsource_keywords:      0
    SUM (r/or/o)source lines:   1
    All "option env" attr:      0
    -----------------------------------------------------------------------
    Transformer Output:         32 lines
    -----------------------------------------------------------------------
        Added new bc of def_*:           0
        Added new bc of glob:            12
        Added new bc of config_default:  0
        Added new bc of named choice:    0
        Removed bc of config_default:    0
        Removed bc of named choice:      0
        Removed no match for o(r)source: 0
        Removed optional choice attr:    0
        Removed bool     choice attr:    0
        Removed tristate choice attr:    0
Excel saved: /home/ljd/wsMA_prototyp/transform_projects/transform_px4/PX4_log/results6.xlsx
        Done writting 32 lines in /home/ljd/wsMA_prototyp/transform_projects/transform_px4/PX4_output/src/drivers/barometer/Kconfig


Reader found: 5 lines in /home/ljd/px4/PX4-Autopilot/src/drivers/barometer/bmp280/Kconfig
call _transform_lines(lines from reader, input, configdefault dict info)
start transforming 5 input lines
    FILE LOG --------------------------------------------------------------
    Reader input                5 lines
    -----------------------------------------------------------------------
    All source without glob:    0
    All source using glob:      0
    All osource_keywords:       0
    All rsource_keywords:       0
    All orsource_keywords:      0
    SUM (r/or/o)source lines:   0
    All "option env" attr:      0
    -----------------------------------------------------------------------
    Transformer Output:         5 lines
    -----------------------------------------------------------------------
        Added new bc of def_*:           0
        Added new bc of glob:            0
        Added new bc of config_default:  0
        Added new bc of named choice:    0
        Removed bc of config_default:    0
        Removed bc of named choice:      0
        Removed no match for o(r)source: 0
        Removed optional choice attr:    0
        Removed bool     choice attr:    0
        Removed tristate choice attr:    0
Excel saved: /home/ljd/wsMA_prototyp/transform_projects/transform_px4/PX4_log/results6.xlsx
        Done writting 5 lines in /home/ljd/wsMA_prototyp/transform_projects/transform_px4/PX4_output/src/drivers/barometer/bmp280/Kconfig


Reader found: 5 lines in /home/ljd/px4/PX4-Autopilot/src/drivers/barometer/bmp388/Kconfig
call _transform_lines(lines from reader, input, configdefault dict info)
start transforming 5 input lines
    FILE LOG --------------------------------------------------------------
    Reader input                5 lines
    -----------------------------------------------------------------------
    All source without glob:    0
    All source using glob:      0
    All osource_keywords:       0
    All rsource_keywords:       0
    All orsource_keywords:      0
    SUM (r/or/o)source lines:   0
    All "option env" attr:      0
    -----------------------------------------------------------------------
    Transformer Output:         5 lines
    -----------------------------------------------------------------------
        Added new bc of def_*:           0
        Added new bc of glob:            0
        Added new bc of config_default:  0
        Added new bc of named choice:    0
        Removed bc of config_default:    0
        Removed bc of named choice:      0
        Removed no match for o(r)source: 0
        Removed optional choice attr:    0
        Removed bool     choice attr:    0
        Removed tristate choice attr:    0
Excel saved: /home/ljd/wsMA_prototyp/transform_projects/transform_px4/PX4_log/results6.xlsx
        Done writting 5 lines in /home/ljd/wsMA_prototyp/transform_projects/transform_px4/PX4_output/src/drivers/barometer/bmp388/Kconfig


Reader found: 5 lines in /home/ljd/px4/PX4-Autopilot/src/drivers/barometer/bmp581/Kconfig
call _transform_lines(lines from reader, input, configdefault dict info)
start transforming 5 input lines
    FILE LOG --------------------------------------------------------------
    Reader input                5 lines
    -----------------------------------------------------------------------
    All source without glob:    0
    All source using glob:      0
    All osource_keywords:       0
    All rsource_keywords:       0
    All orsource_keywords:      0
    SUM (r/or/o)source lines:   0
    All "option env" attr:      0
    -----------------------------------------------------------------------
    Transformer Output:         5 lines
    -----------------------------------------------------------------------
        Added new bc of def_*:           0
        Added new bc of glob:            0
        Added new bc of config_default:  0
        Added new bc of named choice:    0
        Removed bc of config_default:    0
        Removed bc of named choice:      0
        Removed no match for o(r)source: 0
        Removed optional choice attr:    0
        Removed bool     choice attr:    0
        Removed tristate choice attr:    0
Excel saved: /home/ljd/wsMA_prototyp/transform_projects/transform_px4/PX4_log/results6.xlsx
        Done writting 5 lines in /home/ljd/wsMA_prototyp/transform_projects/transform_px4/PX4_output/src/drivers/barometer/bmp581/Kconfig


Reader found: 5 lines in /home/ljd/px4/PX4-Autopilot/src/drivers/barometer/dps310/Kconfig
call _transform_lines(lines from reader, input, configdefault dict info)
start transforming 5 input lines
    FILE LOG --------------------------------------------------------------
    Reader input                5 lines
    -----------------------------------------------------------------------
    All source without glob:    0
    All source using glob:      0
    All osource_keywords:       0
    All rsource_keywords:       0
    All orsource_keywords:      0
    SUM (r/or/o)source lines:   0
    All "option env" attr:      0
    -----------------------------------------------------------------------
    Transformer Output:         5 lines
    -----------------------------------------------------------------------
        Added new bc of def_*:           0
        Added new bc of glob:            0
        Added new bc of config_default:  0
        Added new bc of named choice:    0
        Removed bc of config_default:    0
        Removed bc of named choice:      0
        Removed no match for o(r)source: 0
        Removed optional choice attr:    0
        Removed bool     choice attr:    0
        Removed tristate choice attr:    0
Excel saved: /home/ljd/wsMA_prototyp/transform_projects/transform_px4/PX4_log/results6.xlsx
        Done writting 5 lines in /home/ljd/wsMA_prototyp/transform_projects/transform_px4/PX4_output/src/drivers/barometer/dps310/Kconfig


Reader found: 3 lines in /home/ljd/px4/PX4-Autopilot/src/drivers/barometer/goertek/Kconfig
call _transform_lines(lines from reader, input, configdefault dict info)
start transforming 3 input lines
    GLOB LOG ----------------------------------------------------------------------------
    Resolve rsource: */Kconfig at line 2
      -> src/drivers/barometer/goertek/spa06/Kconfig
      -> src/drivers/barometer/goertek/spl06/Kconfig
    Files matching: 2 (using rsource)
    FILE LOG --------------------------------------------------------------
    Reader input                3 lines
    -----------------------------------------------------------------------
    All source without glob:    0
    All source using glob:      0
    All osource_keywords:       0
    All rsource_keywords:       1
    All orsource_keywords:      0
    SUM (r/or/o)source lines:   1
    All "option env" attr:      0
    -----------------------------------------------------------------------
    Transformer Output:         4 lines
    -----------------------------------------------------------------------
        Added new bc of def_*:           0
        Added new bc of glob:            1
        Added new bc of config_default:  0
        Added new bc of named choice:    0
        Removed bc of config_default:    0
        Removed bc of named choice:      0
        Removed no match for o(r)source: 0
        Removed optional choice attr:    0
        Removed bool     choice attr:    0
        Removed tristate choice attr:    0
Excel saved: /home/ljd/wsMA_prototyp/transform_projects/transform_px4/PX4_log/results6.xlsx
        Done writting 4 lines in /home/ljd/wsMA_prototyp/transform_projects/transform_px4/PX4_output/src/drivers/barometer/goertek/Kconfig


Reader found: 5 lines in /home/ljd/px4/PX4-Autopilot/src/drivers/barometer/goertek/spa06/Kconfig
call _transform_lines(lines from reader, input, configdefault dict info)
start transforming 5 input lines
    FILE LOG --------------------------------------------------------------
    Reader input                5 lines
    -----------------------------------------------------------------------
    All source without glob:    0
    All source using glob:      0
    All osource_keywords:       0
    All rsource_keywords:       0
    All orsource_keywords:      0
    SUM (r/or/o)source lines:   0
    All "option env" attr:      0
    -----------------------------------------------------------------------
    Transformer Output:         5 lines
    -----------------------------------------------------------------------
        Added new bc of def_*:           0
        Added new bc of glob:            0
        Added new bc of config_default:  0
        Added new bc of named choice:    0
        Removed bc of config_default:    0
        Removed bc of named choice:      0
        Removed no match for o(r)source: 0
        Removed optional choice attr:    0
        Removed bool     choice attr:    0
        Removed tristate choice attr:    0
Excel saved: /home/ljd/wsMA_prototyp/transform_projects/transform_px4/PX4_log/results6.xlsx
        Done writting 5 lines in /home/ljd/wsMA_prototyp/transform_projects/transform_px4/PX4_output/src/drivers/barometer/goertek/spa06/Kconfig


Reader found: 5 lines in /home/ljd/px4/PX4-Autopilot/src/drivers/barometer/goertek/spl06/Kconfig
call _transform_lines(lines from reader, input, configdefault dict info)
start transforming 5 input lines
    FILE LOG --------------------------------------------------------------
    Reader input                5 lines
    -----------------------------------------------------------------------
    All source without glob:    0
    All source using glob:      0
    All osource_keywords:       0
    All rsource_keywords:       0
    All orsource_keywords:      0
    SUM (r/or/o)source lines:   0
    All "option env" attr:      0
    -----------------------------------------------------------------------
    Transformer Output:         5 lines
    -----------------------------------------------------------------------
        Added new bc of def_*:           0
        Added new bc of glob:            0
        Added new bc of config_default:  0
        Added new bc of named choice:    0
        Removed bc of config_default:    0
        Removed bc of named choice:      0
        Removed no match for o(r)source: 0
        Removed optional choice attr:    0
        Removed bool     choice attr:    0
        Removed tristate choice attr:    0
Excel saved: /home/ljd/wsMA_prototyp/transform_projects/transform_px4/PX4_log/results6.xlsx
        Done writting 5 lines in /home/ljd/wsMA_prototyp/transform_projects/transform_px4/PX4_output/src/drivers/barometer/goertek/spl06/Kconfig


Reader found: 3 lines in /home/ljd/px4/PX4-Autopilot/src/drivers/barometer/invensense/Kconfig
call _transform_lines(lines from reader, input, configdefault dict info)
start transforming 3 input lines
    GLOB LOG ----------------------------------------------------------------------------
    Resolve rsource: */Kconfig at line 2
      -> src/drivers/barometer/invensense/icp101xx/Kconfig
      -> src/drivers/barometer/invensense/icp201xx/Kconfig
    Files matching: 2 (using rsource)
    FILE LOG --------------------------------------------------------------
    Reader input                3 lines
    -----------------------------------------------------------------------
    All source without glob:    0
    All source using glob:      0
    All osource_keywords:       0
    All rsource_keywords:       1
    All orsource_keywords:      0
    SUM (r/or/o)source lines:   1
    All "option env" attr:      0
    -----------------------------------------------------------------------
    Transformer Output:         4 lines
    -----------------------------------------------------------------------
        Added new bc of def_*:           0
        Added new bc of glob:            1
        Added new bc of config_default:  0
        Added new bc of named choice:    0
        Removed bc of config_default:    0
        Removed bc of named choice:      0
        Removed no match for o(r)source: 0
        Removed optional choice attr:    0
        Removed bool     choice attr:    0
        Removed tristate choice attr:    0
Excel saved: /home/ljd/wsMA_prototyp/transform_projects/transform_px4/PX4_log/results6.xlsx
        Done writting 4 lines in /home/ljd/wsMA_prototyp/transform_projects/transform_px4/PX4_output/src/drivers/barometer/invensense/Kconfig


Reader found: 5 lines in /home/ljd/px4/PX4-Autopilot/src/drivers/barometer/invensense/icp101xx/Kconfig
call _transform_lines(lines from reader, input, configdefault dict info)
start transforming 5 input lines
    FILE LOG --------------------------------------------------------------
    Reader input                5 lines
    -----------------------------------------------------------------------
    All source without glob:    0
    All source using glob:      0
    All osource_keywords:       0
    All rsource_keywords:       0
    All orsource_keywords:      0
    SUM (r/or/o)source lines:   0
    All "option env" attr:      0
    -----------------------------------------------------------------------
    Transformer Output:         5 lines
    -----------------------------------------------------------------------
        Added new bc of def_*:           0
        Added new bc of glob:            0
        Added new bc of config_default:  0
        Added new bc of named choice:    0
        Removed bc of config_default:    0
        Removed bc of named choice:      0
        Removed no match for o(r)source: 0
        Removed optional choice attr:    0
        Removed bool     choice attr:    0
        Removed tristate choice attr:    0
Excel saved: /home/ljd/wsMA_prototyp/transform_projects/transform_px4/PX4_log/results6.xlsx
        Done writting 5 lines in /home/ljd/wsMA_prototyp/transform_projects/transform_px4/PX4_output/src/drivers/barometer/invensense/icp101xx/Kconfig


Reader found: 5 lines in /home/ljd/px4/PX4-Autopilot/src/drivers/barometer/invensense/icp201xx/Kconfig
call _transform_lines(lines from reader, input, configdefault dict info)
start transforming 5 input lines
    FILE LOG --------------------------------------------------------------
    Reader input                5 lines
    -----------------------------------------------------------------------
    All source without glob:    0
    All source using glob:      0
    All osource_keywords:       0
    All rsource_keywords:       0
    All orsource_keywords:      0
    SUM (r/or/o)source lines:   0
    All "option env" attr:      0
    -----------------------------------------------------------------------
    Transformer Output:         5 lines
    -----------------------------------------------------------------------
        Added new bc of def_*:           0
        Added new bc of glob:            0
        Added new bc of config_default:  0
        Added new bc of named choice:    0
        Removed bc of config_default:    0
        Removed bc of named choice:      0
        Removed no match for o(r)source: 0
        Removed optional choice attr:    0
        Removed bool     choice attr:    0
        Removed tristate choice attr:    0
Excel saved: /home/ljd/wsMA_prototyp/transform_projects/transform_px4/PX4_log/results6.xlsx
        Done writting 5 lines in /home/ljd/wsMA_prototyp/transform_projects/transform_px4/PX4_output/src/drivers/barometer/invensense/icp201xx/Kconfig


Reader found: 5 lines in /home/ljd/px4/PX4-Autopilot/src/drivers/barometer/lps22hb/Kconfig
call _transform_lines(lines from reader, input, configdefault dict info)
start transforming 5 input lines
    FILE LOG --------------------------------------------------------------
    Reader input                5 lines
    -----------------------------------------------------------------------
    All source without glob:    0
    All source using glob:      0
    All osource_keywords:       0
    All rsource_keywords:       0
    All orsource_keywords:      0
    SUM (r/or/o)source lines:   0
    All "option env" attr:      0
    -----------------------------------------------------------------------
    Transformer Output:         5 lines
    -----------------------------------------------------------------------
        Added new bc of def_*:           0
        Added new bc of glob:            0
        Added new bc of config_default:  0
        Added new bc of named choice:    0
        Removed bc of config_default:    0
        Removed bc of named choice:      0
        Removed no match for o(r)source: 0
        Removed optional choice attr:    0
        Removed bool     choice attr:    0
        Removed tristate choice attr:    0
Excel saved: /home/ljd/wsMA_prototyp/transform_projects/transform_px4/PX4_log/results6.xlsx
        Done writting 5 lines in /home/ljd/wsMA_prototyp/transform_projects/transform_px4/PX4_output/src/drivers/barometer/lps22hb/Kconfig


Reader found: 5 lines in /home/ljd/px4/PX4-Autopilot/src/drivers/barometer/lps25h/Kconfig
call _transform_lines(lines from reader, input, configdefault dict info)
start transforming 5 input lines
    FILE LOG --------------------------------------------------------------
    Reader input                5 lines
    -----------------------------------------------------------------------
    All source without glob:    0
    All source using glob:      0
    All osource_keywords:       0
    All rsource_keywords:       0
    All orsource_keywords:      0
    SUM (r/or/o)source lines:   0
    All "option env" attr:      0
    -----------------------------------------------------------------------
    Transformer Output:         5 lines
    -----------------------------------------------------------------------
        Added new bc of def_*:           0
        Added new bc of glob:            0
        Added new bc of config_default:  0
        Added new bc of named choice:    0
        Removed bc of config_default:    0
        Removed bc of named choice:      0
        Removed no match for o(r)source: 0
        Removed optional choice attr:    0
        Removed bool     choice attr:    0
        Removed tristate choice attr:    0
Excel saved: /home/ljd/wsMA_prototyp/transform_projects/transform_px4/PX4_log/results6.xlsx
        Done writting 5 lines in /home/ljd/wsMA_prototyp/transform_projects/transform_px4/PX4_output/src/drivers/barometer/lps25h/Kconfig


Reader found: 5 lines in /home/ljd/px4/PX4-Autopilot/src/drivers/barometer/lps33hw/Kconfig
call _transform_lines(lines from reader, input, configdefault dict info)
start transforming 5 input lines
    FILE LOG --------------------------------------------------------------
    Reader input                5 lines
    -----------------------------------------------------------------------
    All source without glob:    0
    All source using glob:      0
    All osource_keywords:       0
    All rsource_keywords:       0
    All orsource_keywords:      0
    SUM (r/or/o)source lines:   0
    All "option env" attr:      0
    -----------------------------------------------------------------------
    Transformer Output:         5 lines
    -----------------------------------------------------------------------
        Added new bc of def_*:           0
        Added new bc of glob:            0
        Added new bc of config_default:  0
        Added new bc of named choice:    0
        Removed bc of config_default:    0
        Removed bc of named choice:      0
        Removed no match for o(r)source: 0
        Removed optional choice attr:    0
        Removed bool     choice attr:    0
        Removed tristate choice attr:    0
Excel saved: /home/ljd/wsMA_prototyp/transform_projects/transform_px4/PX4_log/results6.xlsx
        Done writting 5 lines in /home/ljd/wsMA_prototyp/transform_projects/transform_px4/PX4_output/src/drivers/barometer/lps33hw/Kconfig


Reader found: 3 lines in /home/ljd/px4/PX4-Autopilot/src/drivers/barometer/maiertek/Kconfig
call _transform_lines(lines from reader, input, configdefault dict info)
start transforming 3 input lines
    GLOB LOG ----------------------------------------------------------------------------
    Resolve rsource: */Kconfig at line 2
      -> src/drivers/barometer/maiertek/mpc2520/Kconfig
    Files matching: 1 (using rsource)
    FILE LOG --------------------------------------------------------------
    Reader input                3 lines
    -----------------------------------------------------------------------
    All source without glob:    0
    All source using glob:      0
    All osource_keywords:       0
    All rsource_keywords:       1
    All orsource_keywords:      0
    SUM (r/or/o)source lines:   1
    All "option env" attr:      0
    -----------------------------------------------------------------------
    Transformer Output:         3 lines
    -----------------------------------------------------------------------
        Added new bc of def_*:           0
        Added new bc of glob:            0
        Added new bc of config_default:  0
        Added new bc of named choice:    0
        Removed bc of config_default:    0
        Removed bc of named choice:      0
        Removed no match for o(r)source: 0
        Removed optional choice attr:    0
        Removed bool     choice attr:    0
        Removed tristate choice attr:    0
Excel saved: /home/ljd/wsMA_prototyp/transform_projects/transform_px4/PX4_log/results6.xlsx
        Done writting 3 lines in /home/ljd/wsMA_prototyp/transform_projects/transform_px4/PX4_output/src/drivers/barometer/maiertek/Kconfig


Reader found: 5 lines in /home/ljd/px4/PX4-Autopilot/src/drivers/barometer/maiertek/mpc2520/Kconfig
call _transform_lines(lines from reader, input, configdefault dict info)
start transforming 5 input lines
    FILE LOG --------------------------------------------------------------
    Reader input                5 lines
    -----------------------------------------------------------------------
    All source without glob:    0
    All source using glob:      0
    All osource_keywords:       0
    All rsource_keywords:       0
    All orsource_keywords:      0
    SUM (r/or/o)source lines:   0
    All "option env" attr:      0
    -----------------------------------------------------------------------
    Transformer Output:         5 lines
    -----------------------------------------------------------------------
        Added new bc of def_*:           0
        Added new bc of glob:            0
        Added new bc of config_default:  0
        Added new bc of named choice:    0
        Removed bc of config_default:    0
        Removed bc of named choice:      0
        Removed no match for o(r)source: 0
        Removed optional choice attr:    0
        Removed bool     choice attr:    0
        Removed tristate choice attr:    0
Excel saved: /home/ljd/wsMA_prototyp/transform_projects/transform_px4/PX4_log/results6.xlsx
        Done writting 5 lines in /home/ljd/wsMA_prototyp/transform_projects/transform_px4/PX4_output/src/drivers/barometer/maiertek/mpc2520/Kconfig


Reader found: 5 lines in /home/ljd/px4/PX4-Autopilot/src/drivers/barometer/mpl3115a2/Kconfig
call _transform_lines(lines from reader, input, configdefault dict info)
start transforming 5 input lines
    FILE LOG --------------------------------------------------------------
    Reader input                5 lines
    -----------------------------------------------------------------------
    All source without glob:    0
    All source using glob:      0
    All osource_keywords:       0
    All rsource_keywords:       0
    All orsource_keywords:      0
    SUM (r/or/o)source lines:   0
    All "option env" attr:      0
    -----------------------------------------------------------------------
    Transformer Output:         5 lines
    -----------------------------------------------------------------------
        Added new bc of def_*:           0
        Added new bc of glob:            0
        Added new bc of config_default:  0
        Added new bc of named choice:    0
        Removed bc of config_default:    0
        Removed bc of named choice:      0
        Removed no match for o(r)source: 0
        Removed optional choice attr:    0
        Removed bool     choice attr:    0
        Removed tristate choice attr:    0
Excel saved: /home/ljd/wsMA_prototyp/transform_projects/transform_px4/PX4_log/results6.xlsx
        Done writting 5 lines in /home/ljd/wsMA_prototyp/transform_projects/transform_px4/PX4_output/src/drivers/barometer/mpl3115a2/Kconfig


Reader found: 5 lines in /home/ljd/px4/PX4-Autopilot/src/drivers/barometer/ms5611/Kconfig
call _transform_lines(lines from reader, input, configdefault dict info)
start transforming 5 input lines
    FILE LOG --------------------------------------------------------------
    Reader input                5 lines
    -----------------------------------------------------------------------
    All source without glob:    0
    All source using glob:      0
    All osource_keywords:       0
    All rsource_keywords:       0
    All orsource_keywords:      0
    SUM (r/or/o)source lines:   0
    All "option env" attr:      0
    -----------------------------------------------------------------------
    Transformer Output:         5 lines
    -----------------------------------------------------------------------
        Added new bc of def_*:           0
        Added new bc of glob:            0
        Added new bc of config_default:  0
        Added new bc of named choice:    0
        Removed bc of config_default:    0
        Removed bc of named choice:      0
        Removed no match for o(r)source: 0
        Removed optional choice attr:    0
        Removed bool     choice attr:    0
        Removed tristate choice attr:    0
Excel saved: /home/ljd/wsMA_prototyp/transform_projects/transform_px4/PX4_log/results6.xlsx
        Done writting 5 lines in /home/ljd/wsMA_prototyp/transform_projects/transform_px4/PX4_output/src/drivers/barometer/ms5611/Kconfig


Reader found: 5 lines in /home/ljd/px4/PX4-Autopilot/src/drivers/barometer/ms5837/Kconfig
call _transform_lines(lines from reader, input, configdefault dict info)
start transforming 5 input lines
    FILE LOG --------------------------------------------------------------
    Reader input                5 lines
    -----------------------------------------------------------------------
    All source without glob:    0
    All source using glob:      0
    All osource_keywords:       0
    All rsource_keywords:       0
    All orsource_keywords:      0
    SUM (r/or/o)source lines:   0
    All "option env" attr:      0
    -----------------------------------------------------------------------
    Transformer Output:         5 lines
    -----------------------------------------------------------------------
        Added new bc of def_*:           0
        Added new bc of glob:            0
        Added new bc of config_default:  0
        Added new bc of named choice:    0
        Removed bc of config_default:    0
        Removed bc of named choice:      0
        Removed no match for o(r)source: 0
        Removed optional choice attr:    0
        Removed bool     choice attr:    0
        Removed tristate choice attr:    0
Excel saved: /home/ljd/wsMA_prototyp/transform_projects/transform_px4/PX4_log/results6.xlsx
        Done writting 5 lines in /home/ljd/wsMA_prototyp/transform_projects/transform_px4/PX4_output/src/drivers/barometer/ms5837/Kconfig


Reader found: 5 lines in /home/ljd/px4/PX4-Autopilot/src/drivers/barometer/tcbp001ta/Kconfig
call _transform_lines(lines from reader, input, configdefault dict info)
start transforming 5 input lines
    FILE LOG --------------------------------------------------------------
    Reader input                5 lines
    -----------------------------------------------------------------------
    All source without glob:    0
    All source using glob:      0
    All osource_keywords:       0
    All rsource_keywords:       0
    All orsource_keywords:      0
    SUM (r/or/o)source lines:   0
    All "option env" attr:      0
    -----------------------------------------------------------------------
    Transformer Output:         5 lines
    -----------------------------------------------------------------------
        Added new bc of def_*:           0
        Added new bc of glob:            0
        Added new bc of config_default:  0
        Added new bc of named choice:    0
        Removed bc of config_default:    0
        Removed bc of named choice:      0
        Removed no match for o(r)source: 0
        Removed optional choice attr:    0
        Removed bool     choice attr:    0
        Removed tristate choice attr:    0
Excel saved: /home/ljd/wsMA_prototyp/transform_projects/transform_px4/PX4_log/results6.xlsx
        Done writting 5 lines in /home/ljd/wsMA_prototyp/transform_projects/transform_px4/PX4_output/src/drivers/barometer/tcbp001ta/Kconfig


Reader found: 5 lines in /home/ljd/px4/PX4-Autopilot/src/drivers/batt_smbus/Kconfig
call _transform_lines(lines from reader, input, configdefault dict info)
start transforming 5 input lines
    FILE LOG --------------------------------------------------------------
    Reader input                5 lines
    -----------------------------------------------------------------------
    All source without glob:    0
    All source using glob:      0
    All osource_keywords:       0
    All rsource_keywords:       0
    All orsource_keywords:      0
    SUM (r/or/o)source lines:   0
    All "option env" attr:      0
    -----------------------------------------------------------------------
    Transformer Output:         5 lines
    -----------------------------------------------------------------------
        Added new bc of def_*:           0
        Added new bc of glob:            0
        Added new bc of config_default:  0
        Added new bc of named choice:    0
        Removed bc of config_default:    0
        Removed bc of named choice:      0
        Removed no match for o(r)source: 0
        Removed optional choice attr:    0
        Removed bool     choice attr:    0
        Removed tristate choice attr:    0
Excel saved: /home/ljd/wsMA_prototyp/transform_projects/transform_px4/PX4_log/results6.xlsx
        Done writting 5 lines in /home/ljd/wsMA_prototyp/transform_projects/transform_px4/PX4_output/src/drivers/batt_smbus/Kconfig


Reader found: 7 lines in /home/ljd/px4/PX4-Autopilot/src/drivers/bootloaders/Kconfig
call _transform_lines(lines from reader, input, configdefault dict info)
start transforming 7 input lines
    FILE LOG --------------------------------------------------------------
    Reader input                7 lines
    -----------------------------------------------------------------------
    All source without glob:    0
    All source using glob:      0
    All osource_keywords:       0
    All rsource_keywords:       0
    All orsource_keywords:      0
    SUM (r/or/o)source lines:   0
    All "option env" attr:      0
    -----------------------------------------------------------------------
    Transformer Output:         7 lines
    -----------------------------------------------------------------------
        Added new bc of def_*:           0
        Added new bc of glob:            0
        Added new bc of config_default:  0
        Added new bc of named choice:    0
        Removed bc of config_default:    0
        Removed bc of named choice:      0
        Removed no match for o(r)source: 0
        Removed optional choice attr:    0
        Removed bool     choice attr:    0
        Removed tristate choice attr:    0
Excel saved: /home/ljd/wsMA_prototyp/transform_projects/transform_px4/PX4_log/results6.xlsx
        Done writting 7 lines in /home/ljd/wsMA_prototyp/transform_projects/transform_px4/PX4_output/src/drivers/bootloaders/Kconfig


Reader found: 5 lines in /home/ljd/px4/PX4-Autopilot/src/drivers/camera_capture/Kconfig
call _transform_lines(lines from reader, input, configdefault dict info)
start transforming 5 input lines
    FILE LOG --------------------------------------------------------------
    Reader input                5 lines
    -----------------------------------------------------------------------
    All source without glob:    0
    All source using glob:      0
    All osource_keywords:       0
    All rsource_keywords:       0
    All orsource_keywords:      0
    SUM (r/or/o)source lines:   0
    All "option env" attr:      0
    -----------------------------------------------------------------------
    Transformer Output:         5 lines
    -----------------------------------------------------------------------
        Added new bc of def_*:           0
        Added new bc of glob:            0
        Added new bc of config_default:  0
        Added new bc of named choice:    0
        Removed bc of config_default:    0
        Removed bc of named choice:      0
        Removed no match for o(r)source: 0
        Removed optional choice attr:    0
        Removed bool     choice attr:    0
        Removed tristate choice attr:    0
Excel saved: /home/ljd/wsMA_prototyp/transform_projects/transform_px4/PX4_log/results6.xlsx
        Done writting 5 lines in /home/ljd/wsMA_prototyp/transform_projects/transform_px4/PX4_output/src/drivers/camera_capture/Kconfig


Reader found: 5 lines in /home/ljd/px4/PX4-Autopilot/src/drivers/camera_trigger/Kconfig
call _transform_lines(lines from reader, input, configdefault dict info)
start transforming 5 input lines
    FILE LOG --------------------------------------------------------------
    Reader input                5 lines
    -----------------------------------------------------------------------
    All source without glob:    0
    All source using glob:      0
    All osource_keywords:       0
    All rsource_keywords:       0
    All orsource_keywords:      0
    SUM (r/or/o)source lines:   0
    All "option env" attr:      0
    -----------------------------------------------------------------------
    Transformer Output:         5 lines
    -----------------------------------------------------------------------
        Added new bc of def_*:           0
        Added new bc of glob:            0
        Added new bc of config_default:  0
        Added new bc of named choice:    0
        Removed bc of config_default:    0
        Removed bc of named choice:      0
        Removed no match for o(r)source: 0
        Removed optional choice attr:    0
        Removed bool     choice attr:    0
        Removed tristate choice attr:    0
Excel saved: /home/ljd/wsMA_prototyp/transform_projects/transform_px4/PX4_log/results6.xlsx
        Done writting 5 lines in /home/ljd/wsMA_prototyp/transform_projects/transform_px4/PX4_output/src/drivers/camera_trigger/Kconfig


Reader found: 6 lines in /home/ljd/px4/PX4-Autopilot/src/drivers/cdcacm_autostart/Kconfig
call _transform_lines(lines from reader, input, configdefault dict info)
start transforming 6 input lines
    FILE LOG --------------------------------------------------------------
    Reader input                6 lines
    -----------------------------------------------------------------------
    All source without glob:    0
    All source using glob:      0
    All osource_keywords:       0
    All rsource_keywords:       0
    All orsource_keywords:      0
    SUM (r/or/o)source lines:   0
    All "option env" attr:      0
    -----------------------------------------------------------------------
    Transformer Output:         6 lines
    -----------------------------------------------------------------------
        Added new bc of def_*:           0
        Added new bc of glob:            0
        Added new bc of config_default:  0
        Added new bc of named choice:    0
        Removed bc of config_default:    0
        Removed bc of named choice:      0
        Removed no match for o(r)source: 0
        Removed optional choice attr:    0
        Removed bool     choice attr:    0
        Removed tristate choice attr:    0
Excel saved: /home/ljd/wsMA_prototyp/transform_projects/transform_px4/PX4_log/results6.xlsx
        Done writting 6 lines in /home/ljd/wsMA_prototyp/transform_projects/transform_px4/PX4_output/src/drivers/cdcacm_autostart/Kconfig


Reader found: 110 lines in /home/ljd/px4/PX4-Autopilot/src/drivers/cyphal/Kconfig
call _transform_lines(lines from reader, input, configdefault dict info)
start transforming 110 input lines
    current_indx: 12 - choice_attr_end: 14
    FILE LOG --------------------------------------------------------------
    Reader input                110 lines
    -----------------------------------------------------------------------
    All source without glob:    0
    All source using glob:      0
    All osource_keywords:       0
    All rsource_keywords:       0
    All orsource_keywords:      0
    SUM (r/or/o)source lines:   0
    All "option env" attr:      0
    -----------------------------------------------------------------------
    Transformer Output:         110 lines
    -----------------------------------------------------------------------
        Added new bc of def_*:           0
        Added new bc of glob:            0
        Added new bc of config_default:  0
        Added new bc of named choice:    0
        Removed bc of config_default:    0
        Removed bc of named choice:      0
        Removed no match for o(r)source: 0
        Removed optional choice attr:    0
        Removed bool     choice attr:    0
        Removed tristate choice attr:    0
Excel saved: /home/ljd/wsMA_prototyp/transform_projects/transform_px4/PX4_log/results6.xlsx
        Done writting 110 lines in /home/ljd/wsMA_prototyp/transform_projects/transform_px4/PX4_output/src/drivers/cyphal/Kconfig


Reader found: 11 lines in /home/ljd/px4/PX4-Autopilot/src/drivers/differential_pressure/Kconfig
call _transform_lines(lines from reader, input, configdefault dict info)
start transforming 11 input lines
    GLOB LOG ----------------------------------------------------------------------------
    Resolve rsource: */Kconfig at line 10
      -> src/drivers/differential_pressure/asp5033/Kconfig
      -> src/drivers/differential_pressure/auav/Kconfig
      -> src/drivers/differential_pressure/ets/Kconfig
      -> src/drivers/differential_pressure/ms4515/Kconfig
      -> src/drivers/differential_pressure/ms4525do/Kconfig
      -> src/drivers/differential_pressure/ms5525dso/Kconfig
      -> src/drivers/differential_pressure/sdp3x/Kconfig
    Files matching: 7 (using rsource)
    FILE LOG --------------------------------------------------------------
    Reader input                11 lines
    -----------------------------------------------------------------------
    All source without glob:    0
    All source using glob:      0
    All osource_keywords:       0
    All rsource_keywords:       1
    All orsource_keywords:      0
    SUM (r/or/o)source lines:   1
    All "option env" attr:      0
    -----------------------------------------------------------------------
    Transformer Output:         17 lines
    -----------------------------------------------------------------------
        Added new bc of def_*:           0
        Added new bc of glob:            6
        Added new bc of config_default:  0
        Added new bc of named choice:    0
        Removed bc of config_default:    0
        Removed bc of named choice:      0
        Removed no match for o(r)source: 0
        Removed optional choice attr:    0
        Removed bool     choice attr:    0
        Removed tristate choice attr:    0
Excel saved: /home/ljd/wsMA_prototyp/transform_projects/transform_px4/PX4_log/results6.xlsx
        Done writting 17 lines in /home/ljd/wsMA_prototyp/transform_projects/transform_px4/PX4_output/src/drivers/differential_pressure/Kconfig


Reader found: 5 lines in /home/ljd/px4/PX4-Autopilot/src/drivers/differential_pressure/asp5033/Kconfig
call _transform_lines(lines from reader, input, configdefault dict info)
start transforming 5 input lines
    FILE LOG --------------------------------------------------------------
    Reader input                5 lines
    -----------------------------------------------------------------------
    All source without glob:    0
    All source using glob:      0
    All osource_keywords:       0
    All rsource_keywords:       0
    All orsource_keywords:      0
    SUM (r/or/o)source lines:   0
    All "option env" attr:      0
    -----------------------------------------------------------------------
    Transformer Output:         5 lines
    -----------------------------------------------------------------------
        Added new bc of def_*:           0
        Added new bc of glob:            0
        Added new bc of config_default:  0
        Added new bc of named choice:    0
        Removed bc of config_default:    0
        Removed bc of named choice:      0
        Removed no match for o(r)source: 0
        Removed optional choice attr:    0
        Removed bool     choice attr:    0
        Removed tristate choice attr:    0
Excel saved: /home/ljd/wsMA_prototyp/transform_projects/transform_px4/PX4_log/results6.xlsx
        Done writting 5 lines in /home/ljd/wsMA_prototyp/transform_projects/transform_px4/PX4_output/src/drivers/differential_pressure/asp5033/Kconfig


Reader found: 5 lines in /home/ljd/px4/PX4-Autopilot/src/drivers/differential_pressure/auav/Kconfig
call _transform_lines(lines from reader, input, configdefault dict info)
start transforming 5 input lines
    FILE LOG --------------------------------------------------------------
    Reader input                5 lines
    -----------------------------------------------------------------------
    All source without glob:    0
    All source using glob:      0
    All osource_keywords:       0
    All rsource_keywords:       0
    All orsource_keywords:      0
    SUM (r/or/o)source lines:   0
    All "option env" attr:      0
    -----------------------------------------------------------------------
    Transformer Output:         5 lines
    -----------------------------------------------------------------------
        Added new bc of def_*:           0
        Added new bc of glob:            0
        Added new bc of config_default:  0
        Added new bc of named choice:    0
        Removed bc of config_default:    0
        Removed bc of named choice:      0
        Removed no match for o(r)source: 0
        Removed optional choice attr:    0
        Removed bool     choice attr:    0
        Removed tristate choice attr:    0
Excel saved: /home/ljd/wsMA_prototyp/transform_projects/transform_px4/PX4_log/results6.xlsx
        Done writting 5 lines in /home/ljd/wsMA_prototyp/transform_projects/transform_px4/PX4_output/src/drivers/differential_pressure/auav/Kconfig


Reader found: 5 lines in /home/ljd/px4/PX4-Autopilot/src/drivers/differential_pressure/ets/Kconfig
call _transform_lines(lines from reader, input, configdefault dict info)
start transforming 5 input lines
    FILE LOG --------------------------------------------------------------
    Reader input                5 lines
    -----------------------------------------------------------------------
    All source without glob:    0
    All source using glob:      0
    All osource_keywords:       0
    All rsource_keywords:       0
    All orsource_keywords:      0
    SUM (r/or/o)source lines:   0
    All "option env" attr:      0
    -----------------------------------------------------------------------
    Transformer Output:         5 lines
    -----------------------------------------------------------------------
        Added new bc of def_*:           0
        Added new bc of glob:            0
        Added new bc of config_default:  0
        Added new bc of named choice:    0
        Removed bc of config_default:    0
        Removed bc of named choice:      0
        Removed no match for o(r)source: 0
        Removed optional choice attr:    0
        Removed bool     choice attr:    0
        Removed tristate choice attr:    0
Excel saved: /home/ljd/wsMA_prototyp/transform_projects/transform_px4/PX4_log/results6.xlsx
        Done writting 5 lines in /home/ljd/wsMA_prototyp/transform_projects/transform_px4/PX4_output/src/drivers/differential_pressure/ets/Kconfig


Reader found: 5 lines in /home/ljd/px4/PX4-Autopilot/src/drivers/differential_pressure/ms4515/Kconfig
call _transform_lines(lines from reader, input, configdefault dict info)
start transforming 5 input lines
    FILE LOG --------------------------------------------------------------
    Reader input                5 lines
    -----------------------------------------------------------------------
    All source without glob:    0
    All source using glob:      0
    All osource_keywords:       0
    All rsource_keywords:       0
    All orsource_keywords:      0
    SUM (r/or/o)source lines:   0
    All "option env" attr:      0
    -----------------------------------------------------------------------
    Transformer Output:         5 lines
    -----------------------------------------------------------------------
        Added new bc of def_*:           0
        Added new bc of glob:            0
        Added new bc of config_default:  0
        Added new bc of named choice:    0
        Removed bc of config_default:    0
        Removed bc of named choice:      0
        Removed no match for o(r)source: 0
        Removed optional choice attr:    0
        Removed bool     choice attr:    0
        Removed tristate choice attr:    0
Excel saved: /home/ljd/wsMA_prototyp/transform_projects/transform_px4/PX4_log/results6.xlsx
        Done writting 5 lines in /home/ljd/wsMA_prototyp/transform_projects/transform_px4/PX4_output/src/drivers/differential_pressure/ms4515/Kconfig


Reader found: 5 lines in /home/ljd/px4/PX4-Autopilot/src/drivers/differential_pressure/ms4525do/Kconfig
call _transform_lines(lines from reader, input, configdefault dict info)
start transforming 5 input lines
    FILE LOG --------------------------------------------------------------
    Reader input                5 lines
    -----------------------------------------------------------------------
    All source without glob:    0
    All source using glob:      0
    All osource_keywords:       0
    All rsource_keywords:       0
    All orsource_keywords:      0
    SUM (r/or/o)source lines:   0
    All "option env" attr:      0
    -----------------------------------------------------------------------
    Transformer Output:         5 lines
    -----------------------------------------------------------------------
        Added new bc of def_*:           0
        Added new bc of glob:            0
        Added new bc of config_default:  0
        Added new bc of named choice:    0
        Removed bc of config_default:    0
        Removed bc of named choice:      0
        Removed no match for o(r)source: 0
        Removed optional choice attr:    0
        Removed bool     choice attr:    0
        Removed tristate choice attr:    0
Excel saved: /home/ljd/wsMA_prototyp/transform_projects/transform_px4/PX4_log/results6.xlsx
        Done writting 5 lines in /home/ljd/wsMA_prototyp/transform_projects/transform_px4/PX4_output/src/drivers/differential_pressure/ms4525do/Kconfig


Reader found: 5 lines in /home/ljd/px4/PX4-Autopilot/src/drivers/differential_pressure/ms5525dso/Kconfig
call _transform_lines(lines from reader, input, configdefault dict info)
start transforming 5 input lines
    FILE LOG --------------------------------------------------------------
    Reader input                5 lines
    -----------------------------------------------------------------------
    All source without glob:    0
    All source using glob:      0
    All osource_keywords:       0
    All rsource_keywords:       0
    All orsource_keywords:      0
    SUM (r/or/o)source lines:   0
    All "option env" attr:      0
    -----------------------------------------------------------------------
    Transformer Output:         5 lines
    -----------------------------------------------------------------------
        Added new bc of def_*:           0
        Added new bc of glob:            0
        Added new bc of config_default:  0
        Added new bc of named choice:    0
        Removed bc of config_default:    0
        Removed bc of named choice:      0
        Removed no match for o(r)source: 0
        Removed optional choice attr:    0
        Removed bool     choice attr:    0
        Removed tristate choice attr:    0
Excel saved: /home/ljd/wsMA_prototyp/transform_projects/transform_px4/PX4_log/results6.xlsx
        Done writting 5 lines in /home/ljd/wsMA_prototyp/transform_projects/transform_px4/PX4_output/src/drivers/differential_pressure/ms5525dso/Kconfig


Reader found: 5 lines in /home/ljd/px4/PX4-Autopilot/src/drivers/differential_pressure/sdp3x/Kconfig
call _transform_lines(lines from reader, input, configdefault dict info)
start transforming 5 input lines
    FILE LOG --------------------------------------------------------------
    Reader input                5 lines
    -----------------------------------------------------------------------
    All source without glob:    0
    All source using glob:      0
    All osource_keywords:       0
    All rsource_keywords:       0
    All orsource_keywords:      0
    SUM (r/or/o)source lines:   0
    All "option env" attr:      0
    -----------------------------------------------------------------------
    Transformer Output:         5 lines
    -----------------------------------------------------------------------
        Added new bc of def_*:           0
        Added new bc of glob:            0
        Added new bc of config_default:  0
        Added new bc of named choice:    0
        Removed bc of config_default:    0
        Removed bc of named choice:      0
        Removed no match for o(r)source: 0
        Removed optional choice attr:    0
        Removed bool     choice attr:    0
        Removed tristate choice attr:    0
Excel saved: /home/ljd/wsMA_prototyp/transform_projects/transform_px4/PX4_log/results6.xlsx
        Done writting 5 lines in /home/ljd/wsMA_prototyp/transform_projects/transform_px4/PX4_output/src/drivers/differential_pressure/sdp3x/Kconfig


Reader found: 17 lines in /home/ljd/px4/PX4-Autopilot/src/drivers/distance_sensor/Kconfig
call _transform_lines(lines from reader, input, configdefault dict info)
start transforming 17 input lines
    GLOB LOG ----------------------------------------------------------------------------
    Resolve rsource: */Kconfig at line 16
      -> src/drivers/distance_sensor/cm8jl65/Kconfig
      -> src/drivers/distance_sensor/gy_us42/Kconfig
      -> src/drivers/distance_sensor/leddar_one/Kconfig
      -> src/drivers/distance_sensor/lightware_laser_i2c/Kconfig
      -> src/drivers/distance_sensor/lightware_laser_serial/Kconfig
      -> src/drivers/distance_sensor/lightware_sf45_serial/Kconfig
      -> src/drivers/distance_sensor/ll40ls/Kconfig
      -> src/drivers/distance_sensor/ll40ls_pwm/Kconfig
      -> src/drivers/distance_sensor/mappydot/Kconfig
      -> src/drivers/distance_sensor/mb12xx/Kconfig
      -> src/drivers/distance_sensor/pga460/Kconfig
      -> src/drivers/distance_sensor/srf02/Kconfig
      -> src/drivers/distance_sensor/srf05/Kconfig
      -> src/drivers/distance_sensor/teraranger/Kconfig
      -> src/drivers/distance_sensor/tf02pro/Kconfig
      -> src/drivers/distance_sensor/tfmini/Kconfig
      -> src/drivers/distance_sensor/ulanding_radar/Kconfig
      -> src/drivers/distance_sensor/vl53l0x/Kconfig
      -> src/drivers/distance_sensor/vl53l1x/Kconfig
    Files matching: 19 (using rsource)
    FILE LOG --------------------------------------------------------------
    Reader input                17 lines
    -----------------------------------------------------------------------
    All source without glob:    0
    All source using glob:      0
    All osource_keywords:       0
    All rsource_keywords:       1
    All orsource_keywords:      0
    SUM (r/or/o)source lines:   1
    All "option env" attr:      0
    -----------------------------------------------------------------------
    Transformer Output:         35 lines
    -----------------------------------------------------------------------
        Added new bc of def_*:           0
        Added new bc of glob:            18
        Added new bc of config_default:  0
        Added new bc of named choice:    0
        Removed bc of config_default:    0
        Removed bc of named choice:      0
        Removed no match for o(r)source: 0
        Removed optional choice attr:    0
        Removed bool     choice attr:    0
        Removed tristate choice attr:    0
Excel saved: /home/ljd/wsMA_prototyp/transform_projects/transform_px4/PX4_log/results6.xlsx
        Done writting 35 lines in /home/ljd/wsMA_prototyp/transform_projects/transform_px4/PX4_output/src/drivers/distance_sensor/Kconfig


Reader found: 1 lines in /home/ljd/px4/PX4-Autopilot/src/drivers/distance_sensor/broadcom/Kconfig
call _transform_lines(lines from reader, input, configdefault dict info)
start transforming 1 input lines
    GLOB LOG ----------------------------------------------------------------------------
    Resolve rsource: */Kconfig at line 1
      -> src/drivers/distance_sensor/broadcom/afbrs50/Kconfig
    Files matching: 1 (using rsource)
    FILE LOG --------------------------------------------------------------
    Reader input                1 lines
    -----------------------------------------------------------------------
    All source without glob:    0
    All source using glob:      0
    All osource_keywords:       0
    All rsource_keywords:       1
    All orsource_keywords:      0
    SUM (r/or/o)source lines:   1
    All "option env" attr:      0
    -----------------------------------------------------------------------
    Transformer Output:         1 lines
    -----------------------------------------------------------------------
        Added new bc of def_*:           0
        Added new bc of glob:            0
        Added new bc of config_default:  0
        Added new bc of named choice:    0
        Removed bc of config_default:    0
        Removed bc of named choice:      0
        Removed no match for o(r)source: 0
        Removed optional choice attr:    0
        Removed bool     choice attr:    0
        Removed tristate choice attr:    0
Excel saved: /home/ljd/wsMA_prototyp/transform_projects/transform_px4/PX4_log/results6.xlsx
        Done writting 1 lines in /home/ljd/wsMA_prototyp/transform_projects/transform_px4/PX4_output/src/drivers/distance_sensor/broadcom/Kconfig


Reader found: 5 lines in /home/ljd/px4/PX4-Autopilot/src/drivers/distance_sensor/broadcom/afbrs50/Kconfig
call _transform_lines(lines from reader, input, configdefault dict info)
start transforming 5 input lines
    FILE LOG --------------------------------------------------------------
    Reader input                5 lines
    -----------------------------------------------------------------------
    All source without glob:    0
    All source using glob:      0
    All osource_keywords:       0
    All rsource_keywords:       0
    All orsource_keywords:      0
    SUM (r/or/o)source lines:   0
    All "option env" attr:      0
    -----------------------------------------------------------------------
    Transformer Output:         5 lines
    -----------------------------------------------------------------------
        Added new bc of def_*:           0
        Added new bc of glob:            0
        Added new bc of config_default:  0
        Added new bc of named choice:    0
        Removed bc of config_default:    0
        Removed bc of named choice:      0
        Removed no match for o(r)source: 0
        Removed optional choice attr:    0
        Removed bool     choice attr:    0
        Removed tristate choice attr:    0
Excel saved: /home/ljd/wsMA_prototyp/transform_projects/transform_px4/PX4_log/results6.xlsx
        Done writting 5 lines in /home/ljd/wsMA_prototyp/transform_projects/transform_px4/PX4_output/src/drivers/distance_sensor/broadcom/afbrs50/Kconfig


Reader found: 5 lines in /home/ljd/px4/PX4-Autopilot/src/drivers/distance_sensor/cm8jl65/Kconfig
call _transform_lines(lines from reader, input, configdefault dict info)
start transforming 5 input lines
    FILE LOG --------------------------------------------------------------
    Reader input                5 lines
    -----------------------------------------------------------------------
    All source without glob:    0
    All source using glob:      0
    All osource_keywords:       0
    All rsource_keywords:       0
    All orsource_keywords:      0
    SUM (r/or/o)source lines:   0
    All "option env" attr:      0
    -----------------------------------------------------------------------
    Transformer Output:         5 lines
    -----------------------------------------------------------------------
        Added new bc of def_*:           0
        Added new bc of glob:            0
        Added new bc of config_default:  0
        Added new bc of named choice:    0
        Removed bc of config_default:    0
        Removed bc of named choice:      0
        Removed no match for o(r)source: 0
        Removed optional choice attr:    0
        Removed bool     choice attr:    0
        Removed tristate choice attr:    0
Excel saved: /home/ljd/wsMA_prototyp/transform_projects/transform_px4/PX4_log/results6.xlsx
        Done writting 5 lines in /home/ljd/wsMA_prototyp/transform_projects/transform_px4/PX4_output/src/drivers/distance_sensor/cm8jl65/Kconfig


Reader found: 5 lines in /home/ljd/px4/PX4-Autopilot/src/drivers/distance_sensor/gy_us42/Kconfig
call _transform_lines(lines from reader, input, configdefault dict info)
start transforming 5 input lines
    FILE LOG --------------------------------------------------------------
    Reader input                5 lines
    -----------------------------------------------------------------------
    All source without glob:    0
    All source using glob:      0
    All osource_keywords:       0
    All rsource_keywords:       0
    All orsource_keywords:      0
    SUM (r/or/o)source lines:   0
    All "option env" attr:      0
    -----------------------------------------------------------------------
    Transformer Output:         5 lines
    -----------------------------------------------------------------------
        Added new bc of def_*:           0
        Added new bc of glob:            0
        Added new bc of config_default:  0
        Added new bc of named choice:    0
        Removed bc of config_default:    0
        Removed bc of named choice:      0
        Removed no match for o(r)source: 0
        Removed optional choice attr:    0
        Removed bool     choice attr:    0
        Removed tristate choice attr:    0
Excel saved: /home/ljd/wsMA_prototyp/transform_projects/transform_px4/PX4_log/results6.xlsx
        Done writting 5 lines in /home/ljd/wsMA_prototyp/transform_projects/transform_px4/PX4_output/src/drivers/distance_sensor/gy_us42/Kconfig


Reader found: 5 lines in /home/ljd/px4/PX4-Autopilot/src/drivers/distance_sensor/leddar_one/Kconfig
call _transform_lines(lines from reader, input, configdefault dict info)
start transforming 5 input lines
    FILE LOG --------------------------------------------------------------
    Reader input                5 lines
    -----------------------------------------------------------------------
    All source without glob:    0
    All source using glob:      0
    All osource_keywords:       0
    All rsource_keywords:       0
    All orsource_keywords:      0
    SUM (r/or/o)source lines:   0
    All "option env" attr:      0
    -----------------------------------------------------------------------
    Transformer Output:         5 lines
    -----------------------------------------------------------------------
        Added new bc of def_*:           0
        Added new bc of glob:            0
        Added new bc of config_default:  0
        Added new bc of named choice:    0
        Removed bc of config_default:    0
        Removed bc of named choice:      0
        Removed no match for o(r)source: 0
        Removed optional choice attr:    0
        Removed bool     choice attr:    0
        Removed tristate choice attr:    0
Excel saved: /home/ljd/wsMA_prototyp/transform_projects/transform_px4/PX4_log/results6.xlsx
        Done writting 5 lines in /home/ljd/wsMA_prototyp/transform_projects/transform_px4/PX4_output/src/drivers/distance_sensor/leddar_one/Kconfig


Reader found: 5 lines in /home/ljd/px4/PX4-Autopilot/src/drivers/distance_sensor/lightware_laser_i2c/Kconfig
call _transform_lines(lines from reader, input, configdefault dict info)
start transforming 5 input lines
    FILE LOG --------------------------------------------------------------
    Reader input                5 lines
    -----------------------------------------------------------------------
    All source without glob:    0
    All source using glob:      0
    All osource_keywords:       0
    All rsource_keywords:       0
    All orsource_keywords:      0
    SUM (r/or/o)source lines:   0
    All "option env" attr:      0
    -----------------------------------------------------------------------
    Transformer Output:         5 lines
    -----------------------------------------------------------------------
        Added new bc of def_*:           0
        Added new bc of glob:            0
        Added new bc of config_default:  0
        Added new bc of named choice:    0
        Removed bc of config_default:    0
        Removed bc of named choice:      0
        Removed no match for o(r)source: 0
        Removed optional choice attr:    0
        Removed bool     choice attr:    0
        Removed tristate choice attr:    0
Excel saved: /home/ljd/wsMA_prototyp/transform_projects/transform_px4/PX4_log/results6.xlsx
        Done writting 5 lines in /home/ljd/wsMA_prototyp/transform_projects/transform_px4/PX4_output/src/drivers/distance_sensor/lightware_laser_i2c/Kconfig


Reader found: 5 lines in /home/ljd/px4/PX4-Autopilot/src/drivers/distance_sensor/lightware_laser_serial/Kconfig
call _transform_lines(lines from reader, input, configdefault dict info)
start transforming 5 input lines
    FILE LOG --------------------------------------------------------------
    Reader input                5 lines
    -----------------------------------------------------------------------
    All source without glob:    0
    All source using glob:      0
    All osource_keywords:       0
    All rsource_keywords:       0
    All orsource_keywords:      0
    SUM (r/or/o)source lines:   0
    All "option env" attr:      0
    -----------------------------------------------------------------------
    Transformer Output:         5 lines
    -----------------------------------------------------------------------
        Added new bc of def_*:           0
        Added new bc of glob:            0
        Added new bc of config_default:  0
        Added new bc of named choice:    0
        Removed bc of config_default:    0
        Removed bc of named choice:      0
        Removed no match for o(r)source: 0
        Removed optional choice attr:    0
        Removed bool     choice attr:    0
        Removed tristate choice attr:    0
Excel saved: /home/ljd/wsMA_prototyp/transform_projects/transform_px4/PX4_log/results6.xlsx
        Done writting 5 lines in /home/ljd/wsMA_prototyp/transform_projects/transform_px4/PX4_output/src/drivers/distance_sensor/lightware_laser_serial/Kconfig


Reader found: 5 lines in /home/ljd/px4/PX4-Autopilot/src/drivers/distance_sensor/lightware_sf45_serial/Kconfig
call _transform_lines(lines from reader, input, configdefault dict info)
start transforming 5 input lines
    FILE LOG --------------------------------------------------------------
    Reader input                5 lines
    -----------------------------------------------------------------------
    All source without glob:    0
    All source using glob:      0
    All osource_keywords:       0
    All rsource_keywords:       0
    All orsource_keywords:      0
    SUM (r/or/o)source lines:   0
    All "option env" attr:      0
    -----------------------------------------------------------------------
    Transformer Output:         5 lines
    -----------------------------------------------------------------------
        Added new bc of def_*:           0
        Added new bc of glob:            0
        Added new bc of config_default:  0
        Added new bc of named choice:    0
        Removed bc of config_default:    0
        Removed bc of named choice:      0
        Removed no match for o(r)source: 0
        Removed optional choice attr:    0
        Removed bool     choice attr:    0
        Removed tristate choice attr:    0
Excel saved: /home/ljd/wsMA_prototyp/transform_projects/transform_px4/PX4_log/results6.xlsx
        Done writting 5 lines in /home/ljd/wsMA_prototyp/transform_projects/transform_px4/PX4_output/src/drivers/distance_sensor/lightware_sf45_serial/Kconfig


Reader found: 5 lines in /home/ljd/px4/PX4-Autopilot/src/drivers/distance_sensor/ll40ls/Kconfig
call _transform_lines(lines from reader, input, configdefault dict info)
start transforming 5 input lines
    FILE LOG --------------------------------------------------------------
    Reader input                5 lines
    -----------------------------------------------------------------------
    All source without glob:    0
    All source using glob:      0
    All osource_keywords:       0
    All rsource_keywords:       0
    All orsource_keywords:      0
    SUM (r/or/o)source lines:   0
    All "option env" attr:      0
    -----------------------------------------------------------------------
    Transformer Output:         5 lines
    -----------------------------------------------------------------------
        Added new bc of def_*:           0
        Added new bc of glob:            0
        Added new bc of config_default:  0
        Added new bc of named choice:    0
        Removed bc of config_default:    0
        Removed bc of named choice:      0
        Removed no match for o(r)source: 0
        Removed optional choice attr:    0
        Removed bool     choice attr:    0
        Removed tristate choice attr:    0
Excel saved: /home/ljd/wsMA_prototyp/transform_projects/transform_px4/PX4_log/results6.xlsx
        Done writting 5 lines in /home/ljd/wsMA_prototyp/transform_projects/transform_px4/PX4_output/src/drivers/distance_sensor/ll40ls/Kconfig


Reader found: 5 lines in /home/ljd/px4/PX4-Autopilot/src/drivers/distance_sensor/ll40ls_pwm/Kconfig
call _transform_lines(lines from reader, input, configdefault dict info)
start transforming 5 input lines
    FILE LOG --------------------------------------------------------------
    Reader input                5 lines
    -----------------------------------------------------------------------
    All source without glob:    0
    All source using glob:      0
    All osource_keywords:       0
    All rsource_keywords:       0
    All orsource_keywords:      0
    SUM (r/or/o)source lines:   0
    All "option env" attr:      0
    -----------------------------------------------------------------------
    Transformer Output:         5 lines
    -----------------------------------------------------------------------
        Added new bc of def_*:           0
        Added new bc of glob:            0
        Added new bc of config_default:  0
        Added new bc of named choice:    0
        Removed bc of config_default:    0
        Removed bc of named choice:      0
        Removed no match for o(r)source: 0
        Removed optional choice attr:    0
        Removed bool     choice attr:    0
        Removed tristate choice attr:    0
Excel saved: /home/ljd/wsMA_prototyp/transform_projects/transform_px4/PX4_log/results6.xlsx
        Done writting 5 lines in /home/ljd/wsMA_prototyp/transform_projects/transform_px4/PX4_output/src/drivers/distance_sensor/ll40ls_pwm/Kconfig


Reader found: 5 lines in /home/ljd/px4/PX4-Autopilot/src/drivers/distance_sensor/mappydot/Kconfig
call _transform_lines(lines from reader, input, configdefault dict info)
start transforming 5 input lines
    FILE LOG --------------------------------------------------------------
    Reader input                5 lines
    -----------------------------------------------------------------------
    All source without glob:    0
    All source using glob:      0
    All osource_keywords:       0
    All rsource_keywords:       0
    All orsource_keywords:      0
    SUM (r/or/o)source lines:   0
    All "option env" attr:      0
    -----------------------------------------------------------------------
    Transformer Output:         5 lines
    -----------------------------------------------------------------------
        Added new bc of def_*:           0
        Added new bc of glob:            0
        Added new bc of config_default:  0
        Added new bc of named choice:    0
        Removed bc of config_default:    0
        Removed bc of named choice:      0
        Removed no match for o(r)source: 0
        Removed optional choice attr:    0
        Removed bool     choice attr:    0
        Removed tristate choice attr:    0
Excel saved: /home/ljd/wsMA_prototyp/transform_projects/transform_px4/PX4_log/results6.xlsx
        Done writting 5 lines in /home/ljd/wsMA_prototyp/transform_projects/transform_px4/PX4_output/src/drivers/distance_sensor/mappydot/Kconfig


Reader found: 5 lines in /home/ljd/px4/PX4-Autopilot/src/drivers/distance_sensor/mb12xx/Kconfig
call _transform_lines(lines from reader, input, configdefault dict info)
start transforming 5 input lines
    FILE LOG --------------------------------------------------------------
    Reader input                5 lines
    -----------------------------------------------------------------------
    All source without glob:    0
    All source using glob:      0
    All osource_keywords:       0
    All rsource_keywords:       0
    All orsource_keywords:      0
    SUM (r/or/o)source lines:   0
    All "option env" attr:      0
    -----------------------------------------------------------------------
    Transformer Output:         5 lines
    -----------------------------------------------------------------------
        Added new bc of def_*:           0
        Added new bc of glob:            0
        Added new bc of config_default:  0
        Added new bc of named choice:    0
        Removed bc of config_default:    0
        Removed bc of named choice:      0
        Removed no match for o(r)source: 0
        Removed optional choice attr:    0
        Removed bool     choice attr:    0
        Removed tristate choice attr:    0
Excel saved: /home/ljd/wsMA_prototyp/transform_projects/transform_px4/PX4_log/results6.xlsx
        Done writting 5 lines in /home/ljd/wsMA_prototyp/transform_projects/transform_px4/PX4_output/src/drivers/distance_sensor/mb12xx/Kconfig


Reader found: 5 lines in /home/ljd/px4/PX4-Autopilot/src/drivers/distance_sensor/pga460/Kconfig
call _transform_lines(lines from reader, input, configdefault dict info)
start transforming 5 input lines
    FILE LOG --------------------------------------------------------------
    Reader input                5 lines
    -----------------------------------------------------------------------
    All source without glob:    0
    All source using glob:      0
    All osource_keywords:       0
    All rsource_keywords:       0
    All orsource_keywords:      0
    SUM (r/or/o)source lines:   0
    All "option env" attr:      0
    -----------------------------------------------------------------------
    Transformer Output:         5 lines
    -----------------------------------------------------------------------
        Added new bc of def_*:           0
        Added new bc of glob:            0
        Added new bc of config_default:  0
        Added new bc of named choice:    0
        Removed bc of config_default:    0
        Removed bc of named choice:      0
        Removed no match for o(r)source: 0
        Removed optional choice attr:    0
        Removed bool     choice attr:    0
        Removed tristate choice attr:    0
Excel saved: /home/ljd/wsMA_prototyp/transform_projects/transform_px4/PX4_log/results6.xlsx
        Done writting 5 lines in /home/ljd/wsMA_prototyp/transform_projects/transform_px4/PX4_output/src/drivers/distance_sensor/pga460/Kconfig


Reader found: 5 lines in /home/ljd/px4/PX4-Autopilot/src/drivers/distance_sensor/srf02/Kconfig
call _transform_lines(lines from reader, input, configdefault dict info)
start transforming 5 input lines
    FILE LOG --------------------------------------------------------------
    Reader input                5 lines
    -----------------------------------------------------------------------
    All source without glob:    0
    All source using glob:      0
    All osource_keywords:       0
    All rsource_keywords:       0
    All orsource_keywords:      0
    SUM (r/or/o)source lines:   0
    All "option env" attr:      0
    -----------------------------------------------------------------------
    Transformer Output:         5 lines
    -----------------------------------------------------------------------
        Added new bc of def_*:           0
        Added new bc of glob:            0
        Added new bc of config_default:  0
        Added new bc of named choice:    0
        Removed bc of config_default:    0
        Removed bc of named choice:      0
        Removed no match for o(r)source: 0
        Removed optional choice attr:    0
        Removed bool     choice attr:    0
        Removed tristate choice attr:    0
Excel saved: /home/ljd/wsMA_prototyp/transform_projects/transform_px4/PX4_log/results6.xlsx
        Done writting 5 lines in /home/ljd/wsMA_prototyp/transform_projects/transform_px4/PX4_output/src/drivers/distance_sensor/srf02/Kconfig


Reader found: 5 lines in /home/ljd/px4/PX4-Autopilot/src/drivers/distance_sensor/srf05/Kconfig
call _transform_lines(lines from reader, input, configdefault dict info)
start transforming 5 input lines
    FILE LOG --------------------------------------------------------------
    Reader input                5 lines
    -----------------------------------------------------------------------
    All source without glob:    0
    All source using glob:      0
    All osource_keywords:       0
    All rsource_keywords:       0
    All orsource_keywords:      0
    SUM (r/or/o)source lines:   0
    All "option env" attr:      0
    -----------------------------------------------------------------------
    Transformer Output:         5 lines
    -----------------------------------------------------------------------
        Added new bc of def_*:           0
        Added new bc of glob:            0
        Added new bc of config_default:  0
        Added new bc of named choice:    0
        Removed bc of config_default:    0
        Removed bc of named choice:      0
        Removed no match for o(r)source: 0
        Removed optional choice attr:    0
        Removed bool     choice attr:    0
        Removed tristate choice attr:    0
Excel saved: /home/ljd/wsMA_prototyp/transform_projects/transform_px4/PX4_log/results6.xlsx
        Done writting 5 lines in /home/ljd/wsMA_prototyp/transform_projects/transform_px4/PX4_output/src/drivers/distance_sensor/srf05/Kconfig


Reader found: 5 lines in /home/ljd/px4/PX4-Autopilot/src/drivers/distance_sensor/teraranger/Kconfig
call _transform_lines(lines from reader, input, configdefault dict info)
start transforming 5 input lines
    FILE LOG --------------------------------------------------------------
    Reader input                5 lines
    -----------------------------------------------------------------------
    All source without glob:    0
    All source using glob:      0
    All osource_keywords:       0
    All rsource_keywords:       0
    All orsource_keywords:      0
    SUM (r/or/o)source lines:   0
    All "option env" attr:      0
    -----------------------------------------------------------------------
    Transformer Output:         5 lines
    -----------------------------------------------------------------------
        Added new bc of def_*:           0
        Added new bc of glob:            0
        Added new bc of config_default:  0
        Added new bc of named choice:    0
        Removed bc of config_default:    0
        Removed bc of named choice:      0
        Removed no match for o(r)source: 0
        Removed optional choice attr:    0
        Removed bool     choice attr:    0
        Removed tristate choice attr:    0
Excel saved: /home/ljd/wsMA_prototyp/transform_projects/transform_px4/PX4_log/results6.xlsx
        Done writting 5 lines in /home/ljd/wsMA_prototyp/transform_projects/transform_px4/PX4_output/src/drivers/distance_sensor/teraranger/Kconfig


Reader found: 5 lines in /home/ljd/px4/PX4-Autopilot/src/drivers/distance_sensor/tf02pro/Kconfig
call _transform_lines(lines from reader, input, configdefault dict info)
start transforming 5 input lines
    FILE LOG --------------------------------------------------------------
    Reader input                5 lines
    -----------------------------------------------------------------------
    All source without glob:    0
    All source using glob:      0
    All osource_keywords:       0
    All rsource_keywords:       0
    All orsource_keywords:      0
    SUM (r/or/o)source lines:   0
    All "option env" attr:      0
    -----------------------------------------------------------------------
    Transformer Output:         5 lines
    -----------------------------------------------------------------------
        Added new bc of def_*:           0
        Added new bc of glob:            0
        Added new bc of config_default:  0
        Added new bc of named choice:    0
        Removed bc of config_default:    0
        Removed bc of named choice:      0
        Removed no match for o(r)source: 0
        Removed optional choice attr:    0
        Removed bool     choice attr:    0
        Removed tristate choice attr:    0
Excel saved: /home/ljd/wsMA_prototyp/transform_projects/transform_px4/PX4_log/results6.xlsx
        Done writting 5 lines in /home/ljd/wsMA_prototyp/transform_projects/transform_px4/PX4_output/src/drivers/distance_sensor/tf02pro/Kconfig


Reader found: 5 lines in /home/ljd/px4/PX4-Autopilot/src/drivers/distance_sensor/tfmini/Kconfig
call _transform_lines(lines from reader, input, configdefault dict info)
start transforming 5 input lines
    FILE LOG --------------------------------------------------------------
    Reader input                5 lines
    -----------------------------------------------------------------------
    All source without glob:    0
    All source using glob:      0
    All osource_keywords:       0
    All rsource_keywords:       0
    All orsource_keywords:      0
    SUM (r/or/o)source lines:   0
    All "option env" attr:      0
    -----------------------------------------------------------------------
    Transformer Output:         5 lines
    -----------------------------------------------------------------------
        Added new bc of def_*:           0
        Added new bc of glob:            0
        Added new bc of config_default:  0
        Added new bc of named choice:    0
        Removed bc of config_default:    0
        Removed bc of named choice:      0
        Removed no match for o(r)source: 0
        Removed optional choice attr:    0
        Removed bool     choice attr:    0
        Removed tristate choice attr:    0
Excel saved: /home/ljd/wsMA_prototyp/transform_projects/transform_px4/PX4_log/results6.xlsx
        Done writting 5 lines in /home/ljd/wsMA_prototyp/transform_projects/transform_px4/PX4_output/src/drivers/distance_sensor/tfmini/Kconfig


Reader found: 5 lines in /home/ljd/px4/PX4-Autopilot/src/drivers/distance_sensor/ulanding_radar/Kconfig
call _transform_lines(lines from reader, input, configdefault dict info)
start transforming 5 input lines
    FILE LOG --------------------------------------------------------------
    Reader input                5 lines
    -----------------------------------------------------------------------
    All source without glob:    0
    All source using glob:      0
    All osource_keywords:       0
    All rsource_keywords:       0
    All orsource_keywords:      0
    SUM (r/or/o)source lines:   0
    All "option env" attr:      0
    -----------------------------------------------------------------------
    Transformer Output:         5 lines
    -----------------------------------------------------------------------
        Added new bc of def_*:           0
        Added new bc of glob:            0
        Added new bc of config_default:  0
        Added new bc of named choice:    0
        Removed bc of config_default:    0
        Removed bc of named choice:      0
        Removed no match for o(r)source: 0
        Removed optional choice attr:    0
        Removed bool     choice attr:    0
        Removed tristate choice attr:    0
Excel saved: /home/ljd/wsMA_prototyp/transform_projects/transform_px4/PX4_log/results6.xlsx
        Done writting 5 lines in /home/ljd/wsMA_prototyp/transform_projects/transform_px4/PX4_output/src/drivers/distance_sensor/ulanding_radar/Kconfig


Reader found: 5 lines in /home/ljd/px4/PX4-Autopilot/src/drivers/distance_sensor/vl53l0x/Kconfig
call _transform_lines(lines from reader, input, configdefault dict info)
start transforming 5 input lines
    FILE LOG --------------------------------------------------------------
    Reader input                5 lines
    -----------------------------------------------------------------------
    All source without glob:    0
    All source using glob:      0
    All osource_keywords:       0
    All rsource_keywords:       0
    All orsource_keywords:      0
    SUM (r/or/o)source lines:   0
    All "option env" attr:      0
    -----------------------------------------------------------------------
    Transformer Output:         5 lines
    -----------------------------------------------------------------------
        Added new bc of def_*:           0
        Added new bc of glob:            0
        Added new bc of config_default:  0
        Added new bc of named choice:    0
        Removed bc of config_default:    0
        Removed bc of named choice:      0
        Removed no match for o(r)source: 0
        Removed optional choice attr:    0
        Removed bool     choice attr:    0
        Removed tristate choice attr:    0
Excel saved: /home/ljd/wsMA_prototyp/transform_projects/transform_px4/PX4_log/results6.xlsx
        Done writting 5 lines in /home/ljd/wsMA_prototyp/transform_projects/transform_px4/PX4_output/src/drivers/distance_sensor/vl53l0x/Kconfig


Reader found: 5 lines in /home/ljd/px4/PX4-Autopilot/src/drivers/distance_sensor/vl53l1x/Kconfig
call _transform_lines(lines from reader, input, configdefault dict info)
start transforming 5 input lines
    FILE LOG --------------------------------------------------------------
    Reader input                5 lines
    -----------------------------------------------------------------------
    All source without glob:    0
    All source using glob:      0
    All osource_keywords:       0
    All rsource_keywords:       0
    All orsource_keywords:      0
    SUM (r/or/o)source lines:   0
    All "option env" attr:      0
    -----------------------------------------------------------------------
    Transformer Output:         5 lines
    -----------------------------------------------------------------------
        Added new bc of def_*:           0
        Added new bc of glob:            0
        Added new bc of config_default:  0
        Added new bc of named choice:    0
        Removed bc of config_default:    0
        Removed bc of named choice:      0
        Removed no match for o(r)source: 0
        Removed optional choice attr:    0
        Removed bool     choice attr:    0
        Removed tristate choice attr:    0
Excel saved: /home/ljd/wsMA_prototyp/transform_projects/transform_px4/PX4_log/results6.xlsx
        Done writting 5 lines in /home/ljd/wsMA_prototyp/transform_projects/transform_px4/PX4_output/src/drivers/distance_sensor/vl53l1x/Kconfig


Reader found: 5 lines in /home/ljd/px4/PX4-Autopilot/src/drivers/dshot/Kconfig
call _transform_lines(lines from reader, input, configdefault dict info)
start transforming 5 input lines
    FILE LOG --------------------------------------------------------------
    Reader input                5 lines
    -----------------------------------------------------------------------
    All source without glob:    0
    All source using glob:      0
    All osource_keywords:       0
    All rsource_keywords:       0
    All orsource_keywords:      0
    SUM (r/or/o)source lines:   0
    All "option env" attr:      0
    -----------------------------------------------------------------------
    Transformer Output:         5 lines
    -----------------------------------------------------------------------
        Added new bc of def_*:           0
        Added new bc of glob:            0
        Added new bc of config_default:  0
        Added new bc of named choice:    0
        Removed bc of config_default:    0
        Removed bc of named choice:      0
        Removed no match for o(r)source: 0
        Removed optional choice attr:    0
        Removed bool     choice attr:    0
        Removed tristate choice attr:    0
Excel saved: /home/ljd/wsMA_prototyp/transform_projects/transform_px4/PX4_log/results6.xlsx
        Done writting 5 lines in /home/ljd/wsMA_prototyp/transform_projects/transform_px4/PX4_output/src/drivers/dshot/Kconfig


Reader found: 1 lines in /home/ljd/px4/PX4-Autopilot/src/drivers/gnss/Kconfig
call _transform_lines(lines from reader, input, configdefault dict info)
start transforming 1 input lines
    GLOB LOG ----------------------------------------------------------------------------
    Resolve rsource: */Kconfig at line 1
      -> src/drivers/gnss/septentrio/Kconfig
    Files matching: 1 (using rsource)
    FILE LOG --------------------------------------------------------------
    Reader input                1 lines
    -----------------------------------------------------------------------
    All source without glob:    0
    All source using glob:      0
    All osource_keywords:       0
    All rsource_keywords:       1
    All orsource_keywords:      0
    SUM (r/or/o)source lines:   1
    All "option env" attr:      0
    -----------------------------------------------------------------------
    Transformer Output:         1 lines
    -----------------------------------------------------------------------
        Added new bc of def_*:           0
        Added new bc of glob:            0
        Added new bc of config_default:  0
        Added new bc of named choice:    0
        Removed bc of config_default:    0
        Removed bc of named choice:      0
        Removed no match for o(r)source: 0
        Removed optional choice attr:    0
        Removed bool     choice attr:    0
        Removed tristate choice attr:    0
Excel saved: /home/ljd/wsMA_prototyp/transform_projects/transform_px4/PX4_log/results6.xlsx
        Done writting 1 lines in /home/ljd/wsMA_prototyp/transform_projects/transform_px4/PX4_output/src/drivers/gnss/Kconfig


Reader found: 5 lines in /home/ljd/px4/PX4-Autopilot/src/drivers/gnss/septentrio/Kconfig
call _transform_lines(lines from reader, input, configdefault dict info)
start transforming 5 input lines
    FILE LOG --------------------------------------------------------------
    Reader input                5 lines
    -----------------------------------------------------------------------
    All source without glob:    0
    All source using glob:      0
    All osource_keywords:       0
    All rsource_keywords:       0
    All orsource_keywords:      0
    SUM (r/or/o)source lines:   0
    All "option env" attr:      0
    -----------------------------------------------------------------------
    Transformer Output:         5 lines
    -----------------------------------------------------------------------
        Added new bc of def_*:           0
        Added new bc of glob:            0
        Added new bc of config_default:  0
        Added new bc of named choice:    0
        Removed bc of config_default:    0
        Removed bc of named choice:      0
        Removed no match for o(r)source: 0
        Removed optional choice attr:    0
        Removed bool     choice attr:    0
        Removed tristate choice attr:    0
Excel saved: /home/ljd/wsMA_prototyp/transform_projects/transform_px4/PX4_log/results6.xlsx
        Done writting 5 lines in /home/ljd/wsMA_prototyp/transform_projects/transform_px4/PX4_output/src/drivers/gnss/septentrio/Kconfig


Reader found: 3 lines in /home/ljd/px4/PX4-Autopilot/src/drivers/gpio/Kconfig
call _transform_lines(lines from reader, input, configdefault dict info)
start transforming 3 input lines
    GLOB LOG ----------------------------------------------------------------------------
    Resolve rsource: */Kconfig at line 2
      -> src/drivers/gpio/mcp23009/Kconfig
      -> src/drivers/gpio/mcp23017/Kconfig
    Files matching: 2 (using rsource)
    FILE LOG --------------------------------------------------------------
    Reader input                3 lines
    -----------------------------------------------------------------------
    All source without glob:    0
    All source using glob:      0
    All osource_keywords:       0
    All rsource_keywords:       1
    All orsource_keywords:      0
    SUM (r/or/o)source lines:   1
    All "option env" attr:      0
    -----------------------------------------------------------------------
    Transformer Output:         4 lines
    -----------------------------------------------------------------------
        Added new bc of def_*:           0
        Added new bc of glob:            1
        Added new bc of config_default:  0
        Added new bc of named choice:    0
        Removed bc of config_default:    0
        Removed bc of named choice:      0
        Removed no match for o(r)source: 0
        Removed optional choice attr:    0
        Removed bool     choice attr:    0
        Removed tristate choice attr:    0
Excel saved: /home/ljd/wsMA_prototyp/transform_projects/transform_px4/PX4_log/results6.xlsx
        Done writting 4 lines in /home/ljd/wsMA_prototyp/transform_projects/transform_px4/PX4_output/src/drivers/gpio/Kconfig


Reader found: 5 lines in /home/ljd/px4/PX4-Autopilot/src/drivers/gpio/mcp23009/Kconfig
call _transform_lines(lines from reader, input, configdefault dict info)
start transforming 5 input lines
    FILE LOG --------------------------------------------------------------
    Reader input                5 lines
    -----------------------------------------------------------------------
    All source without glob:    0
    All source using glob:      0
    All osource_keywords:       0
    All rsource_keywords:       0
    All orsource_keywords:      0
    SUM (r/or/o)source lines:   0
    All "option env" attr:      0
    -----------------------------------------------------------------------
    Transformer Output:         5 lines
    -----------------------------------------------------------------------
        Added new bc of def_*:           0
        Added new bc of glob:            0
        Added new bc of config_default:  0
        Added new bc of named choice:    0
        Removed bc of config_default:    0
        Removed bc of named choice:      0
        Removed no match for o(r)source: 0
        Removed optional choice attr:    0
        Removed bool     choice attr:    0
        Removed tristate choice attr:    0
Excel saved: /home/ljd/wsMA_prototyp/transform_projects/transform_px4/PX4_log/results6.xlsx
        Done writting 5 lines in /home/ljd/wsMA_prototyp/transform_projects/transform_px4/PX4_output/src/drivers/gpio/mcp23009/Kconfig


Reader found: 5 lines in /home/ljd/px4/PX4-Autopilot/src/drivers/gpio/mcp23017/Kconfig
call _transform_lines(lines from reader, input, configdefault dict info)
start transforming 5 input lines
    FILE LOG --------------------------------------------------------------
    Reader input                5 lines
    -----------------------------------------------------------------------
    All source without glob:    0
    All source using glob:      0
    All osource_keywords:       0
    All rsource_keywords:       0
    All orsource_keywords:      0
    SUM (r/or/o)source lines:   0
    All "option env" attr:      0
    -----------------------------------------------------------------------
    Transformer Output:         5 lines
    -----------------------------------------------------------------------
        Added new bc of def_*:           0
        Added new bc of glob:            0
        Added new bc of config_default:  0
        Added new bc of named choice:    0
        Removed bc of config_default:    0
        Removed bc of named choice:      0
        Removed no match for o(r)source: 0
        Removed optional choice attr:    0
        Removed bool     choice attr:    0
        Removed tristate choice attr:    0
Excel saved: /home/ljd/wsMA_prototyp/transform_projects/transform_px4/PX4_log/results6.xlsx
        Done writting 5 lines in /home/ljd/wsMA_prototyp/transform_projects/transform_px4/PX4_output/src/drivers/gpio/mcp23017/Kconfig


Reader found: 12 lines in /home/ljd/px4/PX4-Autopilot/src/drivers/gps/Kconfig
call _transform_lines(lines from reader, input, configdefault dict info)
start transforming 12 input lines
    FILE LOG --------------------------------------------------------------
    Reader input                12 lines
    -----------------------------------------------------------------------
    All source without glob:    0
    All source using glob:      0
    All osource_keywords:       0
    All rsource_keywords:       0
    All orsource_keywords:      0
    SUM (r/or/o)source lines:   0
    All "option env" attr:      0
    -----------------------------------------------------------------------
    Transformer Output:         12 lines
    -----------------------------------------------------------------------
        Added new bc of def_*:           0
        Added new bc of glob:            0
        Added new bc of config_default:  0
        Added new bc of named choice:    0
        Removed bc of config_default:    0
        Removed bc of named choice:      0
        Removed no match for o(r)source: 0
        Removed optional choice attr:    0
        Removed bool     choice attr:    0
        Removed tristate choice attr:    0
Excel saved: /home/ljd/wsMA_prototyp/transform_projects/transform_px4/PX4_log/results6.xlsx
        Done writting 12 lines in /home/ljd/wsMA_prototyp/transform_projects/transform_px4/PX4_output/src/drivers/gps/Kconfig


Reader found: 5 lines in /home/ljd/px4/PX4-Autopilot/src/drivers/heater/Kconfig
call _transform_lines(lines from reader, input, configdefault dict info)
start transforming 5 input lines
    FILE LOG --------------------------------------------------------------
    Reader input                5 lines
    -----------------------------------------------------------------------
    All source without glob:    0
    All source using glob:      0
    All osource_keywords:       0
    All rsource_keywords:       0
    All orsource_keywords:      0
    SUM (r/or/o)source lines:   0
    All "option env" attr:      0
    -----------------------------------------------------------------------
    Transformer Output:         5 lines
    -----------------------------------------------------------------------
        Added new bc of def_*:           0
        Added new bc of glob:            0
        Added new bc of config_default:  0
        Added new bc of named choice:    0
        Removed bc of config_default:    0
        Removed bc of named choice:      0
        Removed no match for o(r)source: 0
        Removed optional choice attr:    0
        Removed bool     choice attr:    0
        Removed tristate choice attr:    0
Excel saved: /home/ljd/wsMA_prototyp/transform_projects/transform_px4/PX4_log/results6.xlsx
        Done writting 5 lines in /home/ljd/wsMA_prototyp/transform_projects/transform_px4/PX4_output/src/drivers/heater/Kconfig


Reader found: 9 lines in /home/ljd/px4/PX4-Autopilot/src/drivers/hygrometer/Kconfig
call _transform_lines(lines from reader, input, configdefault dict info)
start transforming 9 input lines
    GLOB LOG ----------------------------------------------------------------------------
    Resolve rsource: */Kconfig at line 8
      -> src/drivers/hygrometer/sht3x/Kconfig
    Files matching: 1 (using rsource)
    FILE LOG --------------------------------------------------------------
    Reader input                9 lines
    -----------------------------------------------------------------------
    All source without glob:    0
    All source using glob:      0
    All osource_keywords:       0
    All rsource_keywords:       1
    All orsource_keywords:      0
    SUM (r/or/o)source lines:   1
    All "option env" attr:      0
    -----------------------------------------------------------------------
    Transformer Output:         9 lines
    -----------------------------------------------------------------------
        Added new bc of def_*:           0
        Added new bc of glob:            0
        Added new bc of config_default:  0
        Added new bc of named choice:    0
        Removed bc of config_default:    0
        Removed bc of named choice:      0
        Removed no match for o(r)source: 0
        Removed optional choice attr:    0
        Removed bool     choice attr:    0
        Removed tristate choice attr:    0
Excel saved: /home/ljd/wsMA_prototyp/transform_projects/transform_px4/PX4_log/results6.xlsx
        Done writting 9 lines in /home/ljd/wsMA_prototyp/transform_projects/transform_px4/PX4_output/src/drivers/hygrometer/Kconfig


Reader found: 5 lines in /home/ljd/px4/PX4-Autopilot/src/drivers/hygrometer/sht3x/Kconfig
call _transform_lines(lines from reader, input, configdefault dict info)
start transforming 5 input lines
    FILE LOG --------------------------------------------------------------
    Reader input                5 lines
    -----------------------------------------------------------------------
    All source without glob:    0
    All source using glob:      0
    All osource_keywords:       0
    All rsource_keywords:       0
    All orsource_keywords:      0
    SUM (r/or/o)source lines:   0
    All "option env" attr:      0
    -----------------------------------------------------------------------
    Transformer Output:         5 lines
    -----------------------------------------------------------------------
        Added new bc of def_*:           0
        Added new bc of glob:            0
        Added new bc of config_default:  0
        Added new bc of named choice:    0
        Removed bc of config_default:    0
        Removed bc of named choice:      0
        Removed no match for o(r)source: 0
        Removed optional choice attr:    0
        Removed bool     choice attr:    0
        Removed tristate choice attr:    0
Excel saved: /home/ljd/wsMA_prototyp/transform_projects/transform_px4/PX4_log/results6.xlsx
        Done writting 5 lines in /home/ljd/wsMA_prototyp/transform_projects/transform_px4/PX4_output/src/drivers/hygrometer/sht3x/Kconfig


Reader found: 31 lines in /home/ljd/px4/PX4-Autopilot/src/drivers/imu/Kconfig
call _transform_lines(lines from reader, input, configdefault dict info)
start transforming 31 input lines
    GLOB LOG ----------------------------------------------------------------------------
    Resolve rsource: */Kconfig at line 30
      -> src/drivers/imu/analog_devices/Kconfig
      -> src/drivers/imu/bosch/Kconfig
      -> src/drivers/imu/invensense/Kconfig
      -> src/drivers/imu/murata/Kconfig
      -> src/drivers/imu/nxp/Kconfig
      -> src/drivers/imu/st/Kconfig
    Files matching: 6 (using rsource)
    FILE LOG --------------------------------------------------------------
    Reader input                31 lines
    -----------------------------------------------------------------------
    All source without glob:    0
    All source using glob:      0
    All osource_keywords:       0
    All rsource_keywords:       1
    All orsource_keywords:      0
    SUM (r/or/o)source lines:   1
    All "option env" attr:      0
    -----------------------------------------------------------------------
    Transformer Output:         36 lines
    -----------------------------------------------------------------------
        Added new bc of def_*:           0
        Added new bc of glob:            5
        Added new bc of config_default:  0
        Added new bc of named choice:    0
        Removed bc of config_default:    0
        Removed bc of named choice:      0
        Removed no match for o(r)source: 0
        Removed optional choice attr:    0
        Removed bool     choice attr:    0
        Removed tristate choice attr:    0
Excel saved: /home/ljd/wsMA_prototyp/transform_projects/transform_px4/PX4_log/results6.xlsx
        Done writting 36 lines in /home/ljd/wsMA_prototyp/transform_projects/transform_px4/PX4_output/src/drivers/imu/Kconfig


Reader found: 3 lines in /home/ljd/px4/PX4-Autopilot/src/drivers/imu/analog_devices/Kconfig
call _transform_lines(lines from reader, input, configdefault dict info)
start transforming 3 input lines
    GLOB LOG ----------------------------------------------------------------------------
    Resolve rsource: */Kconfig at line 2
      -> src/drivers/imu/analog_devices/adis16448/Kconfig
      -> src/drivers/imu/analog_devices/adis16470/Kconfig
      -> src/drivers/imu/analog_devices/adis16477/Kconfig
      -> src/drivers/imu/analog_devices/adis16497/Kconfig
      -> src/drivers/imu/analog_devices/adis16507/Kconfig
    Files matching: 5 (using rsource)
    FILE LOG --------------------------------------------------------------
    Reader input                3 lines
    -----------------------------------------------------------------------
    All source without glob:    0
    All source using glob:      0
    All osource_keywords:       0
    All rsource_keywords:       1
    All orsource_keywords:      0
    SUM (r/or/o)source lines:   1
    All "option env" attr:      0
    -----------------------------------------------------------------------
    Transformer Output:         7 lines
    -----------------------------------------------------------------------
        Added new bc of def_*:           0
        Added new bc of glob:            4
        Added new bc of config_default:  0
        Added new bc of named choice:    0
        Removed bc of config_default:    0
        Removed bc of named choice:      0
        Removed no match for o(r)source: 0
        Removed optional choice attr:    0
        Removed bool     choice attr:    0
        Removed tristate choice attr:    0
Excel saved: /home/ljd/wsMA_prototyp/transform_projects/transform_px4/PX4_log/results6.xlsx
        Done writting 7 lines in /home/ljd/wsMA_prototyp/transform_projects/transform_px4/PX4_output/src/drivers/imu/analog_devices/Kconfig


Reader found: 5 lines in /home/ljd/px4/PX4-Autopilot/src/drivers/imu/analog_devices/adis16448/Kconfig
call _transform_lines(lines from reader, input, configdefault dict info)
start transforming 5 input lines
    FILE LOG --------------------------------------------------------------
    Reader input                5 lines
    -----------------------------------------------------------------------
    All source without glob:    0
    All source using glob:      0
    All osource_keywords:       0
    All rsource_keywords:       0
    All orsource_keywords:      0
    SUM (r/or/o)source lines:   0
    All "option env" attr:      0
    -----------------------------------------------------------------------
    Transformer Output:         5 lines
    -----------------------------------------------------------------------
        Added new bc of def_*:           0
        Added new bc of glob:            0
        Added new bc of config_default:  0
        Added new bc of named choice:    0
        Removed bc of config_default:    0
        Removed bc of named choice:      0
        Removed no match for o(r)source: 0
        Removed optional choice attr:    0
        Removed bool     choice attr:    0
        Removed tristate choice attr:    0
Excel saved: /home/ljd/wsMA_prototyp/transform_projects/transform_px4/PX4_log/results6.xlsx
        Done writting 5 lines in /home/ljd/wsMA_prototyp/transform_projects/transform_px4/PX4_output/src/drivers/imu/analog_devices/adis16448/Kconfig


Reader found: 5 lines in /home/ljd/px4/PX4-Autopilot/src/drivers/imu/analog_devices/adis16470/Kconfig
call _transform_lines(lines from reader, input, configdefault dict info)
start transforming 5 input lines
    FILE LOG --------------------------------------------------------------
    Reader input                5 lines
    -----------------------------------------------------------------------
    All source without glob:    0
    All source using glob:      0
    All osource_keywords:       0
    All rsource_keywords:       0
    All orsource_keywords:      0
    SUM (r/or/o)source lines:   0
    All "option env" attr:      0
    -----------------------------------------------------------------------
    Transformer Output:         5 lines
    -----------------------------------------------------------------------
        Added new bc of def_*:           0
        Added new bc of glob:            0
        Added new bc of config_default:  0
        Added new bc of named choice:    0
        Removed bc of config_default:    0
        Removed bc of named choice:      0
        Removed no match for o(r)source: 0
        Removed optional choice attr:    0
        Removed bool     choice attr:    0
        Removed tristate choice attr:    0
Excel saved: /home/ljd/wsMA_prototyp/transform_projects/transform_px4/PX4_log/results6.xlsx
        Done writting 5 lines in /home/ljd/wsMA_prototyp/transform_projects/transform_px4/PX4_output/src/drivers/imu/analog_devices/adis16470/Kconfig


Reader found: 5 lines in /home/ljd/px4/PX4-Autopilot/src/drivers/imu/analog_devices/adis16477/Kconfig
call _transform_lines(lines from reader, input, configdefault dict info)
start transforming 5 input lines
    FILE LOG --------------------------------------------------------------
    Reader input                5 lines
    -----------------------------------------------------------------------
    All source without glob:    0
    All source using glob:      0
    All osource_keywords:       0
    All rsource_keywords:       0
    All orsource_keywords:      0
    SUM (r/or/o)source lines:   0
    All "option env" attr:      0
    -----------------------------------------------------------------------
    Transformer Output:         5 lines
    -----------------------------------------------------------------------
        Added new bc of def_*:           0
        Added new bc of glob:            0
        Added new bc of config_default:  0
        Added new bc of named choice:    0
        Removed bc of config_default:    0
        Removed bc of named choice:      0
        Removed no match for o(r)source: 0
        Removed optional choice attr:    0
        Removed bool     choice attr:    0
        Removed tristate choice attr:    0
Excel saved: /home/ljd/wsMA_prototyp/transform_projects/transform_px4/PX4_log/results6.xlsx
        Done writting 5 lines in /home/ljd/wsMA_prototyp/transform_projects/transform_px4/PX4_output/src/drivers/imu/analog_devices/adis16477/Kconfig


Reader found: 5 lines in /home/ljd/px4/PX4-Autopilot/src/drivers/imu/analog_devices/adis16497/Kconfig
call _transform_lines(lines from reader, input, configdefault dict info)
start transforming 5 input lines
    FILE LOG --------------------------------------------------------------
    Reader input                5 lines
    -----------------------------------------------------------------------
    All source without glob:    0
    All source using glob:      0
    All osource_keywords:       0
    All rsource_keywords:       0
    All orsource_keywords:      0
    SUM (r/or/o)source lines:   0
    All "option env" attr:      0
    -----------------------------------------------------------------------
    Transformer Output:         5 lines
    -----------------------------------------------------------------------
        Added new bc of def_*:           0
        Added new bc of glob:            0
        Added new bc of config_default:  0
        Added new bc of named choice:    0
        Removed bc of config_default:    0
        Removed bc of named choice:      0
        Removed no match for o(r)source: 0
        Removed optional choice attr:    0
        Removed bool     choice attr:    0
        Removed tristate choice attr:    0
Excel saved: /home/ljd/wsMA_prototyp/transform_projects/transform_px4/PX4_log/results6.xlsx
        Done writting 5 lines in /home/ljd/wsMA_prototyp/transform_projects/transform_px4/PX4_output/src/drivers/imu/analog_devices/adis16497/Kconfig


Reader found: 5 lines in /home/ljd/px4/PX4-Autopilot/src/drivers/imu/analog_devices/adis16507/Kconfig
call _transform_lines(lines from reader, input, configdefault dict info)
start transforming 5 input lines
    FILE LOG --------------------------------------------------------------
    Reader input                5 lines
    -----------------------------------------------------------------------
    All source without glob:    0
    All source using glob:      0
    All osource_keywords:       0
    All rsource_keywords:       0
    All orsource_keywords:      0
    SUM (r/or/o)source lines:   0
    All "option env" attr:      0
    -----------------------------------------------------------------------
    Transformer Output:         5 lines
    -----------------------------------------------------------------------
        Added new bc of def_*:           0
        Added new bc of glob:            0
        Added new bc of config_default:  0
        Added new bc of named choice:    0
        Removed bc of config_default:    0
        Removed bc of named choice:      0
        Removed no match for o(r)source: 0
        Removed optional choice attr:    0
        Removed bool     choice attr:    0
        Removed tristate choice attr:    0
Excel saved: /home/ljd/wsMA_prototyp/transform_projects/transform_px4/PX4_log/results6.xlsx
        Done writting 5 lines in /home/ljd/wsMA_prototyp/transform_projects/transform_px4/PX4_output/src/drivers/imu/analog_devices/adis16507/Kconfig


Reader found: 3 lines in /home/ljd/px4/PX4-Autopilot/src/drivers/imu/bosch/Kconfig
call _transform_lines(lines from reader, input, configdefault dict info)
start transforming 3 input lines
    GLOB LOG ----------------------------------------------------------------------------
    Resolve rsource: */Kconfig at line 2
      -> src/drivers/imu/bosch/bmi055/Kconfig
      -> src/drivers/imu/bosch/bmi085/Kconfig
      -> src/drivers/imu/bosch/bmi088/Kconfig
      -> src/drivers/imu/bosch/bmi088_i2c/Kconfig
      -> src/drivers/imu/bosch/bmi270/Kconfig
    Files matching: 5 (using rsource)
    FILE LOG --------------------------------------------------------------
    Reader input                3 lines
    -----------------------------------------------------------------------
    All source without glob:    0
    All source using glob:      0
    All osource_keywords:       0
    All rsource_keywords:       1
    All orsource_keywords:      0
    SUM (r/or/o)source lines:   1
    All "option env" attr:      0
    -----------------------------------------------------------------------
    Transformer Output:         7 lines
    -----------------------------------------------------------------------
        Added new bc of def_*:           0
        Added new bc of glob:            4
        Added new bc of config_default:  0
        Added new bc of named choice:    0
        Removed bc of config_default:    0
        Removed bc of named choice:      0
        Removed no match for o(r)source: 0
        Removed optional choice attr:    0
        Removed bool     choice attr:    0
        Removed tristate choice attr:    0
Excel saved: /home/ljd/wsMA_prototyp/transform_projects/transform_px4/PX4_log/results6.xlsx
        Done writting 7 lines in /home/ljd/wsMA_prototyp/transform_projects/transform_px4/PX4_output/src/drivers/imu/bosch/Kconfig


Reader found: 5 lines in /home/ljd/px4/PX4-Autopilot/src/drivers/imu/bosch/bmi055/Kconfig
call _transform_lines(lines from reader, input, configdefault dict info)
start transforming 5 input lines
    FILE LOG --------------------------------------------------------------
    Reader input                5 lines
    -----------------------------------------------------------------------
    All source without glob:    0
    All source using glob:      0
    All osource_keywords:       0
    All rsource_keywords:       0
    All orsource_keywords:      0
    SUM (r/or/o)source lines:   0
    All "option env" attr:      0
    -----------------------------------------------------------------------
    Transformer Output:         5 lines
    -----------------------------------------------------------------------
        Added new bc of def_*:           0
        Added new bc of glob:            0
        Added new bc of config_default:  0
        Added new bc of named choice:    0
        Removed bc of config_default:    0
        Removed bc of named choice:      0
        Removed no match for o(r)source: 0
        Removed optional choice attr:    0
        Removed bool     choice attr:    0
        Removed tristate choice attr:    0
Excel saved: /home/ljd/wsMA_prototyp/transform_projects/transform_px4/PX4_log/results6.xlsx
        Done writting 5 lines in /home/ljd/wsMA_prototyp/transform_projects/transform_px4/PX4_output/src/drivers/imu/bosch/bmi055/Kconfig


Reader found: 5 lines in /home/ljd/px4/PX4-Autopilot/src/drivers/imu/bosch/bmi085/Kconfig
call _transform_lines(lines from reader, input, configdefault dict info)
start transforming 5 input lines
    FILE LOG --------------------------------------------------------------
    Reader input                5 lines
    -----------------------------------------------------------------------
    All source without glob:    0
    All source using glob:      0
    All osource_keywords:       0
    All rsource_keywords:       0
    All orsource_keywords:      0
    SUM (r/or/o)source lines:   0
    All "option env" attr:      0
    -----------------------------------------------------------------------
    Transformer Output:         5 lines
    -----------------------------------------------------------------------
        Added new bc of def_*:           0
        Added new bc of glob:            0
        Added new bc of config_default:  0
        Added new bc of named choice:    0
        Removed bc of config_default:    0
        Removed bc of named choice:      0
        Removed no match for o(r)source: 0
        Removed optional choice attr:    0
        Removed bool     choice attr:    0
        Removed tristate choice attr:    0
Excel saved: /home/ljd/wsMA_prototyp/transform_projects/transform_px4/PX4_log/results6.xlsx
        Done writting 5 lines in /home/ljd/wsMA_prototyp/transform_projects/transform_px4/PX4_output/src/drivers/imu/bosch/bmi085/Kconfig


Reader found: 49 lines in /home/ljd/px4/PX4-Autopilot/src/drivers/imu/bosch/bmi088/Kconfig
call _transform_lines(lines from reader, input, configdefault dict info)
start transforming 49 input lines
    current_indx: 9 - choice_attr_end: 12
    current_indx: 29 - choice_attr_end: 32
    FILE LOG --------------------------------------------------------------
    Reader input                49 lines
    -----------------------------------------------------------------------
    All source without glob:    0
    All source using glob:      0
    All osource_keywords:       0
    All rsource_keywords:       0
    All orsource_keywords:      0
    SUM (r/or/o)source lines:   0
    All "option env" attr:      0
    -----------------------------------------------------------------------
    Transformer Output:         49 lines
    -----------------------------------------------------------------------
        Added new bc of def_*:           0
        Added new bc of glob:            0
        Added new bc of config_default:  0
        Added new bc of named choice:    0
        Removed bc of config_default:    0
        Removed bc of named choice:      0
        Removed no match for o(r)source: 0
        Removed optional choice attr:    0
        Removed bool     choice attr:    0
        Removed tristate choice attr:    0
Excel saved: /home/ljd/wsMA_prototyp/transform_projects/transform_px4/PX4_log/results6.xlsx
        Done writting 49 lines in /home/ljd/wsMA_prototyp/transform_projects/transform_px4/PX4_output/src/drivers/imu/bosch/bmi088/Kconfig


Reader found: 6 lines in /home/ljd/px4/PX4-Autopilot/src/drivers/imu/bosch/bmi088_i2c/Kconfig
call _transform_lines(lines from reader, input, configdefault dict info)
start transforming 6 input lines
    FILE LOG --------------------------------------------------------------
    Reader input                6 lines
    -----------------------------------------------------------------------
    All source without glob:    0
    All source using glob:      0
    All osource_keywords:       0
    All rsource_keywords:       0
    All orsource_keywords:      0
    SUM (r/or/o)source lines:   0
    All "option env" attr:      0
    -----------------------------------------------------------------------
    Transformer Output:         6 lines
    -----------------------------------------------------------------------
        Added new bc of def_*:           0
        Added new bc of glob:            0
        Added new bc of config_default:  0
        Added new bc of named choice:    0
        Removed bc of config_default:    0
        Removed bc of named choice:      0
        Removed no match for o(r)source: 0
        Removed optional choice attr:    0
        Removed bool     choice attr:    0
        Removed tristate choice attr:    0
Excel saved: /home/ljd/wsMA_prototyp/transform_projects/transform_px4/PX4_log/results6.xlsx
        Done writting 6 lines in /home/ljd/wsMA_prototyp/transform_projects/transform_px4/PX4_output/src/drivers/imu/bosch/bmi088_i2c/Kconfig


Reader found: 5 lines in /home/ljd/px4/PX4-Autopilot/src/drivers/imu/bosch/bmi270/Kconfig
call _transform_lines(lines from reader, input, configdefault dict info)
start transforming 5 input lines
    FILE LOG --------------------------------------------------------------
    Reader input                5 lines
    -----------------------------------------------------------------------
    All source without glob:    0
    All source using glob:      0
    All osource_keywords:       0
    All rsource_keywords:       0
    All orsource_keywords:      0
    SUM (r/or/o)source lines:   0
    All "option env" attr:      0
    -----------------------------------------------------------------------
    Transformer Output:         5 lines
    -----------------------------------------------------------------------
        Added new bc of def_*:           0
        Added new bc of glob:            0
        Added new bc of config_default:  0
        Added new bc of named choice:    0
        Removed bc of config_default:    0
        Removed bc of named choice:      0
        Removed no match for o(r)source: 0
        Removed optional choice attr:    0
        Removed bool     choice attr:    0
        Removed tristate choice attr:    0
Excel saved: /home/ljd/wsMA_prototyp/transform_projects/transform_px4/PX4_log/results6.xlsx
        Done writting 5 lines in /home/ljd/wsMA_prototyp/transform_projects/transform_px4/PX4_output/src/drivers/imu/bosch/bmi270/Kconfig


Reader found: 3 lines in /home/ljd/px4/PX4-Autopilot/src/drivers/imu/invensense/Kconfig
call _transform_lines(lines from reader, input, configdefault dict info)
start transforming 3 input lines
    GLOB LOG ----------------------------------------------------------------------------
    Resolve rsource: */Kconfig at line 2
      -> src/drivers/imu/invensense/iam20680hp/Kconfig
      -> src/drivers/imu/invensense/icm20602/Kconfig
      -> src/drivers/imu/invensense/icm20608g/Kconfig
      -> src/drivers/imu/invensense/icm20649/Kconfig
      -> src/drivers/imu/invensense/icm20689/Kconfig
      -> src/drivers/imu/invensense/icm20948/Kconfig
      -> src/drivers/imu/invensense/icm40609d/Kconfig
      -> src/drivers/imu/invensense/icm42605/Kconfig
      -> src/drivers/imu/invensense/icm42670p/Kconfig
      -> src/drivers/imu/invensense/icm42688p/Kconfig
      -> src/drivers/imu/invensense/icm45686/Kconfig
      -> src/drivers/imu/invensense/iim42652/Kconfig
      -> src/drivers/imu/invensense/iim42653/Kconfig
      -> src/drivers/imu/invensense/mpu6000/Kconfig
      -> src/drivers/imu/invensense/mpu6500/Kconfig
      -> src/drivers/imu/invensense/mpu9250/Kconfig
    Files matching: 16 (using rsource)
    FILE LOG --------------------------------------------------------------
    Reader input                3 lines
    -----------------------------------------------------------------------
    All source without glob:    0
    All source using glob:      0
    All osource_keywords:       0
    All rsource_keywords:       1
    All orsource_keywords:      0
    SUM (r/or/o)source lines:   1
    All "option env" attr:      0
    -----------------------------------------------------------------------
    Transformer Output:         18 lines
    -----------------------------------------------------------------------
        Added new bc of def_*:           0
        Added new bc of glob:            15
        Added new bc of config_default:  0
        Added new bc of named choice:    0
        Removed bc of config_default:    0
        Removed bc of named choice:      0
        Removed no match for o(r)source: 0
        Removed optional choice attr:    0
        Removed bool     choice attr:    0
        Removed tristate choice attr:    0
Excel saved: /home/ljd/wsMA_prototyp/transform_projects/transform_px4/PX4_log/results6.xlsx
        Done writting 18 lines in /home/ljd/wsMA_prototyp/transform_projects/transform_px4/PX4_output/src/drivers/imu/invensense/Kconfig


Reader found: 5 lines in /home/ljd/px4/PX4-Autopilot/src/drivers/imu/invensense/iam20680hp/Kconfig
call _transform_lines(lines from reader, input, configdefault dict info)
start transforming 5 input lines
    FILE LOG --------------------------------------------------------------
    Reader input                5 lines
    -----------------------------------------------------------------------
    All source without glob:    0
    All source using glob:      0
    All osource_keywords:       0
    All rsource_keywords:       0
    All orsource_keywords:      0
    SUM (r/or/o)source lines:   0
    All "option env" attr:      0
    -----------------------------------------------------------------------
    Transformer Output:         5 lines
    -----------------------------------------------------------------------
        Added new bc of def_*:           0
        Added new bc of glob:            0
        Added new bc of config_default:  0
        Added new bc of named choice:    0
        Removed bc of config_default:    0
        Removed bc of named choice:      0
        Removed no match for o(r)source: 0
        Removed optional choice attr:    0
        Removed bool     choice attr:    0
        Removed tristate choice attr:    0
Excel saved: /home/ljd/wsMA_prototyp/transform_projects/transform_px4/PX4_log/results6.xlsx
        Done writting 5 lines in /home/ljd/wsMA_prototyp/transform_projects/transform_px4/PX4_output/src/drivers/imu/invensense/iam20680hp/Kconfig


Reader found: 5 lines in /home/ljd/px4/PX4-Autopilot/src/drivers/imu/invensense/icm20602/Kconfig
call _transform_lines(lines from reader, input, configdefault dict info)
start transforming 5 input lines
    FILE LOG --------------------------------------------------------------
    Reader input                5 lines
    -----------------------------------------------------------------------
    All source without glob:    0
    All source using glob:      0
    All osource_keywords:       0
    All rsource_keywords:       0
    All orsource_keywords:      0
    SUM (r/or/o)source lines:   0
    All "option env" attr:      0
    -----------------------------------------------------------------------
    Transformer Output:         5 lines
    -----------------------------------------------------------------------
        Added new bc of def_*:           0
        Added new bc of glob:            0
        Added new bc of config_default:  0
        Added new bc of named choice:    0
        Removed bc of config_default:    0
        Removed bc of named choice:      0
        Removed no match for o(r)source: 0
        Removed optional choice attr:    0
        Removed bool     choice attr:    0
        Removed tristate choice attr:    0
Excel saved: /home/ljd/wsMA_prototyp/transform_projects/transform_px4/PX4_log/results6.xlsx
        Done writting 5 lines in /home/ljd/wsMA_prototyp/transform_projects/transform_px4/PX4_output/src/drivers/imu/invensense/icm20602/Kconfig


Reader found: 5 lines in /home/ljd/px4/PX4-Autopilot/src/drivers/imu/invensense/icm20608g/Kconfig
call _transform_lines(lines from reader, input, configdefault dict info)
start transforming 5 input lines
    FILE LOG --------------------------------------------------------------
    Reader input                5 lines
    -----------------------------------------------------------------------
    All source without glob:    0
    All source using glob:      0
    All osource_keywords:       0
    All rsource_keywords:       0
    All orsource_keywords:      0
    SUM (r/or/o)source lines:   0
    All "option env" attr:      0
    -----------------------------------------------------------------------
    Transformer Output:         5 lines
    -----------------------------------------------------------------------
        Added new bc of def_*:           0
        Added new bc of glob:            0
        Added new bc of config_default:  0
        Added new bc of named choice:    0
        Removed bc of config_default:    0
        Removed bc of named choice:      0
        Removed no match for o(r)source: 0
        Removed optional choice attr:    0
        Removed bool     choice attr:    0
        Removed tristate choice attr:    0
Excel saved: /home/ljd/wsMA_prototyp/transform_projects/transform_px4/PX4_log/results6.xlsx
        Done writting 5 lines in /home/ljd/wsMA_prototyp/transform_projects/transform_px4/PX4_output/src/drivers/imu/invensense/icm20608g/Kconfig


Reader found: 5 lines in /home/ljd/px4/PX4-Autopilot/src/drivers/imu/invensense/icm20649/Kconfig
call _transform_lines(lines from reader, input, configdefault dict info)
start transforming 5 input lines
    FILE LOG --------------------------------------------------------------
    Reader input                5 lines
    -----------------------------------------------------------------------
    All source without glob:    0
    All source using glob:      0
    All osource_keywords:       0
    All rsource_keywords:       0
    All orsource_keywords:      0
    SUM (r/or/o)source lines:   0
    All "option env" attr:      0
    -----------------------------------------------------------------------
    Transformer Output:         5 lines
    -----------------------------------------------------------------------
        Added new bc of def_*:           0
        Added new bc of glob:            0
        Added new bc of config_default:  0
        Added new bc of named choice:    0
        Removed bc of config_default:    0
        Removed bc of named choice:      0
        Removed no match for o(r)source: 0
        Removed optional choice attr:    0
        Removed bool     choice attr:    0
        Removed tristate choice attr:    0
Excel saved: /home/ljd/wsMA_prototyp/transform_projects/transform_px4/PX4_log/results6.xlsx
        Done writting 5 lines in /home/ljd/wsMA_prototyp/transform_projects/transform_px4/PX4_output/src/drivers/imu/invensense/icm20649/Kconfig


Reader found: 5 lines in /home/ljd/px4/PX4-Autopilot/src/drivers/imu/invensense/icm20689/Kconfig
call _transform_lines(lines from reader, input, configdefault dict info)
start transforming 5 input lines
    FILE LOG --------------------------------------------------------------
    Reader input                5 lines
    -----------------------------------------------------------------------
    All source without glob:    0
    All source using glob:      0
    All osource_keywords:       0
    All rsource_keywords:       0
    All orsource_keywords:      0
    SUM (r/or/o)source lines:   0
    All "option env" attr:      0
    -----------------------------------------------------------------------
    Transformer Output:         5 lines
    -----------------------------------------------------------------------
        Added new bc of def_*:           0
        Added new bc of glob:            0
        Added new bc of config_default:  0
        Added new bc of named choice:    0
        Removed bc of config_default:    0
        Removed bc of named choice:      0
        Removed no match for o(r)source: 0
        Removed optional choice attr:    0
        Removed bool     choice attr:    0
        Removed tristate choice attr:    0
Excel saved: /home/ljd/wsMA_prototyp/transform_projects/transform_px4/PX4_log/results6.xlsx
        Done writting 5 lines in /home/ljd/wsMA_prototyp/transform_projects/transform_px4/PX4_output/src/drivers/imu/invensense/icm20689/Kconfig


Reader found: 5 lines in /home/ljd/px4/PX4-Autopilot/src/drivers/imu/invensense/icm20948/Kconfig
call _transform_lines(lines from reader, input, configdefault dict info)
start transforming 5 input lines
    FILE LOG --------------------------------------------------------------
    Reader input                5 lines
    -----------------------------------------------------------------------
    All source without glob:    0
    All source using glob:      0
    All osource_keywords:       0
    All rsource_keywords:       0
    All orsource_keywords:      0
    SUM (r/or/o)source lines:   0
    All "option env" attr:      0
    -----------------------------------------------------------------------
    Transformer Output:         5 lines
    -----------------------------------------------------------------------
        Added new bc of def_*:           0
        Added new bc of glob:            0
        Added new bc of config_default:  0
        Added new bc of named choice:    0
        Removed bc of config_default:    0
        Removed bc of named choice:      0
        Removed no match for o(r)source: 0
        Removed optional choice attr:    0
        Removed bool     choice attr:    0
        Removed tristate choice attr:    0
Excel saved: /home/ljd/wsMA_prototyp/transform_projects/transform_px4/PX4_log/results6.xlsx
        Done writting 5 lines in /home/ljd/wsMA_prototyp/transform_projects/transform_px4/PX4_output/src/drivers/imu/invensense/icm20948/Kconfig


Reader found: 5 lines in /home/ljd/px4/PX4-Autopilot/src/drivers/imu/invensense/icm40609d/Kconfig
call _transform_lines(lines from reader, input, configdefault dict info)
start transforming 5 input lines
    FILE LOG --------------------------------------------------------------
    Reader input                5 lines
    -----------------------------------------------------------------------
    All source without glob:    0
    All source using glob:      0
    All osource_keywords:       0
    All rsource_keywords:       0
    All orsource_keywords:      0
    SUM (r/or/o)source lines:   0
    All "option env" attr:      0
    -----------------------------------------------------------------------
    Transformer Output:         5 lines
    -----------------------------------------------------------------------
        Added new bc of def_*:           0
        Added new bc of glob:            0
        Added new bc of config_default:  0
        Added new bc of named choice:    0
        Removed bc of config_default:    0
        Removed bc of named choice:      0
        Removed no match for o(r)source: 0
        Removed optional choice attr:    0
        Removed bool     choice attr:    0
        Removed tristate choice attr:    0
Excel saved: /home/ljd/wsMA_prototyp/transform_projects/transform_px4/PX4_log/results6.xlsx
        Done writting 5 lines in /home/ljd/wsMA_prototyp/transform_projects/transform_px4/PX4_output/src/drivers/imu/invensense/icm40609d/Kconfig


Reader found: 5 lines in /home/ljd/px4/PX4-Autopilot/src/drivers/imu/invensense/icm42605/Kconfig
call _transform_lines(lines from reader, input, configdefault dict info)
start transforming 5 input lines
    FILE LOG --------------------------------------------------------------
    Reader input                5 lines
    -----------------------------------------------------------------------
    All source without glob:    0
    All source using glob:      0
    All osource_keywords:       0
    All rsource_keywords:       0
    All orsource_keywords:      0
    SUM (r/or/o)source lines:   0
    All "option env" attr:      0
    -----------------------------------------------------------------------
    Transformer Output:         5 lines
    -----------------------------------------------------------------------
        Added new bc of def_*:           0
        Added new bc of glob:            0
        Added new bc of config_default:  0
        Added new bc of named choice:    0
        Removed bc of config_default:    0
        Removed bc of named choice:      0
        Removed no match for o(r)source: 0
        Removed optional choice attr:    0
        Removed bool     choice attr:    0
        Removed tristate choice attr:    0
Excel saved: /home/ljd/wsMA_prototyp/transform_projects/transform_px4/PX4_log/results6.xlsx
        Done writting 5 lines in /home/ljd/wsMA_prototyp/transform_projects/transform_px4/PX4_output/src/drivers/imu/invensense/icm42605/Kconfig


Reader found: 5 lines in /home/ljd/px4/PX4-Autopilot/src/drivers/imu/invensense/icm42670p/Kconfig
call _transform_lines(lines from reader, input, configdefault dict info)
start transforming 5 input lines
    FILE LOG --------------------------------------------------------------
    Reader input                5 lines
    -----------------------------------------------------------------------
    All source without glob:    0
    All source using glob:      0
    All osource_keywords:       0
    All rsource_keywords:       0
    All orsource_keywords:      0
    SUM (r/or/o)source lines:   0
    All "option env" attr:      0
    -----------------------------------------------------------------------
    Transformer Output:         5 lines
    -----------------------------------------------------------------------
        Added new bc of def_*:           0
        Added new bc of glob:            0
        Added new bc of config_default:  0
        Added new bc of named choice:    0
        Removed bc of config_default:    0
        Removed bc of named choice:      0
        Removed no match for o(r)source: 0
        Removed optional choice attr:    0
        Removed bool     choice attr:    0
        Removed tristate choice attr:    0
Excel saved: /home/ljd/wsMA_prototyp/transform_projects/transform_px4/PX4_log/results6.xlsx
        Done writting 5 lines in /home/ljd/wsMA_prototyp/transform_projects/transform_px4/PX4_output/src/drivers/imu/invensense/icm42670p/Kconfig


Reader found: 5 lines in /home/ljd/px4/PX4-Autopilot/src/drivers/imu/invensense/icm42688p/Kconfig
call _transform_lines(lines from reader, input, configdefault dict info)
start transforming 5 input lines
    FILE LOG --------------------------------------------------------------
    Reader input                5 lines
    -----------------------------------------------------------------------
    All source without glob:    0
    All source using glob:      0
    All osource_keywords:       0
    All rsource_keywords:       0
    All orsource_keywords:      0
    SUM (r/or/o)source lines:   0
    All "option env" attr:      0
    -----------------------------------------------------------------------
    Transformer Output:         5 lines
    -----------------------------------------------------------------------
        Added new bc of def_*:           0
        Added new bc of glob:            0
        Added new bc of config_default:  0
        Added new bc of named choice:    0
        Removed bc of config_default:    0
        Removed bc of named choice:      0
        Removed no match for o(r)source: 0
        Removed optional choice attr:    0
        Removed bool     choice attr:    0
        Removed tristate choice attr:    0
Excel saved: /home/ljd/wsMA_prototyp/transform_projects/transform_px4/PX4_log/results6.xlsx
        Done writting 5 lines in /home/ljd/wsMA_prototyp/transform_projects/transform_px4/PX4_output/src/drivers/imu/invensense/icm42688p/Kconfig


Reader found: 5 lines in /home/ljd/px4/PX4-Autopilot/src/drivers/imu/invensense/icm45686/Kconfig
call _transform_lines(lines from reader, input, configdefault dict info)
start transforming 5 input lines
    FILE LOG --------------------------------------------------------------
    Reader input                5 lines
    -----------------------------------------------------------------------
    All source without glob:    0
    All source using glob:      0
    All osource_keywords:       0
    All rsource_keywords:       0
    All orsource_keywords:      0
    SUM (r/or/o)source lines:   0
    All "option env" attr:      0
    -----------------------------------------------------------------------
    Transformer Output:         5 lines
    -----------------------------------------------------------------------
        Added new bc of def_*:           0
        Added new bc of glob:            0
        Added new bc of config_default:  0
        Added new bc of named choice:    0
        Removed bc of config_default:    0
        Removed bc of named choice:      0
        Removed no match for o(r)source: 0
        Removed optional choice attr:    0
        Removed bool     choice attr:    0
        Removed tristate choice attr:    0
Excel saved: /home/ljd/wsMA_prototyp/transform_projects/transform_px4/PX4_log/results6.xlsx
        Done writting 5 lines in /home/ljd/wsMA_prototyp/transform_projects/transform_px4/PX4_output/src/drivers/imu/invensense/icm45686/Kconfig


Reader found: 5 lines in /home/ljd/px4/PX4-Autopilot/src/drivers/imu/invensense/iim42652/Kconfig
call _transform_lines(lines from reader, input, configdefault dict info)
start transforming 5 input lines
    FILE LOG --------------------------------------------------------------
    Reader input                5 lines
    -----------------------------------------------------------------------
    All source without glob:    0
    All source using glob:      0
    All osource_keywords:       0
    All rsource_keywords:       0
    All orsource_keywords:      0
    SUM (r/or/o)source lines:   0
    All "option env" attr:      0
    -----------------------------------------------------------------------
    Transformer Output:         5 lines
    -----------------------------------------------------------------------
        Added new bc of def_*:           0
        Added new bc of glob:            0
        Added new bc of config_default:  0
        Added new bc of named choice:    0
        Removed bc of config_default:    0
        Removed bc of named choice:      0
        Removed no match for o(r)source: 0
        Removed optional choice attr:    0
        Removed bool     choice attr:    0
        Removed tristate choice attr:    0
Excel saved: /home/ljd/wsMA_prototyp/transform_projects/transform_px4/PX4_log/results6.xlsx
        Done writting 5 lines in /home/ljd/wsMA_prototyp/transform_projects/transform_px4/PX4_output/src/drivers/imu/invensense/iim42652/Kconfig


Reader found: 5 lines in /home/ljd/px4/PX4-Autopilot/src/drivers/imu/invensense/iim42653/Kconfig
call _transform_lines(lines from reader, input, configdefault dict info)
start transforming 5 input lines
    FILE LOG --------------------------------------------------------------
    Reader input                5 lines
    -----------------------------------------------------------------------
    All source without glob:    0
    All source using glob:      0
    All osource_keywords:       0
    All rsource_keywords:       0
    All orsource_keywords:      0
    SUM (r/or/o)source lines:   0
    All "option env" attr:      0
    -----------------------------------------------------------------------
    Transformer Output:         5 lines
    -----------------------------------------------------------------------
        Added new bc of def_*:           0
        Added new bc of glob:            0
        Added new bc of config_default:  0
        Added new bc of named choice:    0
        Removed bc of config_default:    0
        Removed bc of named choice:      0
        Removed no match for o(r)source: 0
        Removed optional choice attr:    0
        Removed bool     choice attr:    0
        Removed tristate choice attr:    0
Excel saved: /home/ljd/wsMA_prototyp/transform_projects/transform_px4/PX4_log/results6.xlsx
        Done writting 5 lines in /home/ljd/wsMA_prototyp/transform_projects/transform_px4/PX4_output/src/drivers/imu/invensense/iim42653/Kconfig


Reader found: 5 lines in /home/ljd/px4/PX4-Autopilot/src/drivers/imu/invensense/mpu6000/Kconfig
call _transform_lines(lines from reader, input, configdefault dict info)
start transforming 5 input lines
    FILE LOG --------------------------------------------------------------
    Reader input                5 lines
    -----------------------------------------------------------------------
    All source without glob:    0
    All source using glob:      0
    All osource_keywords:       0
    All rsource_keywords:       0
    All orsource_keywords:      0
    SUM (r/or/o)source lines:   0
    All "option env" attr:      0
    -----------------------------------------------------------------------
    Transformer Output:         5 lines
    -----------------------------------------------------------------------
        Added new bc of def_*:           0
        Added new bc of glob:            0
        Added new bc of config_default:  0
        Added new bc of named choice:    0
        Removed bc of config_default:    0
        Removed bc of named choice:      0
        Removed no match for o(r)source: 0
        Removed optional choice attr:    0
        Removed bool     choice attr:    0
        Removed tristate choice attr:    0
Excel saved: /home/ljd/wsMA_prototyp/transform_projects/transform_px4/PX4_log/results6.xlsx
        Done writting 5 lines in /home/ljd/wsMA_prototyp/transform_projects/transform_px4/PX4_output/src/drivers/imu/invensense/mpu6000/Kconfig


Reader found: 5 lines in /home/ljd/px4/PX4-Autopilot/src/drivers/imu/invensense/mpu6500/Kconfig
call _transform_lines(lines from reader, input, configdefault dict info)
start transforming 5 input lines
    FILE LOG --------------------------------------------------------------
    Reader input                5 lines
    -----------------------------------------------------------------------
    All source without glob:    0
    All source using glob:      0
    All osource_keywords:       0
    All rsource_keywords:       0
    All orsource_keywords:      0
    SUM (r/or/o)source lines:   0
    All "option env" attr:      0
    -----------------------------------------------------------------------
    Transformer Output:         5 lines
    -----------------------------------------------------------------------
        Added new bc of def_*:           0
        Added new bc of glob:            0
        Added new bc of config_default:  0
        Added new bc of named choice:    0
        Removed bc of config_default:    0
        Removed bc of named choice:      0
        Removed no match for o(r)source: 0
        Removed optional choice attr:    0
        Removed bool     choice attr:    0
        Removed tristate choice attr:    0
Excel saved: /home/ljd/wsMA_prototyp/transform_projects/transform_px4/PX4_log/results6.xlsx
        Done writting 5 lines in /home/ljd/wsMA_prototyp/transform_projects/transform_px4/PX4_output/src/drivers/imu/invensense/mpu6500/Kconfig


Reader found: 5 lines in /home/ljd/px4/PX4-Autopilot/src/drivers/imu/invensense/mpu9250/Kconfig
call _transform_lines(lines from reader, input, configdefault dict info)
start transforming 5 input lines
    FILE LOG --------------------------------------------------------------
    Reader input                5 lines
    -----------------------------------------------------------------------
    All source without glob:    0
    All source using glob:      0
    All osource_keywords:       0
    All rsource_keywords:       0
    All orsource_keywords:      0
    SUM (r/or/o)source lines:   0
    All "option env" attr:      0
    -----------------------------------------------------------------------
    Transformer Output:         5 lines
    -----------------------------------------------------------------------
        Added new bc of def_*:           0
        Added new bc of glob:            0
        Added new bc of config_default:  0
        Added new bc of named choice:    0
        Removed bc of config_default:    0
        Removed bc of named choice:      0
        Removed no match for o(r)source: 0
        Removed optional choice attr:    0
        Removed bool     choice attr:    0
        Removed tristate choice attr:    0
Excel saved: /home/ljd/wsMA_prototyp/transform_projects/transform_px4/PX4_log/results6.xlsx
        Done writting 5 lines in /home/ljd/wsMA_prototyp/transform_projects/transform_px4/PX4_output/src/drivers/imu/invensense/mpu9250/Kconfig


Reader found: 3 lines in /home/ljd/px4/PX4-Autopilot/src/drivers/imu/murata/Kconfig
call _transform_lines(lines from reader, input, configdefault dict info)
start transforming 3 input lines
    GLOB LOG ----------------------------------------------------------------------------
    Resolve rsource: */Kconfig at line 2
      -> src/drivers/imu/murata/sch16t/Kconfig
    Files matching: 1 (using rsource)
    FILE LOG --------------------------------------------------------------
    Reader input                3 lines
    -----------------------------------------------------------------------
    All source without glob:    0
    All source using glob:      0
    All osource_keywords:       0
    All rsource_keywords:       1
    All orsource_keywords:      0
    SUM (r/or/o)source lines:   1
    All "option env" attr:      0
    -----------------------------------------------------------------------
    Transformer Output:         3 lines
    -----------------------------------------------------------------------
        Added new bc of def_*:           0
        Added new bc of glob:            0
        Added new bc of config_default:  0
        Added new bc of named choice:    0
        Removed bc of config_default:    0
        Removed bc of named choice:      0
        Removed no match for o(r)source: 0
        Removed optional choice attr:    0
        Removed bool     choice attr:    0
        Removed tristate choice attr:    0
Excel saved: /home/ljd/wsMA_prototyp/transform_projects/transform_px4/PX4_log/results6.xlsx
        Done writting 3 lines in /home/ljd/wsMA_prototyp/transform_projects/transform_px4/PX4_output/src/drivers/imu/murata/Kconfig


Reader found: 5 lines in /home/ljd/px4/PX4-Autopilot/src/drivers/imu/murata/sch16t/Kconfig
call _transform_lines(lines from reader, input, configdefault dict info)
start transforming 5 input lines
    FILE LOG --------------------------------------------------------------
    Reader input                5 lines
    -----------------------------------------------------------------------
    All source without glob:    0
    All source using glob:      0
    All osource_keywords:       0
    All rsource_keywords:       0
    All orsource_keywords:      0
    SUM (r/or/o)source lines:   0
    All "option env" attr:      0
    -----------------------------------------------------------------------
    Transformer Output:         5 lines
    -----------------------------------------------------------------------
        Added new bc of def_*:           0
        Added new bc of glob:            0
        Added new bc of config_default:  0
        Added new bc of named choice:    0
        Removed bc of config_default:    0
        Removed bc of named choice:      0
        Removed no match for o(r)source: 0
        Removed optional choice attr:    0
        Removed bool     choice attr:    0
        Removed tristate choice attr:    0
Excel saved: /home/ljd/wsMA_prototyp/transform_projects/transform_px4/PX4_log/results6.xlsx
        Done writting 5 lines in /home/ljd/wsMA_prototyp/transform_projects/transform_px4/PX4_output/src/drivers/imu/murata/sch16t/Kconfig


Reader found: 3 lines in /home/ljd/px4/PX4-Autopilot/src/drivers/imu/nxp/Kconfig
call _transform_lines(lines from reader, input, configdefault dict info)
start transforming 3 input lines
    GLOB LOG ----------------------------------------------------------------------------
    Resolve rsource: */Kconfig at line 2
      -> src/drivers/imu/nxp/fxas21002c/Kconfig
      -> src/drivers/imu/nxp/fxos8701cq/Kconfig
    Files matching: 2 (using rsource)
    FILE LOG --------------------------------------------------------------
    Reader input                3 lines
    -----------------------------------------------------------------------
    All source without glob:    0
    All source using glob:      0
    All osource_keywords:       0
    All rsource_keywords:       1
    All orsource_keywords:      0
    SUM (r/or/o)source lines:   1
    All "option env" attr:      0
    -----------------------------------------------------------------------
    Transformer Output:         4 lines
    -----------------------------------------------------------------------
        Added new bc of def_*:           0
        Added new bc of glob:            1
        Added new bc of config_default:  0
        Added new bc of named choice:    0
        Removed bc of config_default:    0
        Removed bc of named choice:      0
        Removed no match for o(r)source: 0
        Removed optional choice attr:    0
        Removed bool     choice attr:    0
        Removed tristate choice attr:    0
Excel saved: /home/ljd/wsMA_prototyp/transform_projects/transform_px4/PX4_log/results6.xlsx
        Done writting 4 lines in /home/ljd/wsMA_prototyp/transform_projects/transform_px4/PX4_output/src/drivers/imu/nxp/Kconfig


Reader found: 5 lines in /home/ljd/px4/PX4-Autopilot/src/drivers/imu/nxp/fxas21002c/Kconfig
call _transform_lines(lines from reader, input, configdefault dict info)
start transforming 5 input lines
    FILE LOG --------------------------------------------------------------
    Reader input                5 lines
    -----------------------------------------------------------------------
    All source without glob:    0
    All source using glob:      0
    All osource_keywords:       0
    All rsource_keywords:       0
    All orsource_keywords:      0
    SUM (r/or/o)source lines:   0
    All "option env" attr:      0
    -----------------------------------------------------------------------
    Transformer Output:         5 lines
    -----------------------------------------------------------------------
        Added new bc of def_*:           0
        Added new bc of glob:            0
        Added new bc of config_default:  0
        Added new bc of named choice:    0
        Removed bc of config_default:    0
        Removed bc of named choice:      0
        Removed no match for o(r)source: 0
        Removed optional choice attr:    0
        Removed bool     choice attr:    0
        Removed tristate choice attr:    0
Excel saved: /home/ljd/wsMA_prototyp/transform_projects/transform_px4/PX4_log/results6.xlsx
        Done writting 5 lines in /home/ljd/wsMA_prototyp/transform_projects/transform_px4/PX4_output/src/drivers/imu/nxp/fxas21002c/Kconfig


Reader found: 5 lines in /home/ljd/px4/PX4-Autopilot/src/drivers/imu/nxp/fxos8701cq/Kconfig
call _transform_lines(lines from reader, input, configdefault dict info)
start transforming 5 input lines
    FILE LOG --------------------------------------------------------------
    Reader input                5 lines
    -----------------------------------------------------------------------
    All source without glob:    0
    All source using glob:      0
    All osource_keywords:       0
    All rsource_keywords:       0
    All orsource_keywords:      0
    SUM (r/or/o)source lines:   0
    All "option env" attr:      0
    -----------------------------------------------------------------------
    Transformer Output:         5 lines
    -----------------------------------------------------------------------
        Added new bc of def_*:           0
        Added new bc of glob:            0
        Added new bc of config_default:  0
        Added new bc of named choice:    0
        Removed bc of config_default:    0
        Removed bc of named choice:      0
        Removed no match for o(r)source: 0
        Removed optional choice attr:    0
        Removed bool     choice attr:    0
        Removed tristate choice attr:    0
Excel saved: /home/ljd/wsMA_prototyp/transform_projects/transform_px4/PX4_log/results6.xlsx
        Done writting 5 lines in /home/ljd/wsMA_prototyp/transform_projects/transform_px4/PX4_output/src/drivers/imu/nxp/fxos8701cq/Kconfig


Reader found: 3 lines in /home/ljd/px4/PX4-Autopilot/src/drivers/imu/st/Kconfig
call _transform_lines(lines from reader, input, configdefault dict info)
start transforming 3 input lines
    GLOB LOG ----------------------------------------------------------------------------
    Resolve rsource: */Kconfig at line 2
      -> src/drivers/imu/st/l3gd20/Kconfig
      -> src/drivers/imu/st/lsm303d/Kconfig
      -> src/drivers/imu/st/lsm9ds1/Kconfig
    Files matching: 3 (using rsource)
    FILE LOG --------------------------------------------------------------
    Reader input                3 lines
    -----------------------------------------------------------------------
    All source without glob:    0
    All source using glob:      0
    All osource_keywords:       0
    All rsource_keywords:       1
    All orsource_keywords:      0
    SUM (r/or/o)source lines:   1
    All "option env" attr:      0
    -----------------------------------------------------------------------
    Transformer Output:         5 lines
    -----------------------------------------------------------------------
        Added new bc of def_*:           0
        Added new bc of glob:            2
        Added new bc of config_default:  0
        Added new bc of named choice:    0
        Removed bc of config_default:    0
        Removed bc of named choice:      0
        Removed no match for o(r)source: 0
        Removed optional choice attr:    0
        Removed bool     choice attr:    0
        Removed tristate choice attr:    0
Excel saved: /home/ljd/wsMA_prototyp/transform_projects/transform_px4/PX4_log/results6.xlsx
        Done writting 5 lines in /home/ljd/wsMA_prototyp/transform_projects/transform_px4/PX4_output/src/drivers/imu/st/Kconfig


Reader found: 5 lines in /home/ljd/px4/PX4-Autopilot/src/drivers/imu/st/l3gd20/Kconfig
call _transform_lines(lines from reader, input, configdefault dict info)
start transforming 5 input lines
    FILE LOG --------------------------------------------------------------
    Reader input                5 lines
    -----------------------------------------------------------------------
    All source without glob:    0
    All source using glob:      0
    All osource_keywords:       0
    All rsource_keywords:       0
    All orsource_keywords:      0
    SUM (r/or/o)source lines:   0
    All "option env" attr:      0
    -----------------------------------------------------------------------
    Transformer Output:         5 lines
    -----------------------------------------------------------------------
        Added new bc of def_*:           0
        Added new bc of glob:            0
        Added new bc of config_default:  0
        Added new bc of named choice:    0
        Removed bc of config_default:    0
        Removed bc of named choice:      0
        Removed no match for o(r)source: 0
        Removed optional choice attr:    0
        Removed bool     choice attr:    0
        Removed tristate choice attr:    0
Excel saved: /home/ljd/wsMA_prototyp/transform_projects/transform_px4/PX4_log/results6.xlsx
        Done writting 5 lines in /home/ljd/wsMA_prototyp/transform_projects/transform_px4/PX4_output/src/drivers/imu/st/l3gd20/Kconfig


Reader found: 5 lines in /home/ljd/px4/PX4-Autopilot/src/drivers/imu/st/lsm303d/Kconfig
call _transform_lines(lines from reader, input, configdefault dict info)
start transforming 5 input lines
    FILE LOG --------------------------------------------------------------
    Reader input                5 lines
    -----------------------------------------------------------------------
    All source without glob:    0
    All source using glob:      0
    All osource_keywords:       0
    All rsource_keywords:       0
    All orsource_keywords:      0
    SUM (r/or/o)source lines:   0
    All "option env" attr:      0
    -----------------------------------------------------------------------
    Transformer Output:         5 lines
    -----------------------------------------------------------------------
        Added new bc of def_*:           0
        Added new bc of glob:            0
        Added new bc of config_default:  0
        Added new bc of named choice:    0
        Removed bc of config_default:    0
        Removed bc of named choice:      0
        Removed no match for o(r)source: 0
        Removed optional choice attr:    0
        Removed bool     choice attr:    0
        Removed tristate choice attr:    0
Excel saved: /home/ljd/wsMA_prototyp/transform_projects/transform_px4/PX4_log/results6.xlsx
        Done writting 5 lines in /home/ljd/wsMA_prototyp/transform_projects/transform_px4/PX4_output/src/drivers/imu/st/lsm303d/Kconfig


Reader found: 5 lines in /home/ljd/px4/PX4-Autopilot/src/drivers/imu/st/lsm9ds1/Kconfig
call _transform_lines(lines from reader, input, configdefault dict info)
start transforming 5 input lines
    FILE LOG --------------------------------------------------------------
    Reader input                5 lines
    -----------------------------------------------------------------------
    All source without glob:    0
    All source using glob:      0
    All osource_keywords:       0
    All rsource_keywords:       0
    All orsource_keywords:      0
    SUM (r/or/o)source lines:   0
    All "option env" attr:      0
    -----------------------------------------------------------------------
    Transformer Output:         5 lines
    -----------------------------------------------------------------------
        Added new bc of def_*:           0
        Added new bc of glob:            0
        Added new bc of config_default:  0
        Added new bc of named choice:    0
        Removed bc of config_default:    0
        Removed bc of named choice:      0
        Removed no match for o(r)source: 0
        Removed optional choice attr:    0
        Removed bool     choice attr:    0
        Removed tristate choice attr:    0
Excel saved: /home/ljd/wsMA_prototyp/transform_projects/transform_px4/PX4_log/results6.xlsx
        Done writting 5 lines in /home/ljd/wsMA_prototyp/transform_projects/transform_px4/PX4_output/src/drivers/imu/st/lsm9ds1/Kconfig


Reader found: 13 lines in /home/ljd/px4/PX4-Autopilot/src/drivers/ins/Kconfig
call _transform_lines(lines from reader, input, configdefault dict info)
start transforming 13 input lines
    GLOB LOG ----------------------------------------------------------------------------
    Resolve rsource: */Kconfig at line 12
      -> src/drivers/ins/eulernav_bahrs/Kconfig
      -> src/drivers/ins/ilabs/Kconfig
      -> src/drivers/ins/microstrain/Kconfig
      -> src/drivers/ins/sbgecom/Kconfig
      -> src/drivers/ins/vectornav/Kconfig
    Files matching: 5 (using rsource)
    FILE LOG --------------------------------------------------------------
    Reader input                13 lines
    -----------------------------------------------------------------------
    All source without glob:    0
    All source using glob:      0
    All osource_keywords:       0
    All rsource_keywords:       1
    All orsource_keywords:      0
    SUM (r/or/o)source lines:   1
    All "option env" attr:      0
    -----------------------------------------------------------------------
    Transformer Output:         17 lines
    -----------------------------------------------------------------------
        Added new bc of def_*:           0
        Added new bc of glob:            4
        Added new bc of config_default:  0
        Added new bc of named choice:    0
        Removed bc of config_default:    0
        Removed bc of named choice:      0
        Removed no match for o(r)source: 0
        Removed optional choice attr:    0
        Removed bool     choice attr:    0
        Removed tristate choice attr:    0
Excel saved: /home/ljd/wsMA_prototyp/transform_projects/transform_px4/PX4_log/results6.xlsx
        Done writting 17 lines in /home/ljd/wsMA_prototyp/transform_projects/transform_px4/PX4_output/src/drivers/ins/Kconfig


Reader found: 5 lines in /home/ljd/px4/PX4-Autopilot/src/drivers/ins/eulernav_bahrs/Kconfig
call _transform_lines(lines from reader, input, configdefault dict info)
start transforming 5 input lines
    FILE LOG --------------------------------------------------------------
    Reader input                5 lines
    -----------------------------------------------------------------------
    All source without glob:    0
    All source using glob:      0
    All osource_keywords:       0
    All rsource_keywords:       0
    All orsource_keywords:      0
    SUM (r/or/o)source lines:   0
    All "option env" attr:      0
    -----------------------------------------------------------------------
    Transformer Output:         5 lines
    -----------------------------------------------------------------------
        Added new bc of def_*:           0
        Added new bc of glob:            0
        Added new bc of config_default:  0
        Added new bc of named choice:    0
        Removed bc of config_default:    0
        Removed bc of named choice:      0
        Removed no match for o(r)source: 0
        Removed optional choice attr:    0
        Removed bool     choice attr:    0
        Removed tristate choice attr:    0
Excel saved: /home/ljd/wsMA_prototyp/transform_projects/transform_px4/PX4_log/results6.xlsx
        Done writting 5 lines in /home/ljd/wsMA_prototyp/transform_projects/transform_px4/PX4_output/src/drivers/ins/eulernav_bahrs/Kconfig


Reader found: 5 lines in /home/ljd/px4/PX4-Autopilot/src/drivers/ins/ilabs/Kconfig
call _transform_lines(lines from reader, input, configdefault dict info)
start transforming 5 input lines
    FILE LOG --------------------------------------------------------------
    Reader input                5 lines
    -----------------------------------------------------------------------
    All source without glob:    0
    All source using glob:      0
    All osource_keywords:       0
    All rsource_keywords:       0
    All orsource_keywords:      0
    SUM (r/or/o)source lines:   0
    All "option env" attr:      0
    -----------------------------------------------------------------------
    Transformer Output:         5 lines
    -----------------------------------------------------------------------
        Added new bc of def_*:           0
        Added new bc of glob:            0
        Added new bc of config_default:  0
        Added new bc of named choice:    0
        Removed bc of config_default:    0
        Removed bc of named choice:      0
        Removed no match for o(r)source: 0
        Removed optional choice attr:    0
        Removed bool     choice attr:    0
        Removed tristate choice attr:    0
Excel saved: /home/ljd/wsMA_prototyp/transform_projects/transform_px4/PX4_log/results6.xlsx
        Done writting 5 lines in /home/ljd/wsMA_prototyp/transform_projects/transform_px4/PX4_output/src/drivers/ins/ilabs/Kconfig


Reader found: 5 lines in /home/ljd/px4/PX4-Autopilot/src/drivers/ins/microstrain/Kconfig
call _transform_lines(lines from reader, input, configdefault dict info)
start transforming 5 input lines
    FILE LOG --------------------------------------------------------------
    Reader input                5 lines
    -----------------------------------------------------------------------
    All source without glob:    0
    All source using glob:      0
    All osource_keywords:       0
    All rsource_keywords:       0
    All orsource_keywords:      0
    SUM (r/or/o)source lines:   0
    All "option env" attr:      0
    -----------------------------------------------------------------------
    Transformer Output:         5 lines
    -----------------------------------------------------------------------
        Added new bc of def_*:           0
        Added new bc of glob:            0
        Added new bc of config_default:  0
        Added new bc of named choice:    0
        Removed bc of config_default:    0
        Removed bc of named choice:      0
        Removed no match for o(r)source: 0
        Removed optional choice attr:    0
        Removed bool     choice attr:    0
        Removed tristate choice attr:    0
Excel saved: /home/ljd/wsMA_prototyp/transform_projects/transform_px4/PX4_log/results6.xlsx
        Done writting 5 lines in /home/ljd/wsMA_prototyp/transform_projects/transform_px4/PX4_output/src/drivers/ins/microstrain/Kconfig


Reader found: 5 lines in /home/ljd/px4/PX4-Autopilot/src/drivers/ins/sbgecom/Kconfig
call _transform_lines(lines from reader, input, configdefault dict info)
start transforming 5 input lines
    FILE LOG --------------------------------------------------------------
    Reader input                5 lines
    -----------------------------------------------------------------------
    All source without glob:    0
    All source using glob:      0
    All osource_keywords:       0
    All rsource_keywords:       0
    All orsource_keywords:      0
    SUM (r/or/o)source lines:   0
    All "option env" attr:      0
    -----------------------------------------------------------------------
    Transformer Output:         5 lines
    -----------------------------------------------------------------------
        Added new bc of def_*:           0
        Added new bc of glob:            0
        Added new bc of config_default:  0
        Added new bc of named choice:    0
        Removed bc of config_default:    0
        Removed bc of named choice:      0
        Removed no match for o(r)source: 0
        Removed optional choice attr:    0
        Removed bool     choice attr:    0
        Removed tristate choice attr:    0
Excel saved: /home/ljd/wsMA_prototyp/transform_projects/transform_px4/PX4_log/results6.xlsx
        Done writting 5 lines in /home/ljd/wsMA_prototyp/transform_projects/transform_px4/PX4_output/src/drivers/ins/sbgecom/Kconfig


Reader found: 5 lines in /home/ljd/px4/PX4-Autopilot/src/drivers/ins/vectornav/Kconfig
call _transform_lines(lines from reader, input, configdefault dict info)
start transforming 5 input lines
    FILE LOG --------------------------------------------------------------
    Reader input                5 lines
    -----------------------------------------------------------------------
    All source without glob:    0
    All source using glob:      0
    All osource_keywords:       0
    All rsource_keywords:       0
    All orsource_keywords:      0
    SUM (r/or/o)source lines:   0
    All "option env" attr:      0
    -----------------------------------------------------------------------
    Transformer Output:         5 lines
    -----------------------------------------------------------------------
        Added new bc of def_*:           0
        Added new bc of glob:            0
        Added new bc of config_default:  0
        Added new bc of named choice:    0
        Removed bc of config_default:    0
        Removed bc of named choice:      0
        Removed no match for o(r)source: 0
        Removed optional choice attr:    0
        Removed bool     choice attr:    0
        Removed tristate choice attr:    0
Excel saved: /home/ljd/wsMA_prototyp/transform_projects/transform_px4/PX4_log/results6.xlsx
        Done writting 5 lines in /home/ljd/wsMA_prototyp/transform_projects/transform_px4/PX4_output/src/drivers/ins/vectornav/Kconfig


Reader found: 5 lines in /home/ljd/px4/PX4-Autopilot/src/drivers/irlock/Kconfig
call _transform_lines(lines from reader, input, configdefault dict info)
start transforming 5 input lines
    FILE LOG --------------------------------------------------------------
    Reader input                5 lines
    -----------------------------------------------------------------------
    All source without glob:    0
    All source using glob:      0
    All osource_keywords:       0
    All rsource_keywords:       0
    All orsource_keywords:      0
    SUM (r/or/o)source lines:   0
    All "option env" attr:      0
    -----------------------------------------------------------------------
    Transformer Output:         5 lines
    -----------------------------------------------------------------------
        Added new bc of def_*:           0
        Added new bc of glob:            0
        Added new bc of config_default:  0
        Added new bc of named choice:    0
        Removed bc of config_default:    0
        Removed bc of named choice:      0
        Removed no match for o(r)source: 0
        Removed optional choice attr:    0
        Removed bool     choice attr:    0
        Removed tristate choice attr:    0
Excel saved: /home/ljd/wsMA_prototyp/transform_projects/transform_px4/PX4_log/results6.xlsx
        Done writting 5 lines in /home/ljd/wsMA_prototyp/transform_projects/transform_px4/PX4_output/src/drivers/irlock/Kconfig


Reader found: 13 lines in /home/ljd/px4/PX4-Autopilot/src/drivers/lights/Kconfig
call _transform_lines(lines from reader, input, configdefault dict info)
start transforming 13 input lines
    GLOB LOG ----------------------------------------------------------------------------
    Resolve rsource: */Kconfig at line 12
      -> src/drivers/lights/neopixel/Kconfig
      -> src/drivers/lights/rgbled/Kconfig
      -> src/drivers/lights/rgbled_aw2023/Kconfig
      -> src/drivers/lights/rgbled_is31fl3195/Kconfig
      -> src/drivers/lights/rgbled_lp5562/Kconfig
      -> src/drivers/lights/rgbled_ncp5623c/Kconfig
      -> src/drivers/lights/rgbled_pwm/Kconfig
    Files matching: 7 (using rsource)
    FILE LOG --------------------------------------------------------------
    Reader input                13 lines
    -----------------------------------------------------------------------
    All source without glob:    0
    All source using glob:      0
    All osource_keywords:       0
    All rsource_keywords:       1
    All orsource_keywords:      0
    SUM (r/or/o)source lines:   1
    All "option env" attr:      0
    -----------------------------------------------------------------------
    Transformer Output:         19 lines
    -----------------------------------------------------------------------
        Added new bc of def_*:           0
        Added new bc of glob:            6
        Added new bc of config_default:  0
        Added new bc of named choice:    0
        Removed bc of config_default:    0
        Removed bc of named choice:      0
        Removed no match for o(r)source: 0
        Removed optional choice attr:    0
        Removed bool     choice attr:    0
        Removed tristate choice attr:    0
Excel saved: /home/ljd/wsMA_prototyp/transform_projects/transform_px4/PX4_log/results6.xlsx
        Done writting 19 lines in /home/ljd/wsMA_prototyp/transform_projects/transform_px4/PX4_output/src/drivers/lights/Kconfig


Reader found: 5 lines in /home/ljd/px4/PX4-Autopilot/src/drivers/lights/neopixel/Kconfig
call _transform_lines(lines from reader, input, configdefault dict info)
start transforming 5 input lines
    FILE LOG --------------------------------------------------------------
    Reader input                5 lines
    -----------------------------------------------------------------------
    All source without glob:    0
    All source using glob:      0
    All osource_keywords:       0
    All rsource_keywords:       0
    All orsource_keywords:      0
    SUM (r/or/o)source lines:   0
    All "option env" attr:      0
    -----------------------------------------------------------------------
    Transformer Output:         5 lines
    -----------------------------------------------------------------------
        Added new bc of def_*:           0
        Added new bc of glob:            0
        Added new bc of config_default:  0
        Added new bc of named choice:    0
        Removed bc of config_default:    0
        Removed bc of named choice:      0
        Removed no match for o(r)source: 0
        Removed optional choice attr:    0
        Removed bool     choice attr:    0
        Removed tristate choice attr:    0
Excel saved: /home/ljd/wsMA_prototyp/transform_projects/transform_px4/PX4_log/results6.xlsx
        Done writting 5 lines in /home/ljd/wsMA_prototyp/transform_projects/transform_px4/PX4_output/src/drivers/lights/neopixel/Kconfig


Reader found: 5 lines in /home/ljd/px4/PX4-Autopilot/src/drivers/lights/rgbled/Kconfig
call _transform_lines(lines from reader, input, configdefault dict info)
start transforming 5 input lines
    FILE LOG --------------------------------------------------------------
    Reader input                5 lines
    -----------------------------------------------------------------------
    All source without glob:    0
    All source using glob:      0
    All osource_keywords:       0
    All rsource_keywords:       0
    All orsource_keywords:      0
    SUM (r/or/o)source lines:   0
    All "option env" attr:      0
    -----------------------------------------------------------------------
    Transformer Output:         5 lines
    -----------------------------------------------------------------------
        Added new bc of def_*:           0
        Added new bc of glob:            0
        Added new bc of config_default:  0
        Added new bc of named choice:    0
        Removed bc of config_default:    0
        Removed bc of named choice:      0
        Removed no match for o(r)source: 0
        Removed optional choice attr:    0
        Removed bool     choice attr:    0
        Removed tristate choice attr:    0
Excel saved: /home/ljd/wsMA_prototyp/transform_projects/transform_px4/PX4_log/results6.xlsx
        Done writting 5 lines in /home/ljd/wsMA_prototyp/transform_projects/transform_px4/PX4_output/src/drivers/lights/rgbled/Kconfig


Reader found: 5 lines in /home/ljd/px4/PX4-Autopilot/src/drivers/lights/rgbled_aw2023/Kconfig
call _transform_lines(lines from reader, input, configdefault dict info)
start transforming 5 input lines
    FILE LOG --------------------------------------------------------------
    Reader input                5 lines
    -----------------------------------------------------------------------
    All source without glob:    0
    All source using glob:      0
    All osource_keywords:       0
    All rsource_keywords:       0
    All orsource_keywords:      0
    SUM (r/or/o)source lines:   0
    All "option env" attr:      0
    -----------------------------------------------------------------------
    Transformer Output:         5 lines
    -----------------------------------------------------------------------
        Added new bc of def_*:           0
        Added new bc of glob:            0
        Added new bc of config_default:  0
        Added new bc of named choice:    0
        Removed bc of config_default:    0
        Removed bc of named choice:      0
        Removed no match for o(r)source: 0
        Removed optional choice attr:    0
        Removed bool     choice attr:    0
        Removed tristate choice attr:    0
Excel saved: /home/ljd/wsMA_prototyp/transform_projects/transform_px4/PX4_log/results6.xlsx
        Done writting 5 lines in /home/ljd/wsMA_prototyp/transform_projects/transform_px4/PX4_output/src/drivers/lights/rgbled_aw2023/Kconfig


Reader found: 5 lines in /home/ljd/px4/PX4-Autopilot/src/drivers/lights/rgbled_is31fl3195/Kconfig
call _transform_lines(lines from reader, input, configdefault dict info)
start transforming 5 input lines
    FILE LOG --------------------------------------------------------------
    Reader input                5 lines
    -----------------------------------------------------------------------
    All source without glob:    0
    All source using glob:      0
    All osource_keywords:       0
    All rsource_keywords:       0
    All orsource_keywords:      0
    SUM (r/or/o)source lines:   0
    All "option env" attr:      0
    -----------------------------------------------------------------------
    Transformer Output:         5 lines
    -----------------------------------------------------------------------
        Added new bc of def_*:           0
        Added new bc of glob:            0
        Added new bc of config_default:  0
        Added new bc of named choice:    0
        Removed bc of config_default:    0
        Removed bc of named choice:      0
        Removed no match for o(r)source: 0
        Removed optional choice attr:    0
        Removed bool     choice attr:    0
        Removed tristate choice attr:    0
Excel saved: /home/ljd/wsMA_prototyp/transform_projects/transform_px4/PX4_log/results6.xlsx
        Done writting 5 lines in /home/ljd/wsMA_prototyp/transform_projects/transform_px4/PX4_output/src/drivers/lights/rgbled_is31fl3195/Kconfig


Reader found: 5 lines in /home/ljd/px4/PX4-Autopilot/src/drivers/lights/rgbled_lp5562/Kconfig
call _transform_lines(lines from reader, input, configdefault dict info)
start transforming 5 input lines
    FILE LOG --------------------------------------------------------------
    Reader input                5 lines
    -----------------------------------------------------------------------
    All source without glob:    0
    All source using glob:      0
    All osource_keywords:       0
    All rsource_keywords:       0
    All orsource_keywords:      0
    SUM (r/or/o)source lines:   0
    All "option env" attr:      0
    -----------------------------------------------------------------------
    Transformer Output:         5 lines
    -----------------------------------------------------------------------
        Added new bc of def_*:           0
        Added new bc of glob:            0
        Added new bc of config_default:  0
        Added new bc of named choice:    0
        Removed bc of config_default:    0
        Removed bc of named choice:      0
        Removed no match for o(r)source: 0
        Removed optional choice attr:    0
        Removed bool     choice attr:    0
        Removed tristate choice attr:    0
Excel saved: /home/ljd/wsMA_prototyp/transform_projects/transform_px4/PX4_log/results6.xlsx
        Done writting 5 lines in /home/ljd/wsMA_prototyp/transform_projects/transform_px4/PX4_output/src/drivers/lights/rgbled_lp5562/Kconfig


Reader found: 5 lines in /home/ljd/px4/PX4-Autopilot/src/drivers/lights/rgbled_ncp5623c/Kconfig
call _transform_lines(lines from reader, input, configdefault dict info)
start transforming 5 input lines
    FILE LOG --------------------------------------------------------------
    Reader input                5 lines
    -----------------------------------------------------------------------
    All source without glob:    0
    All source using glob:      0
    All osource_keywords:       0
    All rsource_keywords:       0
    All orsource_keywords:      0
    SUM (r/or/o)source lines:   0
    All "option env" attr:      0
    -----------------------------------------------------------------------
    Transformer Output:         5 lines
    -----------------------------------------------------------------------
        Added new bc of def_*:           0
        Added new bc of glob:            0
        Added new bc of config_default:  0
        Added new bc of named choice:    0
        Removed bc of config_default:    0
        Removed bc of named choice:      0
        Removed no match for o(r)source: 0
        Removed optional choice attr:    0
        Removed bool     choice attr:    0
        Removed tristate choice attr:    0
Excel saved: /home/ljd/wsMA_prototyp/transform_projects/transform_px4/PX4_log/results6.xlsx
        Done writting 5 lines in /home/ljd/wsMA_prototyp/transform_projects/transform_px4/PX4_output/src/drivers/lights/rgbled_ncp5623c/Kconfig


Reader found: 5 lines in /home/ljd/px4/PX4-Autopilot/src/drivers/lights/rgbled_pwm/Kconfig
call _transform_lines(lines from reader, input, configdefault dict info)
start transforming 5 input lines
    FILE LOG --------------------------------------------------------------
    Reader input                5 lines
    -----------------------------------------------------------------------
    All source without glob:    0
    All source using glob:      0
    All osource_keywords:       0
    All rsource_keywords:       0
    All orsource_keywords:      0
    SUM (r/or/o)source lines:   0
    All "option env" attr:      0
    -----------------------------------------------------------------------
    Transformer Output:         5 lines
    -----------------------------------------------------------------------
        Added new bc of def_*:           0
        Added new bc of glob:            0
        Added new bc of config_default:  0
        Added new bc of named choice:    0
        Removed bc of config_default:    0
        Removed bc of named choice:      0
        Removed no match for o(r)source: 0
        Removed optional choice attr:    0
        Removed bool     choice attr:    0
        Removed tristate choice attr:    0
Excel saved: /home/ljd/wsMA_prototyp/transform_projects/transform_px4/PX4_log/results6.xlsx
        Done writting 5 lines in /home/ljd/wsMA_prototyp/transform_projects/transform_px4/PX4_output/src/drivers/lights/rgbled_pwm/Kconfig


Reader found: 6 lines in /home/ljd/px4/PX4-Autopilot/src/drivers/linux_pwm_out/Kconfig
call _transform_lines(lines from reader, input, configdefault dict info)
start transforming 6 input lines
    FILE LOG --------------------------------------------------------------
    Reader input                6 lines
    -----------------------------------------------------------------------
    All source without glob:    0
    All source using glob:      0
    All osource_keywords:       0
    All rsource_keywords:       0
    All orsource_keywords:      0
    SUM (r/or/o)source lines:   0
    All "option env" attr:      0
    -----------------------------------------------------------------------
    Transformer Output:         6 lines
    -----------------------------------------------------------------------
        Added new bc of def_*:           0
        Added new bc of glob:            0
        Added new bc of config_default:  0
        Added new bc of named choice:    0
        Removed bc of config_default:    0
        Removed bc of named choice:      0
        Removed no match for o(r)source: 0
        Removed optional choice attr:    0
        Removed bool     choice attr:    0
        Removed tristate choice attr:    0
Excel saved: /home/ljd/wsMA_prototyp/transform_projects/transform_px4/PX4_log/results6.xlsx
        Done writting 6 lines in /home/ljd/wsMA_prototyp/transform_projects/transform_px4/PX4_output/src/drivers/linux_pwm_out/Kconfig


Reader found: 22 lines in /home/ljd/px4/PX4-Autopilot/src/drivers/magnetometer/Kconfig
call _transform_lines(lines from reader, input, configdefault dict info)
start transforming 22 input lines
    GLOB LOG ----------------------------------------------------------------------------
    Resolve rsource: */Kconfig at line 21
      -> src/drivers/magnetometer/akm/Kconfig
      -> src/drivers/magnetometer/bosch/Kconfig
      -> src/drivers/magnetometer/hmc5883/Kconfig
      -> src/drivers/magnetometer/isentek/Kconfig
      -> src/drivers/magnetometer/lis3mdl/Kconfig
      -> src/drivers/magnetometer/lsm303agr/Kconfig
      -> src/drivers/magnetometer/lsm9ds1_mag/Kconfig
      -> src/drivers/magnetometer/memsic/Kconfig
      -> src/drivers/magnetometer/qmc5883l/Kconfig
      -> src/drivers/magnetometer/qmc5883p/Kconfig
      -> src/drivers/magnetometer/rm3100/Kconfig
      -> src/drivers/magnetometer/st/Kconfig
      -> src/drivers/magnetometer/vtrantech/Kconfig
    Files matching: 13 (using rsource)
    FILE LOG --------------------------------------------------------------
    Reader input                22 lines
    -----------------------------------------------------------------------
    All source without glob:    0
    All source using glob:      0
    All osource_keywords:       0
    All rsource_keywords:       1
    All orsource_keywords:      0
    SUM (r/or/o)source lines:   1
    All "option env" attr:      0
    -----------------------------------------------------------------------
    Transformer Output:         34 lines
    -----------------------------------------------------------------------
        Added new bc of def_*:           0
        Added new bc of glob:            12
        Added new bc of config_default:  0
        Added new bc of named choice:    0
        Removed bc of config_default:    0
        Removed bc of named choice:      0
        Removed no match for o(r)source: 0
        Removed optional choice attr:    0
        Removed bool     choice attr:    0
        Removed tristate choice attr:    0
Excel saved: /home/ljd/wsMA_prototyp/transform_projects/transform_px4/PX4_log/results6.xlsx
        Done writting 34 lines in /home/ljd/wsMA_prototyp/transform_projects/transform_px4/PX4_output/src/drivers/magnetometer/Kconfig


Reader found: 3 lines in /home/ljd/px4/PX4-Autopilot/src/drivers/magnetometer/akm/Kconfig
call _transform_lines(lines from reader, input, configdefault dict info)
start transforming 3 input lines
    GLOB LOG ----------------------------------------------------------------------------
    Resolve rsource: */Kconfig at line 2
      -> src/drivers/magnetometer/akm/ak09916/Kconfig
      -> src/drivers/magnetometer/akm/ak8963/Kconfig
    Files matching: 2 (using rsource)
    FILE LOG --------------------------------------------------------------
    Reader input                3 lines
    -----------------------------------------------------------------------
    All source without glob:    0
    All source using glob:      0
    All osource_keywords:       0
    All rsource_keywords:       1
    All orsource_keywords:      0
    SUM (r/or/o)source lines:   1
    All "option env" attr:      0
    -----------------------------------------------------------------------
    Transformer Output:         4 lines
    -----------------------------------------------------------------------
        Added new bc of def_*:           0
        Added new bc of glob:            1
        Added new bc of config_default:  0
        Added new bc of named choice:    0
        Removed bc of config_default:    0
        Removed bc of named choice:      0
        Removed no match for o(r)source: 0
        Removed optional choice attr:    0
        Removed bool     choice attr:    0
        Removed tristate choice attr:    0
Excel saved: /home/ljd/wsMA_prototyp/transform_projects/transform_px4/PX4_log/results6.xlsx
        Done writting 4 lines in /home/ljd/wsMA_prototyp/transform_projects/transform_px4/PX4_output/src/drivers/magnetometer/akm/Kconfig


Reader found: 5 lines in /home/ljd/px4/PX4-Autopilot/src/drivers/magnetometer/akm/ak09916/Kconfig
call _transform_lines(lines from reader, input, configdefault dict info)
start transforming 5 input lines
    FILE LOG --------------------------------------------------------------
    Reader input                5 lines
    -----------------------------------------------------------------------
    All source without glob:    0
    All source using glob:      0
    All osource_keywords:       0
    All rsource_keywords:       0
    All orsource_keywords:      0
    SUM (r/or/o)source lines:   0
    All "option env" attr:      0
    -----------------------------------------------------------------------
    Transformer Output:         5 lines
    -----------------------------------------------------------------------
        Added new bc of def_*:           0
        Added new bc of glob:            0
        Added new bc of config_default:  0
        Added new bc of named choice:    0
        Removed bc of config_default:    0
        Removed bc of named choice:      0
        Removed no match for o(r)source: 0
        Removed optional choice attr:    0
        Removed bool     choice attr:    0
        Removed tristate choice attr:    0
Excel saved: /home/ljd/wsMA_prototyp/transform_projects/transform_px4/PX4_log/results6.xlsx
        Done writting 5 lines in /home/ljd/wsMA_prototyp/transform_projects/transform_px4/PX4_output/src/drivers/magnetometer/akm/ak09916/Kconfig


Reader found: 5 lines in /home/ljd/px4/PX4-Autopilot/src/drivers/magnetometer/akm/ak8963/Kconfig
call _transform_lines(lines from reader, input, configdefault dict info)
start transforming 5 input lines
    FILE LOG --------------------------------------------------------------
    Reader input                5 lines
    -----------------------------------------------------------------------
    All source without glob:    0
    All source using glob:      0
    All osource_keywords:       0
    All rsource_keywords:       0
    All orsource_keywords:      0
    SUM (r/or/o)source lines:   0
    All "option env" attr:      0
    -----------------------------------------------------------------------
    Transformer Output:         5 lines
    -----------------------------------------------------------------------
        Added new bc of def_*:           0
        Added new bc of glob:            0
        Added new bc of config_default:  0
        Added new bc of named choice:    0
        Removed bc of config_default:    0
        Removed bc of named choice:      0
        Removed no match for o(r)source: 0
        Removed optional choice attr:    0
        Removed bool     choice attr:    0
        Removed tristate choice attr:    0
Excel saved: /home/ljd/wsMA_prototyp/transform_projects/transform_px4/PX4_log/results6.xlsx
        Done writting 5 lines in /home/ljd/wsMA_prototyp/transform_projects/transform_px4/PX4_output/src/drivers/magnetometer/akm/ak8963/Kconfig


Reader found: 3 lines in /home/ljd/px4/PX4-Autopilot/src/drivers/magnetometer/bosch/Kconfig
call _transform_lines(lines from reader, input, configdefault dict info)
start transforming 3 input lines
    GLOB LOG ----------------------------------------------------------------------------
    Resolve rsource: */Kconfig at line 2
      -> src/drivers/magnetometer/bosch/bmm150/Kconfig
      -> src/drivers/magnetometer/bosch/bmm350/Kconfig
    Files matching: 2 (using rsource)
    FILE LOG --------------------------------------------------------------
    Reader input                3 lines
    -----------------------------------------------------------------------
    All source without glob:    0
    All source using glob:      0
    All osource_keywords:       0
    All rsource_keywords:       1
    All orsource_keywords:      0
    SUM (r/or/o)source lines:   1
    All "option env" attr:      0
    -----------------------------------------------------------------------
    Transformer Output:         4 lines
    -----------------------------------------------------------------------
        Added new bc of def_*:           0
        Added new bc of glob:            1
        Added new bc of config_default:  0
        Added new bc of named choice:    0
        Removed bc of config_default:    0
        Removed bc of named choice:      0
        Removed no match for o(r)source: 0
        Removed optional choice attr:    0
        Removed bool     choice attr:    0
        Removed tristate choice attr:    0
Excel saved: /home/ljd/wsMA_prototyp/transform_projects/transform_px4/PX4_log/results6.xlsx
        Done writting 4 lines in /home/ljd/wsMA_prototyp/transform_projects/transform_px4/PX4_output/src/drivers/magnetometer/bosch/Kconfig


Reader found: 5 lines in /home/ljd/px4/PX4-Autopilot/src/drivers/magnetometer/bosch/bmm150/Kconfig
call _transform_lines(lines from reader, input, configdefault dict info)
start transforming 5 input lines
    FILE LOG --------------------------------------------------------------
    Reader input                5 lines
    -----------------------------------------------------------------------
    All source without glob:    0
    All source using glob:      0
    All osource_keywords:       0
    All rsource_keywords:       0
    All orsource_keywords:      0
    SUM (r/or/o)source lines:   0
    All "option env" attr:      0
    -----------------------------------------------------------------------
    Transformer Output:         5 lines
    -----------------------------------------------------------------------
        Added new bc of def_*:           0
        Added new bc of glob:            0
        Added new bc of config_default:  0
        Added new bc of named choice:    0
        Removed bc of config_default:    0
        Removed bc of named choice:      0
        Removed no match for o(r)source: 0
        Removed optional choice attr:    0
        Removed bool     choice attr:    0
        Removed tristate choice attr:    0
Excel saved: /home/ljd/wsMA_prototyp/transform_projects/transform_px4/PX4_log/results6.xlsx
        Done writting 5 lines in /home/ljd/wsMA_prototyp/transform_projects/transform_px4/PX4_output/src/drivers/magnetometer/bosch/bmm150/Kconfig


Reader found: 5 lines in /home/ljd/px4/PX4-Autopilot/src/drivers/magnetometer/bosch/bmm350/Kconfig
call _transform_lines(lines from reader, input, configdefault dict info)
start transforming 5 input lines
    FILE LOG --------------------------------------------------------------
    Reader input                5 lines
    -----------------------------------------------------------------------
    All source without glob:    0
    All source using glob:      0
    All osource_keywords:       0
    All rsource_keywords:       0
    All orsource_keywords:      0
    SUM (r/or/o)source lines:   0
    All "option env" attr:      0
    -----------------------------------------------------------------------
    Transformer Output:         5 lines
    -----------------------------------------------------------------------
        Added new bc of def_*:           0
        Added new bc of glob:            0
        Added new bc of config_default:  0
        Added new bc of named choice:    0
        Removed bc of config_default:    0
        Removed bc of named choice:      0
        Removed no match for o(r)source: 0
        Removed optional choice attr:    0
        Removed bool     choice attr:    0
        Removed tristate choice attr:    0
Excel saved: /home/ljd/wsMA_prototyp/transform_projects/transform_px4/PX4_log/results6.xlsx
        Done writting 5 lines in /home/ljd/wsMA_prototyp/transform_projects/transform_px4/PX4_output/src/drivers/magnetometer/bosch/bmm350/Kconfig


Reader found: 5 lines in /home/ljd/px4/PX4-Autopilot/src/drivers/magnetometer/hmc5883/Kconfig
call _transform_lines(lines from reader, input, configdefault dict info)
start transforming 5 input lines
    FILE LOG --------------------------------------------------------------
    Reader input                5 lines
    -----------------------------------------------------------------------
    All source without glob:    0
    All source using glob:      0
    All osource_keywords:       0
    All rsource_keywords:       0
    All orsource_keywords:      0
    SUM (r/or/o)source lines:   0
    All "option env" attr:      0
    -----------------------------------------------------------------------
    Transformer Output:         5 lines
    -----------------------------------------------------------------------
        Added new bc of def_*:           0
        Added new bc of glob:            0
        Added new bc of config_default:  0
        Added new bc of named choice:    0
        Removed bc of config_default:    0
        Removed bc of named choice:      0
        Removed no match for o(r)source: 0
        Removed optional choice attr:    0
        Removed bool     choice attr:    0
        Removed tristate choice attr:    0
Excel saved: /home/ljd/wsMA_prototyp/transform_projects/transform_px4/PX4_log/results6.xlsx
        Done writting 5 lines in /home/ljd/wsMA_prototyp/transform_projects/transform_px4/PX4_output/src/drivers/magnetometer/hmc5883/Kconfig


Reader found: 3 lines in /home/ljd/px4/PX4-Autopilot/src/drivers/magnetometer/isentek/Kconfig
call _transform_lines(lines from reader, input, configdefault dict info)
start transforming 3 input lines
    GLOB LOG ----------------------------------------------------------------------------
    Resolve rsource: */Kconfig at line 2
      -> src/drivers/magnetometer/isentek/ist8308/Kconfig
      -> src/drivers/magnetometer/isentek/ist8310/Kconfig
    Files matching: 2 (using rsource)
    FILE LOG --------------------------------------------------------------
    Reader input                3 lines
    -----------------------------------------------------------------------
    All source without glob:    0
    All source using glob:      0
    All osource_keywords:       0
    All rsource_keywords:       1
    All orsource_keywords:      0
    SUM (r/or/o)source lines:   1
    All "option env" attr:      0
    -----------------------------------------------------------------------
    Transformer Output:         4 lines
    -----------------------------------------------------------------------
        Added new bc of def_*:           0
        Added new bc of glob:            1
        Added new bc of config_default:  0
        Added new bc of named choice:    0
        Removed bc of config_default:    0
        Removed bc of named choice:      0
        Removed no match for o(r)source: 0
        Removed optional choice attr:    0
        Removed bool     choice attr:    0
        Removed tristate choice attr:    0
Excel saved: /home/ljd/wsMA_prototyp/transform_projects/transform_px4/PX4_log/results6.xlsx
        Done writting 4 lines in /home/ljd/wsMA_prototyp/transform_projects/transform_px4/PX4_output/src/drivers/magnetometer/isentek/Kconfig


Reader found: 5 lines in /home/ljd/px4/PX4-Autopilot/src/drivers/magnetometer/isentek/ist8308/Kconfig
call _transform_lines(lines from reader, input, configdefault dict info)
start transforming 5 input lines
    FILE LOG --------------------------------------------------------------
    Reader input                5 lines
    -----------------------------------------------------------------------
    All source without glob:    0
    All source using glob:      0
    All osource_keywords:       0
    All rsource_keywords:       0
    All orsource_keywords:      0
    SUM (r/or/o)source lines:   0
    All "option env" attr:      0
    -----------------------------------------------------------------------
    Transformer Output:         5 lines
    -----------------------------------------------------------------------
        Added new bc of def_*:           0
        Added new bc of glob:            0
        Added new bc of config_default:  0
        Added new bc of named choice:    0
        Removed bc of config_default:    0
        Removed bc of named choice:      0
        Removed no match for o(r)source: 0
        Removed optional choice attr:    0
        Removed bool     choice attr:    0
        Removed tristate choice attr:    0
Excel saved: /home/ljd/wsMA_prototyp/transform_projects/transform_px4/PX4_log/results6.xlsx
        Done writting 5 lines in /home/ljd/wsMA_prototyp/transform_projects/transform_px4/PX4_output/src/drivers/magnetometer/isentek/ist8308/Kconfig


Reader found: 5 lines in /home/ljd/px4/PX4-Autopilot/src/drivers/magnetometer/isentek/ist8310/Kconfig
call _transform_lines(lines from reader, input, configdefault dict info)
start transforming 5 input lines
    FILE LOG --------------------------------------------------------------
    Reader input                5 lines
    -----------------------------------------------------------------------
    All source without glob:    0
    All source using glob:      0
    All osource_keywords:       0
    All rsource_keywords:       0
    All orsource_keywords:      0
    SUM (r/or/o)source lines:   0
    All "option env" attr:      0
    -----------------------------------------------------------------------
    Transformer Output:         5 lines
    -----------------------------------------------------------------------
        Added new bc of def_*:           0
        Added new bc of glob:            0
        Added new bc of config_default:  0
        Added new bc of named choice:    0
        Removed bc of config_default:    0
        Removed bc of named choice:      0
        Removed no match for o(r)source: 0
        Removed optional choice attr:    0
        Removed bool     choice attr:    0
        Removed tristate choice attr:    0
Excel saved: /home/ljd/wsMA_prototyp/transform_projects/transform_px4/PX4_log/results6.xlsx
        Done writting 5 lines in /home/ljd/wsMA_prototyp/transform_projects/transform_px4/PX4_output/src/drivers/magnetometer/isentek/ist8310/Kconfig


Reader found: 5 lines in /home/ljd/px4/PX4-Autopilot/src/drivers/magnetometer/lis3mdl/Kconfig
call _transform_lines(lines from reader, input, configdefault dict info)
start transforming 5 input lines
    FILE LOG --------------------------------------------------------------
    Reader input                5 lines
    -----------------------------------------------------------------------
    All source without glob:    0
    All source using glob:      0
    All osource_keywords:       0
    All rsource_keywords:       0
    All orsource_keywords:      0
    SUM (r/or/o)source lines:   0
    All "option env" attr:      0
    -----------------------------------------------------------------------
    Transformer Output:         5 lines
    -----------------------------------------------------------------------
        Added new bc of def_*:           0
        Added new bc of glob:            0
        Added new bc of config_default:  0
        Added new bc of named choice:    0
        Removed bc of config_default:    0
        Removed bc of named choice:      0
        Removed no match for o(r)source: 0
        Removed optional choice attr:    0
        Removed bool     choice attr:    0
        Removed tristate choice attr:    0
Excel saved: /home/ljd/wsMA_prototyp/transform_projects/transform_px4/PX4_log/results6.xlsx
        Done writting 5 lines in /home/ljd/wsMA_prototyp/transform_projects/transform_px4/PX4_output/src/drivers/magnetometer/lis3mdl/Kconfig


Reader found: 5 lines in /home/ljd/px4/PX4-Autopilot/src/drivers/magnetometer/lsm303agr/Kconfig
call _transform_lines(lines from reader, input, configdefault dict info)
start transforming 5 input lines
    FILE LOG --------------------------------------------------------------
    Reader input                5 lines
    -----------------------------------------------------------------------
    All source without glob:    0
    All source using glob:      0
    All osource_keywords:       0
    All rsource_keywords:       0
    All orsource_keywords:      0
    SUM (r/or/o)source lines:   0
    All "option env" attr:      0
    -----------------------------------------------------------------------
    Transformer Output:         5 lines
    -----------------------------------------------------------------------
        Added new bc of def_*:           0
        Added new bc of glob:            0
        Added new bc of config_default:  0
        Added new bc of named choice:    0
        Removed bc of config_default:    0
        Removed bc of named choice:      0
        Removed no match for o(r)source: 0
        Removed optional choice attr:    0
        Removed bool     choice attr:    0
        Removed tristate choice attr:    0
Excel saved: /home/ljd/wsMA_prototyp/transform_projects/transform_px4/PX4_log/results6.xlsx
        Done writting 5 lines in /home/ljd/wsMA_prototyp/transform_projects/transform_px4/PX4_output/src/drivers/magnetometer/lsm303agr/Kconfig


Reader found: 5 lines in /home/ljd/px4/PX4-Autopilot/src/drivers/magnetometer/lsm9ds1_mag/Kconfig
call _transform_lines(lines from reader, input, configdefault dict info)
start transforming 5 input lines
    FILE LOG --------------------------------------------------------------
    Reader input                5 lines
    -----------------------------------------------------------------------
    All source without glob:    0
    All source using glob:      0
    All osource_keywords:       0
    All rsource_keywords:       0
    All orsource_keywords:      0
    SUM (r/or/o)source lines:   0
    All "option env" attr:      0
    -----------------------------------------------------------------------
    Transformer Output:         5 lines
    -----------------------------------------------------------------------
        Added new bc of def_*:           0
        Added new bc of glob:            0
        Added new bc of config_default:  0
        Added new bc of named choice:    0
        Removed bc of config_default:    0
        Removed bc of named choice:      0
        Removed no match for o(r)source: 0
        Removed optional choice attr:    0
        Removed bool     choice attr:    0
        Removed tristate choice attr:    0
Excel saved: /home/ljd/wsMA_prototyp/transform_projects/transform_px4/PX4_log/results6.xlsx
        Done writting 5 lines in /home/ljd/wsMA_prototyp/transform_projects/transform_px4/PX4_output/src/drivers/magnetometer/lsm9ds1_mag/Kconfig


Reader found: 3 lines in /home/ljd/px4/PX4-Autopilot/src/drivers/magnetometer/memsic/Kconfig
call _transform_lines(lines from reader, input, configdefault dict info)
start transforming 3 input lines
    GLOB LOG ----------------------------------------------------------------------------
    Resolve rsource: */Kconfig at line 2
      -> src/drivers/magnetometer/memsic/mmc5983ma/Kconfig
    Files matching: 1 (using rsource)
    FILE LOG --------------------------------------------------------------
    Reader input                3 lines
    -----------------------------------------------------------------------
    All source without glob:    0
    All source using glob:      0
    All osource_keywords:       0
    All rsource_keywords:       1
    All orsource_keywords:      0
    SUM (r/or/o)source lines:   1
    All "option env" attr:      0
    -----------------------------------------------------------------------
    Transformer Output:         3 lines
    -----------------------------------------------------------------------
        Added new bc of def_*:           0
        Added new bc of glob:            0
        Added new bc of config_default:  0
        Added new bc of named choice:    0
        Removed bc of config_default:    0
        Removed bc of named choice:      0
        Removed no match for o(r)source: 0
        Removed optional choice attr:    0
        Removed bool     choice attr:    0
        Removed tristate choice attr:    0
Excel saved: /home/ljd/wsMA_prototyp/transform_projects/transform_px4/PX4_log/results6.xlsx
        Done writting 3 lines in /home/ljd/wsMA_prototyp/transform_projects/transform_px4/PX4_output/src/drivers/magnetometer/memsic/Kconfig


Reader found: 5 lines in /home/ljd/px4/PX4-Autopilot/src/drivers/magnetometer/memsic/mmc5983ma/Kconfig
call _transform_lines(lines from reader, input, configdefault dict info)
start transforming 5 input lines
    FILE LOG --------------------------------------------------------------
    Reader input                5 lines
    -----------------------------------------------------------------------
    All source without glob:    0
    All source using glob:      0
    All osource_keywords:       0
    All rsource_keywords:       0
    All orsource_keywords:      0
    SUM (r/or/o)source lines:   0
    All "option env" attr:      0
    -----------------------------------------------------------------------
    Transformer Output:         5 lines
    -----------------------------------------------------------------------
        Added new bc of def_*:           0
        Added new bc of glob:            0
        Added new bc of config_default:  0
        Added new bc of named choice:    0
        Removed bc of config_default:    0
        Removed bc of named choice:      0
        Removed no match for o(r)source: 0
        Removed optional choice attr:    0
        Removed bool     choice attr:    0
        Removed tristate choice attr:    0
Excel saved: /home/ljd/wsMA_prototyp/transform_projects/transform_px4/PX4_log/results6.xlsx
        Done writting 5 lines in /home/ljd/wsMA_prototyp/transform_projects/transform_px4/PX4_output/src/drivers/magnetometer/memsic/mmc5983ma/Kconfig


Reader found: 5 lines in /home/ljd/px4/PX4-Autopilot/src/drivers/magnetometer/qmc5883l/Kconfig
call _transform_lines(lines from reader, input, configdefault dict info)
start transforming 5 input lines
    FILE LOG --------------------------------------------------------------
    Reader input                5 lines
    -----------------------------------------------------------------------
    All source without glob:    0
    All source using glob:      0
    All osource_keywords:       0
    All rsource_keywords:       0
    All orsource_keywords:      0
    SUM (r/or/o)source lines:   0
    All "option env" attr:      0
    -----------------------------------------------------------------------
    Transformer Output:         5 lines
    -----------------------------------------------------------------------
        Added new bc of def_*:           0
        Added new bc of glob:            0
        Added new bc of config_default:  0
        Added new bc of named choice:    0
        Removed bc of config_default:    0
        Removed bc of named choice:      0
        Removed no match for o(r)source: 0
        Removed optional choice attr:    0
        Removed bool     choice attr:    0
        Removed tristate choice attr:    0
Excel saved: /home/ljd/wsMA_prototyp/transform_projects/transform_px4/PX4_log/results6.xlsx
        Done writting 5 lines in /home/ljd/wsMA_prototyp/transform_projects/transform_px4/PX4_output/src/drivers/magnetometer/qmc5883l/Kconfig


Reader found: 5 lines in /home/ljd/px4/PX4-Autopilot/src/drivers/magnetometer/qmc5883p/Kconfig
call _transform_lines(lines from reader, input, configdefault dict info)
start transforming 5 input lines
    FILE LOG --------------------------------------------------------------
    Reader input                5 lines
    -----------------------------------------------------------------------
    All source without glob:    0
    All source using glob:      0
    All osource_keywords:       0
    All rsource_keywords:       0
    All orsource_keywords:      0
    SUM (r/or/o)source lines:   0
    All "option env" attr:      0
    -----------------------------------------------------------------------
    Transformer Output:         5 lines
    -----------------------------------------------------------------------
        Added new bc of def_*:           0
        Added new bc of glob:            0
        Added new bc of config_default:  0
        Added new bc of named choice:    0
        Removed bc of config_default:    0
        Removed bc of named choice:      0
        Removed no match for o(r)source: 0
        Removed optional choice attr:    0
        Removed bool     choice attr:    0
        Removed tristate choice attr:    0
Excel saved: /home/ljd/wsMA_prototyp/transform_projects/transform_px4/PX4_log/results6.xlsx
        Done writting 5 lines in /home/ljd/wsMA_prototyp/transform_projects/transform_px4/PX4_output/src/drivers/magnetometer/qmc5883p/Kconfig


Reader found: 5 lines in /home/ljd/px4/PX4-Autopilot/src/drivers/magnetometer/rm3100/Kconfig
call _transform_lines(lines from reader, input, configdefault dict info)
start transforming 5 input lines
    FILE LOG --------------------------------------------------------------
    Reader input                5 lines
    -----------------------------------------------------------------------
    All source without glob:    0
    All source using glob:      0
    All osource_keywords:       0
    All rsource_keywords:       0
    All orsource_keywords:      0
    SUM (r/or/o)source lines:   0
    All "option env" attr:      0
    -----------------------------------------------------------------------
    Transformer Output:         5 lines
    -----------------------------------------------------------------------
        Added new bc of def_*:           0
        Added new bc of glob:            0
        Added new bc of config_default:  0
        Added new bc of named choice:    0
        Removed bc of config_default:    0
        Removed bc of named choice:      0
        Removed no match for o(r)source: 0
        Removed optional choice attr:    0
        Removed bool     choice attr:    0
        Removed tristate choice attr:    0
Excel saved: /home/ljd/wsMA_prototyp/transform_projects/transform_px4/PX4_log/results6.xlsx
        Done writting 5 lines in /home/ljd/wsMA_prototyp/transform_projects/transform_px4/PX4_output/src/drivers/magnetometer/rm3100/Kconfig


Reader found: 3 lines in /home/ljd/px4/PX4-Autopilot/src/drivers/magnetometer/st/Kconfig
call _transform_lines(lines from reader, input, configdefault dict info)
start transforming 3 input lines
    GLOB LOG ----------------------------------------------------------------------------
    Resolve rsource: */Kconfig at line 2
      -> src/drivers/magnetometer/st/iis2mdc/Kconfig
    Files matching: 1 (using rsource)
    FILE LOG --------------------------------------------------------------
    Reader input                3 lines
    -----------------------------------------------------------------------
    All source without glob:    0
    All source using glob:      0
    All osource_keywords:       0
    All rsource_keywords:       1
    All orsource_keywords:      0
    SUM (r/or/o)source lines:   1
    All "option env" attr:      0
    -----------------------------------------------------------------------
    Transformer Output:         3 lines
    -----------------------------------------------------------------------
        Added new bc of def_*:           0
        Added new bc of glob:            0
        Added new bc of config_default:  0
        Added new bc of named choice:    0
        Removed bc of config_default:    0
        Removed bc of named choice:      0
        Removed no match for o(r)source: 0
        Removed optional choice attr:    0
        Removed bool     choice attr:    0
        Removed tristate choice attr:    0
Excel saved: /home/ljd/wsMA_prototyp/transform_projects/transform_px4/PX4_log/results6.xlsx
        Done writting 3 lines in /home/ljd/wsMA_prototyp/transform_projects/transform_px4/PX4_output/src/drivers/magnetometer/st/Kconfig


Reader found: 5 lines in /home/ljd/px4/PX4-Autopilot/src/drivers/magnetometer/st/iis2mdc/Kconfig
call _transform_lines(lines from reader, input, configdefault dict info)
start transforming 5 input lines
    FILE LOG --------------------------------------------------------------
    Reader input                5 lines
    -----------------------------------------------------------------------
    All source without glob:    0
    All source using glob:      0
    All osource_keywords:       0
    All rsource_keywords:       0
    All orsource_keywords:      0
    SUM (r/or/o)source lines:   0
    All "option env" attr:      0
    -----------------------------------------------------------------------
    Transformer Output:         5 lines
    -----------------------------------------------------------------------
        Added new bc of def_*:           0
        Added new bc of glob:            0
        Added new bc of config_default:  0
        Added new bc of named choice:    0
        Removed bc of config_default:    0
        Removed bc of named choice:      0
        Removed no match for o(r)source: 0
        Removed optional choice attr:    0
        Removed bool     choice attr:    0
        Removed tristate choice attr:    0
Excel saved: /home/ljd/wsMA_prototyp/transform_projects/transform_px4/PX4_log/results6.xlsx
        Done writting 5 lines in /home/ljd/wsMA_prototyp/transform_projects/transform_px4/PX4_output/src/drivers/magnetometer/st/iis2mdc/Kconfig


Reader found: 3 lines in /home/ljd/px4/PX4-Autopilot/src/drivers/magnetometer/vtrantech/Kconfig
call _transform_lines(lines from reader, input, configdefault dict info)
start transforming 3 input lines
    GLOB LOG ----------------------------------------------------------------------------
    Resolve rsource: */Kconfig at line 2
      -> src/drivers/magnetometer/vtrantech/vcm1193l/Kconfig
    Files matching: 1 (using rsource)
    FILE LOG --------------------------------------------------------------
    Reader input                3 lines
    -----------------------------------------------------------------------
    All source without glob:    0
    All source using glob:      0
    All osource_keywords:       0
    All rsource_keywords:       1
    All orsource_keywords:      0
    SUM (r/or/o)source lines:   1
    All "option env" attr:      0
    -----------------------------------------------------------------------
    Transformer Output:         3 lines
    -----------------------------------------------------------------------
        Added new bc of def_*:           0
        Added new bc of glob:            0
        Added new bc of config_default:  0
        Added new bc of named choice:    0
        Removed bc of config_default:    0
        Removed bc of named choice:      0
        Removed no match for o(r)source: 0
        Removed optional choice attr:    0
        Removed bool     choice attr:    0
        Removed tristate choice attr:    0
Excel saved: /home/ljd/wsMA_prototyp/transform_projects/transform_px4/PX4_log/results6.xlsx
        Done writting 3 lines in /home/ljd/wsMA_prototyp/transform_projects/transform_px4/PX4_output/src/drivers/magnetometer/vtrantech/Kconfig


Reader found: 5 lines in /home/ljd/px4/PX4-Autopilot/src/drivers/magnetometer/vtrantech/vcm1193l/Kconfig
call _transform_lines(lines from reader, input, configdefault dict info)
start transforming 5 input lines
    FILE LOG --------------------------------------------------------------
    Reader input                5 lines
    -----------------------------------------------------------------------
    All source without glob:    0
    All source using glob:      0
    All osource_keywords:       0
    All rsource_keywords:       0
    All orsource_keywords:      0
    SUM (r/or/o)source lines:   0
    All "option env" attr:      0
    -----------------------------------------------------------------------
    Transformer Output:         5 lines
    -----------------------------------------------------------------------
        Added new bc of def_*:           0
        Added new bc of glob:            0
        Added new bc of config_default:  0
        Added new bc of named choice:    0
        Removed bc of config_default:    0
        Removed bc of named choice:      0
        Removed no match for o(r)source: 0
        Removed optional choice attr:    0
        Removed bool     choice attr:    0
        Removed tristate choice attr:    0
Excel saved: /home/ljd/wsMA_prototyp/transform_projects/transform_px4/PX4_log/results6.xlsx
        Done writting 5 lines in /home/ljd/wsMA_prototyp/transform_projects/transform_px4/PX4_output/src/drivers/magnetometer/vtrantech/vcm1193l/Kconfig


Reader found: 13 lines in /home/ljd/px4/PX4-Autopilot/src/drivers/optical_flow/Kconfig
call _transform_lines(lines from reader, input, configdefault dict info)
start transforming 13 input lines
    GLOB LOG ----------------------------------------------------------------------------
    Resolve rsource: */Kconfig at line 12
      -> src/drivers/optical_flow/paa3905/Kconfig
      -> src/drivers/optical_flow/paw3902/Kconfig
      -> src/drivers/optical_flow/pmw3901/Kconfig
      -> src/drivers/optical_flow/px4flow/Kconfig
      -> src/drivers/optical_flow/thoneflow/Kconfig
    Files matching: 5 (using rsource)
    FILE LOG --------------------------------------------------------------
    Reader input                13 lines
    -----------------------------------------------------------------------
    All source without glob:    0
    All source using glob:      0
    All osource_keywords:       0
    All rsource_keywords:       1
    All orsource_keywords:      0
    SUM (r/or/o)source lines:   1
    All "option env" attr:      0
    -----------------------------------------------------------------------
    Transformer Output:         17 lines
    -----------------------------------------------------------------------
        Added new bc of def_*:           0
        Added new bc of glob:            4
        Added new bc of config_default:  0
        Added new bc of named choice:    0
        Removed bc of config_default:    0
        Removed bc of named choice:      0
        Removed no match for o(r)source: 0
        Removed optional choice attr:    0
        Removed bool     choice attr:    0
        Removed tristate choice attr:    0
Excel saved: /home/ljd/wsMA_prototyp/transform_projects/transform_px4/PX4_log/results6.xlsx
        Done writting 17 lines in /home/ljd/wsMA_prototyp/transform_projects/transform_px4/PX4_output/src/drivers/optical_flow/Kconfig


Reader found: 5 lines in /home/ljd/px4/PX4-Autopilot/src/drivers/optical_flow/paa3905/Kconfig
call _transform_lines(lines from reader, input, configdefault dict info)
start transforming 5 input lines
    FILE LOG --------------------------------------------------------------
    Reader input                5 lines
    -----------------------------------------------------------------------
    All source without glob:    0
    All source using glob:      0
    All osource_keywords:       0
    All rsource_keywords:       0
    All orsource_keywords:      0
    SUM (r/or/o)source lines:   0
    All "option env" attr:      0
    -----------------------------------------------------------------------
    Transformer Output:         5 lines
    -----------------------------------------------------------------------
        Added new bc of def_*:           0
        Added new bc of glob:            0
        Added new bc of config_default:  0
        Added new bc of named choice:    0
        Removed bc of config_default:    0
        Removed bc of named choice:      0
        Removed no match for o(r)source: 0
        Removed optional choice attr:    0
        Removed bool     choice attr:    0
        Removed tristate choice attr:    0
Excel saved: /home/ljd/wsMA_prototyp/transform_projects/transform_px4/PX4_log/results6.xlsx
        Done writting 5 lines in /home/ljd/wsMA_prototyp/transform_projects/transform_px4/PX4_output/src/drivers/optical_flow/paa3905/Kconfig


Reader found: 5 lines in /home/ljd/px4/PX4-Autopilot/src/drivers/optical_flow/paw3902/Kconfig
call _transform_lines(lines from reader, input, configdefault dict info)
start transforming 5 input lines
    FILE LOG --------------------------------------------------------------
    Reader input                5 lines
    -----------------------------------------------------------------------
    All source without glob:    0
    All source using glob:      0
    All osource_keywords:       0
    All rsource_keywords:       0
    All orsource_keywords:      0
    SUM (r/or/o)source lines:   0
    All "option env" attr:      0
    -----------------------------------------------------------------------
    Transformer Output:         5 lines
    -----------------------------------------------------------------------
        Added new bc of def_*:           0
        Added new bc of glob:            0
        Added new bc of config_default:  0
        Added new bc of named choice:    0
        Removed bc of config_default:    0
        Removed bc of named choice:      0
        Removed no match for o(r)source: 0
        Removed optional choice attr:    0
        Removed bool     choice attr:    0
        Removed tristate choice attr:    0
Excel saved: /home/ljd/wsMA_prototyp/transform_projects/transform_px4/PX4_log/results6.xlsx
        Done writting 5 lines in /home/ljd/wsMA_prototyp/transform_projects/transform_px4/PX4_output/src/drivers/optical_flow/paw3902/Kconfig


Reader found: 5 lines in /home/ljd/px4/PX4-Autopilot/src/drivers/optical_flow/pmw3901/Kconfig
call _transform_lines(lines from reader, input, configdefault dict info)
start transforming 5 input lines
    FILE LOG --------------------------------------------------------------
    Reader input                5 lines
    -----------------------------------------------------------------------
    All source without glob:    0
    All source using glob:      0
    All osource_keywords:       0
    All rsource_keywords:       0
    All orsource_keywords:      0
    SUM (r/or/o)source lines:   0
    All "option env" attr:      0
    -----------------------------------------------------------------------
    Transformer Output:         5 lines
    -----------------------------------------------------------------------
        Added new bc of def_*:           0
        Added new bc of glob:            0
        Added new bc of config_default:  0
        Added new bc of named choice:    0
        Removed bc of config_default:    0
        Removed bc of named choice:      0
        Removed no match for o(r)source: 0
        Removed optional choice attr:    0
        Removed bool     choice attr:    0
        Removed tristate choice attr:    0
Excel saved: /home/ljd/wsMA_prototyp/transform_projects/transform_px4/PX4_log/results6.xlsx
        Done writting 5 lines in /home/ljd/wsMA_prototyp/transform_projects/transform_px4/PX4_output/src/drivers/optical_flow/pmw3901/Kconfig


Reader found: 5 lines in /home/ljd/px4/PX4-Autopilot/src/drivers/optical_flow/px4flow/Kconfig
call _transform_lines(lines from reader, input, configdefault dict info)
start transforming 5 input lines
    FILE LOG --------------------------------------------------------------
    Reader input                5 lines
    -----------------------------------------------------------------------
    All source without glob:    0
    All source using glob:      0
    All osource_keywords:       0
    All rsource_keywords:       0
    All orsource_keywords:      0
    SUM (r/or/o)source lines:   0
    All "option env" attr:      0
    -----------------------------------------------------------------------
    Transformer Output:         5 lines
    -----------------------------------------------------------------------
        Added new bc of def_*:           0
        Added new bc of glob:            0
        Added new bc of config_default:  0
        Added new bc of named choice:    0
        Removed bc of config_default:    0
        Removed bc of named choice:      0
        Removed no match for o(r)source: 0
        Removed optional choice attr:    0
        Removed bool     choice attr:    0
        Removed tristate choice attr:    0
Excel saved: /home/ljd/wsMA_prototyp/transform_projects/transform_px4/PX4_log/results6.xlsx
        Done writting 5 lines in /home/ljd/wsMA_prototyp/transform_projects/transform_px4/PX4_output/src/drivers/optical_flow/px4flow/Kconfig


Reader found: 5 lines in /home/ljd/px4/PX4-Autopilot/src/drivers/optical_flow/thoneflow/Kconfig
call _transform_lines(lines from reader, input, configdefault dict info)
start transforming 5 input lines
    FILE LOG --------------------------------------------------------------
    Reader input                5 lines
    -----------------------------------------------------------------------
    All source without glob:    0
    All source using glob:      0
    All osource_keywords:       0
    All rsource_keywords:       0
    All orsource_keywords:      0
    SUM (r/or/o)source lines:   0
    All "option env" attr:      0
    -----------------------------------------------------------------------
    Transformer Output:         5 lines
    -----------------------------------------------------------------------
        Added new bc of def_*:           0
        Added new bc of glob:            0
        Added new bc of config_default:  0
        Added new bc of named choice:    0
        Removed bc of config_default:    0
        Removed bc of named choice:      0
        Removed no match for o(r)source: 0
        Removed optional choice attr:    0
        Removed bool     choice attr:    0
        Removed tristate choice attr:    0
Excel saved: /home/ljd/wsMA_prototyp/transform_projects/transform_px4/PX4_log/results6.xlsx
        Done writting 5 lines in /home/ljd/wsMA_prototyp/transform_projects/transform_px4/PX4_output/src/drivers/optical_flow/thoneflow/Kconfig


Reader found: 10 lines in /home/ljd/px4/PX4-Autopilot/src/drivers/osd/Kconfig
call _transform_lines(lines from reader, input, configdefault dict info)
start transforming 10 input lines
    GLOB LOG ----------------------------------------------------------------------------
    Resolve rsource: */Kconfig at line 9
      -> src/drivers/osd/atxxxx/Kconfig
      -> src/drivers/osd/msp_osd/Kconfig
    Files matching: 2 (using rsource)
    FILE LOG --------------------------------------------------------------
    Reader input                10 lines
    -----------------------------------------------------------------------
    All source without glob:    0
    All source using glob:      0
    All osource_keywords:       0
    All rsource_keywords:       1
    All orsource_keywords:      0
    SUM (r/or/o)source lines:   1
    All "option env" attr:      0
    -----------------------------------------------------------------------
    Transformer Output:         11 lines
    -----------------------------------------------------------------------
        Added new bc of def_*:           0
        Added new bc of glob:            1
        Added new bc of config_default:  0
        Added new bc of named choice:    0
        Removed bc of config_default:    0
        Removed bc of named choice:      0
        Removed no match for o(r)source: 0
        Removed optional choice attr:    0
        Removed bool     choice attr:    0
        Removed tristate choice attr:    0
Excel saved: /home/ljd/wsMA_prototyp/transform_projects/transform_px4/PX4_log/results6.xlsx
        Done writting 11 lines in /home/ljd/wsMA_prototyp/transform_projects/transform_px4/PX4_output/src/drivers/osd/Kconfig


Reader found: 5 lines in /home/ljd/px4/PX4-Autopilot/src/drivers/osd/atxxxx/Kconfig
call _transform_lines(lines from reader, input, configdefault dict info)
start transforming 5 input lines
    FILE LOG --------------------------------------------------------------
    Reader input                5 lines
    -----------------------------------------------------------------------
    All source without glob:    0
    All source using glob:      0
    All osource_keywords:       0
    All rsource_keywords:       0
    All orsource_keywords:      0
    SUM (r/or/o)source lines:   0
    All "option env" attr:      0
    -----------------------------------------------------------------------
    Transformer Output:         5 lines
    -----------------------------------------------------------------------
        Added new bc of def_*:           0
        Added new bc of glob:            0
        Added new bc of config_default:  0
        Added new bc of named choice:    0
        Removed bc of config_default:    0
        Removed bc of named choice:      0
        Removed no match for o(r)source: 0
        Removed optional choice attr:    0
        Removed bool     choice attr:    0
        Removed tristate choice attr:    0
Excel saved: /home/ljd/wsMA_prototyp/transform_projects/transform_px4/PX4_log/results6.xlsx
        Done writting 5 lines in /home/ljd/wsMA_prototyp/transform_projects/transform_px4/PX4_output/src/drivers/osd/atxxxx/Kconfig


Reader found: 12 lines in /home/ljd/px4/PX4-Autopilot/src/drivers/osd/msp_osd/Kconfig
call _transform_lines(lines from reader, input, configdefault dict info)
start transforming 12 input lines
    FILE LOG --------------------------------------------------------------
    Reader input                12 lines
    -----------------------------------------------------------------------
    All source without glob:    0
    All source using glob:      0
    All osource_keywords:       0
    All rsource_keywords:       0
    All orsource_keywords:      0
    SUM (r/or/o)source lines:   0
    All "option env" attr:      0
    -----------------------------------------------------------------------
    Transformer Output:         12 lines
    -----------------------------------------------------------------------
        Added new bc of def_*:           0
        Added new bc of glob:            0
        Added new bc of config_default:  0
        Added new bc of named choice:    0
        Removed bc of config_default:    0
        Removed bc of named choice:      0
        Removed no match for o(r)source: 0
        Removed optional choice attr:    0
        Removed bool     choice attr:    0
        Removed tristate choice attr:    0
Excel saved: /home/ljd/wsMA_prototyp/transform_projects/transform_px4/PX4_log/results6.xlsx
        Done writting 12 lines in /home/ljd/wsMA_prototyp/transform_projects/transform_px4/PX4_output/src/drivers/osd/msp_osd/Kconfig


Reader found: 21 lines in /home/ljd/px4/PX4-Autopilot/src/drivers/pca9685_pwm_out/Kconfig
call _transform_lines(lines from reader, input, configdefault dict info)
start transforming 21 input lines
    FILE LOG --------------------------------------------------------------
    Reader input                21 lines
    -----------------------------------------------------------------------
    All source without glob:    0
    All source using glob:      0
    All osource_keywords:       0
    All rsource_keywords:       0
    All orsource_keywords:      0
    SUM (r/or/o)source lines:   0
    All "option env" attr:      0
    -----------------------------------------------------------------------
    Transformer Output:         21 lines
    -----------------------------------------------------------------------
        Added new bc of def_*:           0
        Added new bc of glob:            0
        Added new bc of config_default:  0
        Added new bc of named choice:    0
        Removed bc of config_default:    0
        Removed bc of named choice:      0
        Removed no match for o(r)source: 0
        Removed optional choice attr:    0
        Removed bool     choice attr:    0
        Removed tristate choice attr:    0
Excel saved: /home/ljd/wsMA_prototyp/transform_projects/transform_px4/PX4_log/results6.xlsx
        Done writting 21 lines in /home/ljd/wsMA_prototyp/transform_projects/transform_px4/PX4_output/src/drivers/pca9685_pwm_out/Kconfig


Reader found: 3 lines in /home/ljd/px4/PX4-Autopilot/src/drivers/power_monitor/Kconfig
call _transform_lines(lines from reader, input, configdefault dict info)
start transforming 3 input lines
    GLOB LOG ----------------------------------------------------------------------------
    Resolve rsource: */Kconfig at line 2
      -> src/drivers/power_monitor/ina220/Kconfig
      -> src/drivers/power_monitor/ina226/Kconfig
      -> src/drivers/power_monitor/ina228/Kconfig
      -> src/drivers/power_monitor/ina238/Kconfig
      -> src/drivers/power_monitor/pm_selector_auterion/Kconfig
      -> src/drivers/power_monitor/voxlpm/Kconfig
    Files matching: 6 (using rsource)
    FILE LOG --------------------------------------------------------------
    Reader input                3 lines
    -----------------------------------------------------------------------
    All source without glob:    0
    All source using glob:      0
    All osource_keywords:       0
    All rsource_keywords:       1
    All orsource_keywords:      0
    SUM (r/or/o)source lines:   1
    All "option env" attr:      0
    -----------------------------------------------------------------------
    Transformer Output:         8 lines
    -----------------------------------------------------------------------
        Added new bc of def_*:           0
        Added new bc of glob:            5
        Added new bc of config_default:  0
        Added new bc of named choice:    0
        Removed bc of config_default:    0
        Removed bc of named choice:      0
        Removed no match for o(r)source: 0
        Removed optional choice attr:    0
        Removed bool     choice attr:    0
        Removed tristate choice attr:    0
Excel saved: /home/ljd/wsMA_prototyp/transform_projects/transform_px4/PX4_log/results6.xlsx
        Done writting 8 lines in /home/ljd/wsMA_prototyp/transform_projects/transform_px4/PX4_output/src/drivers/power_monitor/Kconfig


Reader found: 5 lines in /home/ljd/px4/PX4-Autopilot/src/drivers/power_monitor/ina220/Kconfig
call _transform_lines(lines from reader, input, configdefault dict info)
start transforming 5 input lines
    FILE LOG --------------------------------------------------------------
    Reader input                5 lines
    -----------------------------------------------------------------------
    All source without glob:    0
    All source using glob:      0
    All osource_keywords:       0
    All rsource_keywords:       0
    All orsource_keywords:      0
    SUM (r/or/o)source lines:   0
    All "option env" attr:      0
    -----------------------------------------------------------------------
    Transformer Output:         5 lines
    -----------------------------------------------------------------------
        Added new bc of def_*:           0
        Added new bc of glob:            0
        Added new bc of config_default:  0
        Added new bc of named choice:    0
        Removed bc of config_default:    0
        Removed bc of named choice:      0
        Removed no match for o(r)source: 0
        Removed optional choice attr:    0
        Removed bool     choice attr:    0
        Removed tristate choice attr:    0
Excel saved: /home/ljd/wsMA_prototyp/transform_projects/transform_px4/PX4_log/results6.xlsx
        Done writting 5 lines in /home/ljd/wsMA_prototyp/transform_projects/transform_px4/PX4_output/src/drivers/power_monitor/ina220/Kconfig


Reader found: 5 lines in /home/ljd/px4/PX4-Autopilot/src/drivers/power_monitor/ina226/Kconfig
call _transform_lines(lines from reader, input, configdefault dict info)
start transforming 5 input lines
    FILE LOG --------------------------------------------------------------
    Reader input                5 lines
    -----------------------------------------------------------------------
    All source without glob:    0
    All source using glob:      0
    All osource_keywords:       0
    All rsource_keywords:       0
    All orsource_keywords:      0
    SUM (r/or/o)source lines:   0
    All "option env" attr:      0
    -----------------------------------------------------------------------
    Transformer Output:         5 lines
    -----------------------------------------------------------------------
        Added new bc of def_*:           0
        Added new bc of glob:            0
        Added new bc of config_default:  0
        Added new bc of named choice:    0
        Removed bc of config_default:    0
        Removed bc of named choice:      0
        Removed no match for o(r)source: 0
        Removed optional choice attr:    0
        Removed bool     choice attr:    0
        Removed tristate choice attr:    0
Excel saved: /home/ljd/wsMA_prototyp/transform_projects/transform_px4/PX4_log/results6.xlsx
        Done writting 5 lines in /home/ljd/wsMA_prototyp/transform_projects/transform_px4/PX4_output/src/drivers/power_monitor/ina226/Kconfig


Reader found: 5 lines in /home/ljd/px4/PX4-Autopilot/src/drivers/power_monitor/ina228/Kconfig
call _transform_lines(lines from reader, input, configdefault dict info)
start transforming 5 input lines
    FILE LOG --------------------------------------------------------------
    Reader input                5 lines
    -----------------------------------------------------------------------
    All source without glob:    0
    All source using glob:      0
    All osource_keywords:       0
    All rsource_keywords:       0
    All orsource_keywords:      0
    SUM (r/or/o)source lines:   0
    All "option env" attr:      0
    -----------------------------------------------------------------------
    Transformer Output:         5 lines
    -----------------------------------------------------------------------
        Added new bc of def_*:           0
        Added new bc of glob:            0
        Added new bc of config_default:  0
        Added new bc of named choice:    0
        Removed bc of config_default:    0
        Removed bc of named choice:      0
        Removed no match for o(r)source: 0
        Removed optional choice attr:    0
        Removed bool     choice attr:    0
        Removed tristate choice attr:    0
Excel saved: /home/ljd/wsMA_prototyp/transform_projects/transform_px4/PX4_log/results6.xlsx
        Done writting 5 lines in /home/ljd/wsMA_prototyp/transform_projects/transform_px4/PX4_output/src/drivers/power_monitor/ina228/Kconfig


Reader found: 5 lines in /home/ljd/px4/PX4-Autopilot/src/drivers/power_monitor/ina238/Kconfig
call _transform_lines(lines from reader, input, configdefault dict info)
start transforming 5 input lines
    FILE LOG --------------------------------------------------------------
    Reader input                5 lines
    -----------------------------------------------------------------------
    All source without glob:    0
    All source using glob:      0
    All osource_keywords:       0
    All rsource_keywords:       0
    All orsource_keywords:      0
    SUM (r/or/o)source lines:   0
    All "option env" attr:      0
    -----------------------------------------------------------------------
    Transformer Output:         5 lines
    -----------------------------------------------------------------------
        Added new bc of def_*:           0
        Added new bc of glob:            0
        Added new bc of config_default:  0
        Added new bc of named choice:    0
        Removed bc of config_default:    0
        Removed bc of named choice:      0
        Removed no match for o(r)source: 0
        Removed optional choice attr:    0
        Removed bool     choice attr:    0
        Removed tristate choice attr:    0
Excel saved: /home/ljd/wsMA_prototyp/transform_projects/transform_px4/PX4_log/results6.xlsx
        Done writting 5 lines in /home/ljd/wsMA_prototyp/transform_projects/transform_px4/PX4_output/src/drivers/power_monitor/ina238/Kconfig


Reader found: 5 lines in /home/ljd/px4/PX4-Autopilot/src/drivers/power_monitor/pm_selector_auterion/Kconfig
call _transform_lines(lines from reader, input, configdefault dict info)
start transforming 5 input lines
    FILE LOG --------------------------------------------------------------
    Reader input                5 lines
    -----------------------------------------------------------------------
    All source without glob:    0
    All source using glob:      0
    All osource_keywords:       0
    All rsource_keywords:       0
    All orsource_keywords:      0
    SUM (r/or/o)source lines:   0
    All "option env" attr:      0
    -----------------------------------------------------------------------
    Transformer Output:         5 lines
    -----------------------------------------------------------------------
        Added new bc of def_*:           0
        Added new bc of glob:            0
        Added new bc of config_default:  0
        Added new bc of named choice:    0
        Removed bc of config_default:    0
        Removed bc of named choice:      0
        Removed no match for o(r)source: 0
        Removed optional choice attr:    0
        Removed bool     choice attr:    0
        Removed tristate choice attr:    0
Excel saved: /home/ljd/wsMA_prototyp/transform_projects/transform_px4/PX4_log/results6.xlsx
        Done writting 5 lines in /home/ljd/wsMA_prototyp/transform_projects/transform_px4/PX4_output/src/drivers/power_monitor/pm_selector_auterion/Kconfig


Reader found: 5 lines in /home/ljd/px4/PX4-Autopilot/src/drivers/power_monitor/voxlpm/Kconfig
call _transform_lines(lines from reader, input, configdefault dict info)
start transforming 5 input lines
    FILE LOG --------------------------------------------------------------
    Reader input                5 lines
    -----------------------------------------------------------------------
    All source without glob:    0
    All source using glob:      0
    All osource_keywords:       0
    All rsource_keywords:       0
    All orsource_keywords:      0
    SUM (r/or/o)source lines:   0
    All "option env" attr:      0
    -----------------------------------------------------------------------
    Transformer Output:         5 lines
    -----------------------------------------------------------------------
        Added new bc of def_*:           0
        Added new bc of glob:            0
        Added new bc of config_default:  0
        Added new bc of named choice:    0
        Removed bc of config_default:    0
        Removed bc of named choice:      0
        Removed no match for o(r)source: 0
        Removed optional choice attr:    0
        Removed bool     choice attr:    0
        Removed tristate choice attr:    0
Excel saved: /home/ljd/wsMA_prototyp/transform_projects/transform_px4/PX4_log/results6.xlsx
        Done writting 5 lines in /home/ljd/wsMA_prototyp/transform_projects/transform_px4/PX4_output/src/drivers/power_monitor/voxlpm/Kconfig


Reader found: 5 lines in /home/ljd/px4/PX4-Autopilot/src/drivers/pps_capture/Kconfig
call _transform_lines(lines from reader, input, configdefault dict info)
start transforming 5 input lines
    FILE LOG --------------------------------------------------------------
    Reader input                5 lines
    -----------------------------------------------------------------------
    All source without glob:    0
    All source using glob:      0
    All osource_keywords:       0
    All rsource_keywords:       0
    All orsource_keywords:      0
    SUM (r/or/o)source lines:   0
    All "option env" attr:      0
    -----------------------------------------------------------------------
    Transformer Output:         5 lines
    -----------------------------------------------------------------------
        Added new bc of def_*:           0
        Added new bc of glob:            0
        Added new bc of config_default:  0
        Added new bc of named choice:    0
        Removed bc of config_default:    0
        Removed bc of named choice:      0
        Removed no match for o(r)source: 0
        Removed optional choice attr:    0
        Removed bool     choice attr:    0
        Removed tristate choice attr:    0
Excel saved: /home/ljd/wsMA_prototyp/transform_projects/transform_px4/PX4_log/results6.xlsx
        Done writting 5 lines in /home/ljd/wsMA_prototyp/transform_projects/transform_px4/PX4_output/src/drivers/pps_capture/Kconfig


Reader found: 5 lines in /home/ljd/px4/PX4-Autopilot/src/drivers/pwm_input/Kconfig
call _transform_lines(lines from reader, input, configdefault dict info)
start transforming 5 input lines
    FILE LOG --------------------------------------------------------------
    Reader input                5 lines
    -----------------------------------------------------------------------
    All source without glob:    0
    All source using glob:      0
    All osource_keywords:       0
    All rsource_keywords:       0
    All orsource_keywords:      0
    SUM (r/or/o)source lines:   0
    All "option env" attr:      0
    -----------------------------------------------------------------------
    Transformer Output:         5 lines
    -----------------------------------------------------------------------
        Added new bc of def_*:           0
        Added new bc of glob:            0
        Added new bc of config_default:  0
        Added new bc of named choice:    0
        Removed bc of config_default:    0
        Removed bc of named choice:      0
        Removed no match for o(r)source: 0
        Removed optional choice attr:    0
        Removed bool     choice attr:    0
        Removed tristate choice attr:    0
Excel saved: /home/ljd/wsMA_prototyp/transform_projects/transform_px4/PX4_log/results6.xlsx
        Done writting 5 lines in /home/ljd/wsMA_prototyp/transform_projects/transform_px4/PX4_output/src/drivers/pwm_input/Kconfig


Reader found: 5 lines in /home/ljd/px4/PX4-Autopilot/src/drivers/pwm_out/Kconfig
call _transform_lines(lines from reader, input, configdefault dict info)
start transforming 5 input lines
    FILE LOG --------------------------------------------------------------
    Reader input                5 lines
    -----------------------------------------------------------------------
    All source without glob:    0
    All source using glob:      0
    All osource_keywords:       0
    All rsource_keywords:       0
    All orsource_keywords:      0
    SUM (r/or/o)source lines:   0
    All "option env" attr:      0
    -----------------------------------------------------------------------
    Transformer Output:         5 lines
    -----------------------------------------------------------------------
        Added new bc of def_*:           0
        Added new bc of glob:            0
        Added new bc of config_default:  0
        Added new bc of named choice:    0
        Removed bc of config_default:    0
        Removed bc of named choice:      0
        Removed no match for o(r)source: 0
        Removed optional choice attr:    0
        Removed bool     choice attr:    0
        Removed tristate choice attr:    0
Excel saved: /home/ljd/wsMA_prototyp/transform_projects/transform_px4/PX4_log/results6.xlsx
        Done writting 5 lines in /home/ljd/wsMA_prototyp/transform_projects/transform_px4/PX4_output/src/drivers/pwm_out/Kconfig


Reader found: 6 lines in /home/ljd/px4/PX4-Autopilot/src/drivers/px4io/Kconfig
call _transform_lines(lines from reader, input, configdefault dict info)
start transforming 6 input lines
    FILE LOG --------------------------------------------------------------
    Reader input                6 lines
    -----------------------------------------------------------------------
    All source without glob:    0
    All source using glob:      0
    All osource_keywords:       0
    All rsource_keywords:       0
    All orsource_keywords:      0
    SUM (r/or/o)source lines:   0
    All "option env" attr:      0
    -----------------------------------------------------------------------
    Transformer Output:         6 lines
    -----------------------------------------------------------------------
        Added new bc of def_*:           0
        Added new bc of glob:            0
        Added new bc of config_default:  0
        Added new bc of named choice:    0
        Removed bc of config_default:    0
        Removed bc of named choice:      0
        Removed no match for o(r)source: 0
        Removed optional choice attr:    0
        Removed bool     choice attr:    0
        Removed tristate choice attr:    0
Excel saved: /home/ljd/wsMA_prototyp/transform_projects/transform_px4/PX4_log/results6.xlsx
        Done writting 6 lines in /home/ljd/wsMA_prototyp/transform_projects/transform_px4/PX4_output/src/drivers/px4io/Kconfig


Reader found: 4 lines in /home/ljd/px4/PX4-Autopilot/src/drivers/qshell/Kconfig
call _transform_lines(lines from reader, input, configdefault dict info)
start transforming 4 input lines
    GLOB LOG ----------------------------------------------------------------------------
    Resolve rsource: */Kconfig at line 3
      -> src/drivers/qshell/posix/Kconfig
      -> src/drivers/qshell/qurt/Kconfig
    Files matching: 2 (using rsource)
    FILE LOG --------------------------------------------------------------
    Reader input                4 lines
    -----------------------------------------------------------------------
    All source without glob:    0
    All source using glob:      0
    All osource_keywords:       0
    All rsource_keywords:       1
    All orsource_keywords:      0
    SUM (r/or/o)source lines:   1
    All "option env" attr:      0
    -----------------------------------------------------------------------
    Transformer Output:         5 lines
    -----------------------------------------------------------------------
        Added new bc of def_*:           0
        Added new bc of glob:            1
        Added new bc of config_default:  0
        Added new bc of named choice:    0
        Removed bc of config_default:    0
        Removed bc of named choice:      0
        Removed no match for o(r)source: 0
        Removed optional choice attr:    0
        Removed bool     choice attr:    0
        Removed tristate choice attr:    0
Excel saved: /home/ljd/wsMA_prototyp/transform_projects/transform_px4/PX4_log/results6.xlsx
        Done writting 5 lines in /home/ljd/wsMA_prototyp/transform_projects/transform_px4/PX4_output/src/drivers/qshell/Kconfig


Reader found: 6 lines in /home/ljd/px4/PX4-Autopilot/src/drivers/qshell/posix/Kconfig
call _transform_lines(lines from reader, input, configdefault dict info)
start transforming 6 input lines
    FILE LOG --------------------------------------------------------------
    Reader input                6 lines
    -----------------------------------------------------------------------
    All source without glob:    0
    All source using glob:      0
    All osource_keywords:       0
    All rsource_keywords:       0
    All orsource_keywords:      0
    SUM (r/or/o)source lines:   0
    All "option env" attr:      0
    -----------------------------------------------------------------------
    Transformer Output:         6 lines
    -----------------------------------------------------------------------
        Added new bc of def_*:           0
        Added new bc of glob:            0
        Added new bc of config_default:  0
        Added new bc of named choice:    0
        Removed bc of config_default:    0
        Removed bc of named choice:      0
        Removed no match for o(r)source: 0
        Removed optional choice attr:    0
        Removed bool     choice attr:    0
        Removed tristate choice attr:    0
Excel saved: /home/ljd/wsMA_prototyp/transform_projects/transform_px4/PX4_log/results6.xlsx
        Done writting 6 lines in /home/ljd/wsMA_prototyp/transform_projects/transform_px4/PX4_output/src/drivers/qshell/posix/Kconfig


Reader found: 6 lines in /home/ljd/px4/PX4-Autopilot/src/drivers/qshell/qurt/Kconfig
call _transform_lines(lines from reader, input, configdefault dict info)
start transforming 6 input lines
    FILE LOG --------------------------------------------------------------
    Reader input                6 lines
    -----------------------------------------------------------------------
    All source without glob:    0
    All source using glob:      0
    All osource_keywords:       0
    All rsource_keywords:       0
    All orsource_keywords:      0
    SUM (r/or/o)source lines:   0
    All "option env" attr:      0
    -----------------------------------------------------------------------
    Transformer Output:         6 lines
    -----------------------------------------------------------------------
        Added new bc of def_*:           0
        Added new bc of glob:            0
        Added new bc of config_default:  0
        Added new bc of named choice:    0
        Removed bc of config_default:    0
        Removed bc of named choice:      0
        Removed no match for o(r)source: 0
        Removed optional choice attr:    0
        Removed bool     choice attr:    0
        Removed tristate choice attr:    0
Excel saved: /home/ljd/wsMA_prototyp/transform_projects/transform_px4/PX4_log/results6.xlsx
        Done writting 6 lines in /home/ljd/wsMA_prototyp/transform_projects/transform_px4/PX4_output/src/drivers/qshell/qurt/Kconfig


Reader found: 12 lines in /home/ljd/px4/PX4-Autopilot/src/drivers/rc/Kconfig
call _transform_lines(lines from reader, input, configdefault dict info)
start transforming 12 input lines
    GLOB LOG ----------------------------------------------------------------------------
    Resolve rsource: */Kconfig at line 11
      -> src/drivers/rc/crsf_rc/Kconfig
      -> src/drivers/rc/dsm_rc/Kconfig
      -> src/drivers/rc/ghst_rc/Kconfig
      -> src/drivers/rc/sbus_rc/Kconfig
    Files matching: 4 (using rsource)
    FILE LOG --------------------------------------------------------------
    Reader input                12 lines
    -----------------------------------------------------------------------
    All source without glob:    0
    All source using glob:      0
    All osource_keywords:       0
    All rsource_keywords:       1
    All orsource_keywords:      0
    SUM (r/or/o)source lines:   1
    All "option env" attr:      0
    -----------------------------------------------------------------------
    Transformer Output:         15 lines
    -----------------------------------------------------------------------
        Added new bc of def_*:           0
        Added new bc of glob:            3
        Added new bc of config_default:  0
        Added new bc of named choice:    0
        Removed bc of config_default:    0
        Removed bc of named choice:      0
        Removed no match for o(r)source: 0
        Removed optional choice attr:    0
        Removed bool     choice attr:    0
        Removed tristate choice attr:    0
Excel saved: /home/ljd/wsMA_prototyp/transform_projects/transform_px4/PX4_log/results6.xlsx
        Done writting 15 lines in /home/ljd/wsMA_prototyp/transform_projects/transform_px4/PX4_output/src/drivers/rc/Kconfig


Reader found: 15 lines in /home/ljd/px4/PX4-Autopilot/src/drivers/rc/crsf_rc/Kconfig
call _transform_lines(lines from reader, input, configdefault dict info)
start transforming 15 input lines
    FILE LOG --------------------------------------------------------------
    Reader input                15 lines
    -----------------------------------------------------------------------
    All source without glob:    0
    All source using glob:      0
    All osource_keywords:       0
    All rsource_keywords:       0
    All orsource_keywords:      0
    SUM (r/or/o)source lines:   0
    All "option env" attr:      0
    -----------------------------------------------------------------------
    Transformer Output:         15 lines
    -----------------------------------------------------------------------
        Added new bc of def_*:           0
        Added new bc of glob:            0
        Added new bc of config_default:  0
        Added new bc of named choice:    0
        Removed bc of config_default:    0
        Removed bc of named choice:      0
        Removed no match for o(r)source: 0
        Removed optional choice attr:    0
        Removed bool     choice attr:    0
        Removed tristate choice attr:    0
Excel saved: /home/ljd/wsMA_prototyp/transform_projects/transform_px4/PX4_log/results6.xlsx
        Done writting 15 lines in /home/ljd/wsMA_prototyp/transform_projects/transform_px4/PX4_output/src/drivers/rc/crsf_rc/Kconfig


Reader found: 5 lines in /home/ljd/px4/PX4-Autopilot/src/drivers/rc/dsm_rc/Kconfig
call _transform_lines(lines from reader, input, configdefault dict info)
start transforming 5 input lines
    FILE LOG --------------------------------------------------------------
    Reader input                5 lines
    -----------------------------------------------------------------------
    All source without glob:    0
    All source using glob:      0
    All osource_keywords:       0
    All rsource_keywords:       0
    All orsource_keywords:      0
    SUM (r/or/o)source lines:   0
    All "option env" attr:      0
    -----------------------------------------------------------------------
    Transformer Output:         5 lines
    -----------------------------------------------------------------------
        Added new bc of def_*:           0
        Added new bc of glob:            0
        Added new bc of config_default:  0
        Added new bc of named choice:    0
        Removed bc of config_default:    0
        Removed bc of named choice:      0
        Removed no match for o(r)source: 0
        Removed optional choice attr:    0
        Removed bool     choice attr:    0
        Removed tristate choice attr:    0
Excel saved: /home/ljd/wsMA_prototyp/transform_projects/transform_px4/PX4_log/results6.xlsx
        Done writting 5 lines in /home/ljd/wsMA_prototyp/transform_projects/transform_px4/PX4_output/src/drivers/rc/dsm_rc/Kconfig


Reader found: 5 lines in /home/ljd/px4/PX4-Autopilot/src/drivers/rc/ghst_rc/Kconfig
call _transform_lines(lines from reader, input, configdefault dict info)
start transforming 5 input lines
    FILE LOG --------------------------------------------------------------
    Reader input                5 lines
    -----------------------------------------------------------------------
    All source without glob:    0
    All source using glob:      0
    All osource_keywords:       0
    All rsource_keywords:       0
    All orsource_keywords:      0
    SUM (r/or/o)source lines:   0
    All "option env" attr:      0
    -----------------------------------------------------------------------
    Transformer Output:         5 lines
    -----------------------------------------------------------------------
        Added new bc of def_*:           0
        Added new bc of glob:            0
        Added new bc of config_default:  0
        Added new bc of named choice:    0
        Removed bc of config_default:    0
        Removed bc of named choice:      0
        Removed no match for o(r)source: 0
        Removed optional choice attr:    0
        Removed bool     choice attr:    0
        Removed tristate choice attr:    0
Excel saved: /home/ljd/wsMA_prototyp/transform_projects/transform_px4/PX4_log/results6.xlsx
        Done writting 5 lines in /home/ljd/wsMA_prototyp/transform_projects/transform_px4/PX4_output/src/drivers/rc/ghst_rc/Kconfig


Reader found: 5 lines in /home/ljd/px4/PX4-Autopilot/src/drivers/rc/sbus_rc/Kconfig
call _transform_lines(lines from reader, input, configdefault dict info)
start transforming 5 input lines
    FILE LOG --------------------------------------------------------------
    Reader input                5 lines
    -----------------------------------------------------------------------
    All source without glob:    0
    All source using glob:      0
    All osource_keywords:       0
    All rsource_keywords:       0
    All orsource_keywords:      0
    SUM (r/or/o)source lines:   0
    All "option env" attr:      0
    -----------------------------------------------------------------------
    Transformer Output:         5 lines
    -----------------------------------------------------------------------
        Added new bc of def_*:           0
        Added new bc of glob:            0
        Added new bc of config_default:  0
        Added new bc of named choice:    0
        Removed bc of config_default:    0
        Removed bc of named choice:      0
        Removed no match for o(r)source: 0
        Removed optional choice attr:    0
        Removed bool     choice attr:    0
        Removed tristate choice attr:    0
Excel saved: /home/ljd/wsMA_prototyp/transform_projects/transform_px4/PX4_log/results6.xlsx
        Done writting 5 lines in /home/ljd/wsMA_prototyp/transform_projects/transform_px4/PX4_output/src/drivers/rc/sbus_rc/Kconfig


Reader found: 5 lines in /home/ljd/px4/PX4-Autopilot/src/drivers/rc_input/Kconfig
call _transform_lines(lines from reader, input, configdefault dict info)
start transforming 5 input lines
    FILE LOG --------------------------------------------------------------
    Reader input                5 lines
    -----------------------------------------------------------------------
    All source without glob:    0
    All source using glob:      0
    All osource_keywords:       0
    All rsource_keywords:       0
    All orsource_keywords:      0
    SUM (r/or/o)source lines:   0
    All "option env" attr:      0
    -----------------------------------------------------------------------
    Transformer Output:         5 lines
    -----------------------------------------------------------------------
        Added new bc of def_*:           0
        Added new bc of glob:            0
        Added new bc of config_default:  0
        Added new bc of named choice:    0
        Removed bc of config_default:    0
        Removed bc of named choice:      0
        Removed no match for o(r)source: 0
        Removed optional choice attr:    0
        Removed bool     choice attr:    0
        Removed tristate choice attr:    0
Excel saved: /home/ljd/wsMA_prototyp/transform_projects/transform_px4/PX4_log/results6.xlsx
        Done writting 5 lines in /home/ljd/wsMA_prototyp/transform_projects/transform_px4/PX4_output/src/drivers/rc_input/Kconfig


Reader found: 5 lines in /home/ljd/px4/PX4-Autopilot/src/drivers/roboclaw/Kconfig
call _transform_lines(lines from reader, input, configdefault dict info)
start transforming 5 input lines
    FILE LOG --------------------------------------------------------------
    Reader input                5 lines
    -----------------------------------------------------------------------
    All source without glob:    0
    All source using glob:      0
    All osource_keywords:       0
    All rsource_keywords:       0
    All orsource_keywords:      0
    SUM (r/or/o)source lines:   0
    All "option env" attr:      0
    -----------------------------------------------------------------------
    Transformer Output:         5 lines
    -----------------------------------------------------------------------
        Added new bc of def_*:           0
        Added new bc of glob:            0
        Added new bc of config_default:  0
        Added new bc of named choice:    0
        Removed bc of config_default:    0
        Removed bc of named choice:      0
        Removed no match for o(r)source: 0
        Removed optional choice attr:    0
        Removed bool     choice attr:    0
        Removed tristate choice attr:    0
Excel saved: /home/ljd/wsMA_prototyp/transform_projects/transform_px4/PX4_log/results6.xlsx
        Done writting 5 lines in /home/ljd/wsMA_prototyp/transform_projects/transform_px4/PX4_output/src/drivers/roboclaw/Kconfig


Reader found: 5 lines in /home/ljd/px4/PX4-Autopilot/src/drivers/rpi_rc_in/Kconfig
call _transform_lines(lines from reader, input, configdefault dict info)
start transforming 5 input lines
    FILE LOG --------------------------------------------------------------
    Reader input                5 lines
    -----------------------------------------------------------------------
    All source without glob:    0
    All source using glob:      0
    All osource_keywords:       0
    All rsource_keywords:       0
    All orsource_keywords:      0
    SUM (r/or/o)source lines:   0
    All "option env" attr:      0
    -----------------------------------------------------------------------
    Transformer Output:         5 lines
    -----------------------------------------------------------------------
        Added new bc of def_*:           0
        Added new bc of glob:            0
        Added new bc of config_default:  0
        Added new bc of named choice:    0
        Removed bc of config_default:    0
        Removed bc of named choice:      0
        Removed no match for o(r)source: 0
        Removed optional choice attr:    0
        Removed bool     choice attr:    0
        Removed tristate choice attr:    0
Excel saved: /home/ljd/wsMA_prototyp/transform_projects/transform_px4/PX4_log/results6.xlsx
        Done writting 5 lines in /home/ljd/wsMA_prototyp/transform_projects/transform_px4/PX4_output/src/drivers/rpi_rc_in/Kconfig


Reader found: 10 lines in /home/ljd/px4/PX4-Autopilot/src/drivers/rpm/Kconfig
call _transform_lines(lines from reader, input, configdefault dict info)
start transforming 10 input lines
    GLOB LOG ----------------------------------------------------------------------------
    Resolve rsource: */Kconfig at line 9
      -> src/drivers/rpm/pcf8583/Kconfig
      -> src/drivers/rpm/rpm_simulator/Kconfig
    Files matching: 2 (using rsource)
    FILE LOG --------------------------------------------------------------
    Reader input                10 lines
    -----------------------------------------------------------------------
    All source without glob:    0
    All source using glob:      0
    All osource_keywords:       0
    All rsource_keywords:       1
    All orsource_keywords:      0
    SUM (r/or/o)source lines:   1
    All "option env" attr:      0
    -----------------------------------------------------------------------
    Transformer Output:         11 lines
    -----------------------------------------------------------------------
        Added new bc of def_*:           0
        Added new bc of glob:            1
        Added new bc of config_default:  0
        Added new bc of named choice:    0
        Removed bc of config_default:    0
        Removed bc of named choice:      0
        Removed no match for o(r)source: 0
        Removed optional choice attr:    0
        Removed bool     choice attr:    0
        Removed tristate choice attr:    0
Excel saved: /home/ljd/wsMA_prototyp/transform_projects/transform_px4/PX4_log/results6.xlsx
        Done writting 11 lines in /home/ljd/wsMA_prototyp/transform_projects/transform_px4/PX4_output/src/drivers/rpm/Kconfig


Reader found: 5 lines in /home/ljd/px4/PX4-Autopilot/src/drivers/rpm/pcf8583/Kconfig
call _transform_lines(lines from reader, input, configdefault dict info)
start transforming 5 input lines
    FILE LOG --------------------------------------------------------------
    Reader input                5 lines
    -----------------------------------------------------------------------
    All source without glob:    0
    All source using glob:      0
    All osource_keywords:       0
    All rsource_keywords:       0
    All orsource_keywords:      0
    SUM (r/or/o)source lines:   0
    All "option env" attr:      0
    -----------------------------------------------------------------------
    Transformer Output:         5 lines
    -----------------------------------------------------------------------
        Added new bc of def_*:           0
        Added new bc of glob:            0
        Added new bc of config_default:  0
        Added new bc of named choice:    0
        Removed bc of config_default:    0
        Removed bc of named choice:      0
        Removed no match for o(r)source: 0
        Removed optional choice attr:    0
        Removed bool     choice attr:    0
        Removed tristate choice attr:    0
Excel saved: /home/ljd/wsMA_prototyp/transform_projects/transform_px4/PX4_log/results6.xlsx
        Done writting 5 lines in /home/ljd/wsMA_prototyp/transform_projects/transform_px4/PX4_output/src/drivers/rpm/pcf8583/Kconfig


Reader found: 5 lines in /home/ljd/px4/PX4-Autopilot/src/drivers/rpm/rpm_simulator/Kconfig
call _transform_lines(lines from reader, input, configdefault dict info)
start transforming 5 input lines
    FILE LOG --------------------------------------------------------------
    Reader input                5 lines
    -----------------------------------------------------------------------
    All source without glob:    0
    All source using glob:      0
    All osource_keywords:       0
    All rsource_keywords:       0
    All orsource_keywords:      0
    SUM (r/or/o)source lines:   0
    All "option env" attr:      0
    -----------------------------------------------------------------------
    Transformer Output:         5 lines
    -----------------------------------------------------------------------
        Added new bc of def_*:           0
        Added new bc of glob:            0
        Added new bc of config_default:  0
        Added new bc of named choice:    0
        Removed bc of config_default:    0
        Removed bc of named choice:      0
        Removed no match for o(r)source: 0
        Removed optional choice attr:    0
        Removed bool     choice attr:    0
        Removed tristate choice attr:    0
Excel saved: /home/ljd/wsMA_prototyp/transform_projects/transform_px4/PX4_log/results6.xlsx
        Done writting 5 lines in /home/ljd/wsMA_prototyp/transform_projects/transform_px4/PX4_output/src/drivers/rpm/rpm_simulator/Kconfig


Reader found: 5 lines in /home/ljd/px4/PX4-Autopilot/src/drivers/rpm_capture/Kconfig
call _transform_lines(lines from reader, input, configdefault dict info)
start transforming 5 input lines
    FILE LOG --------------------------------------------------------------
    Reader input                5 lines
    -----------------------------------------------------------------------
    All source without glob:    0
    All source using glob:      0
    All osource_keywords:       0
    All rsource_keywords:       0
    All orsource_keywords:      0
    SUM (r/or/o)source lines:   0
    All "option env" attr:      0
    -----------------------------------------------------------------------
    Transformer Output:         5 lines
    -----------------------------------------------------------------------
        Added new bc of def_*:           0
        Added new bc of glob:            0
        Added new bc of config_default:  0
        Added new bc of named choice:    0
        Removed bc of config_default:    0
        Removed bc of named choice:      0
        Removed no match for o(r)source: 0
        Removed optional choice attr:    0
        Removed bool     choice attr:    0
        Removed tristate choice attr:    0
Excel saved: /home/ljd/wsMA_prototyp/transform_projects/transform_px4/PX4_log/results6.xlsx
        Done writting 5 lines in /home/ljd/wsMA_prototyp/transform_projects/transform_px4/PX4_output/src/drivers/rpm_capture/Kconfig


Reader found: 5 lines in /home/ljd/px4/PX4-Autopilot/src/drivers/safety_button/Kconfig
call _transform_lines(lines from reader, input, configdefault dict info)
start transforming 5 input lines
    FILE LOG --------------------------------------------------------------
    Reader input                5 lines
    -----------------------------------------------------------------------
    All source without glob:    0
    All source using glob:      0
    All osource_keywords:       0
    All rsource_keywords:       0
    All orsource_keywords:      0
    SUM (r/or/o)source lines:   0
    All "option env" attr:      0
    -----------------------------------------------------------------------
    Transformer Output:         5 lines
    -----------------------------------------------------------------------
        Added new bc of def_*:           0
        Added new bc of glob:            0
        Added new bc of config_default:  0
        Added new bc of named choice:    0
        Removed bc of config_default:    0
        Removed bc of named choice:      0
        Removed no match for o(r)source: 0
        Removed optional choice attr:    0
        Removed bool     choice attr:    0
        Removed tristate choice attr:    0
Excel saved: /home/ljd/wsMA_prototyp/transform_projects/transform_px4/PX4_log/results6.xlsx
        Done writting 5 lines in /home/ljd/wsMA_prototyp/transform_projects/transform_px4/PX4_output/src/drivers/safety_button/Kconfig


Reader found: 3 lines in /home/ljd/px4/PX4-Autopilot/src/drivers/smart_battery/Kconfig
call _transform_lines(lines from reader, input, configdefault dict info)
start transforming 3 input lines
    GLOB LOG ----------------------------------------------------------------------------
    Resolve rsource: */Kconfig at line 2
      -> src/drivers/smart_battery/batmon/Kconfig
    Files matching: 1 (using rsource)
    FILE LOG --------------------------------------------------------------
    Reader input                3 lines
    -----------------------------------------------------------------------
    All source without glob:    0
    All source using glob:      0
    All osource_keywords:       0
    All rsource_keywords:       1
    All orsource_keywords:      0
    SUM (r/or/o)source lines:   1
    All "option env" attr:      0
    -----------------------------------------------------------------------
    Transformer Output:         3 lines
    -----------------------------------------------------------------------
        Added new bc of def_*:           0
        Added new bc of glob:            0
        Added new bc of config_default:  0
        Added new bc of named choice:    0
        Removed bc of config_default:    0
        Removed bc of named choice:      0
        Removed no match for o(r)source: 0
        Removed optional choice attr:    0
        Removed bool     choice attr:    0
        Removed tristate choice attr:    0
Excel saved: /home/ljd/wsMA_prototyp/transform_projects/transform_px4/PX4_log/results6.xlsx
        Done writting 3 lines in /home/ljd/wsMA_prototyp/transform_projects/transform_px4/PX4_output/src/drivers/smart_battery/Kconfig


Reader found: 5 lines in /home/ljd/px4/PX4-Autopilot/src/drivers/smart_battery/batmon/Kconfig
call _transform_lines(lines from reader, input, configdefault dict info)
start transforming 5 input lines
    FILE LOG --------------------------------------------------------------
    Reader input                5 lines
    -----------------------------------------------------------------------
    All source without glob:    0
    All source using glob:      0
    All osource_keywords:       0
    All rsource_keywords:       0
    All orsource_keywords:      0
    SUM (r/or/o)source lines:   0
    All "option env" attr:      0
    -----------------------------------------------------------------------
    Transformer Output:         5 lines
    -----------------------------------------------------------------------
        Added new bc of def_*:           0
        Added new bc of glob:            0
        Added new bc of config_default:  0
        Added new bc of named choice:    0
        Removed bc of config_default:    0
        Removed bc of named choice:      0
        Removed no match for o(r)source: 0
        Removed optional choice attr:    0
        Removed bool     choice attr:    0
        Removed tristate choice attr:    0
Excel saved: /home/ljd/wsMA_prototyp/transform_projects/transform_px4/PX4_log/results6.xlsx
        Done writting 5 lines in /home/ljd/wsMA_prototyp/transform_projects/transform_px4/PX4_output/src/drivers/smart_battery/batmon/Kconfig


Reader found: 23 lines in /home/ljd/px4/PX4-Autopilot/src/drivers/stub_keystore/Kconfig
call _transform_lines(lines from reader, input, configdefault dict info)
start transforming 23 input lines
    FILE LOG --------------------------------------------------------------
    Reader input                23 lines
    -----------------------------------------------------------------------
    All source without glob:    0
    All source using glob:      0
    All osource_keywords:       0
    All rsource_keywords:       0
    All orsource_keywords:      0
    SUM (r/or/o)source lines:   0
    All "option env" attr:      0
    -----------------------------------------------------------------------
    Transformer Output:         23 lines
    -----------------------------------------------------------------------
        Added new bc of def_*:           0
        Added new bc of glob:            0
        Added new bc of config_default:  0
        Added new bc of named choice:    0
        Removed bc of config_default:    0
        Removed bc of named choice:      0
        Removed no match for o(r)source: 0
        Removed optional choice attr:    0
        Removed bool     choice attr:    0
        Removed tristate choice attr:    0
Excel saved: /home/ljd/wsMA_prototyp/transform_projects/transform_px4/PX4_log/results6.xlsx
        Done writting 23 lines in /home/ljd/wsMA_prototyp/transform_projects/transform_px4/PX4_output/src/drivers/stub_keystore/Kconfig


Reader found: 6 lines in /home/ljd/px4/PX4-Autopilot/src/drivers/sw_crypto/Kconfig
call _transform_lines(lines from reader, input, configdefault dict info)
start transforming 6 input lines
    FILE LOG --------------------------------------------------------------
    Reader input                6 lines
    -----------------------------------------------------------------------
    All source without glob:    0
    All source using glob:      0
    All osource_keywords:       0
    All rsource_keywords:       0
    All orsource_keywords:      0
    SUM (r/or/o)source lines:   0
    All "option env" attr:      0
    -----------------------------------------------------------------------
    Transformer Output:         6 lines
    -----------------------------------------------------------------------
        Added new bc of def_*:           0
        Added new bc of glob:            0
        Added new bc of config_default:  0
        Added new bc of named choice:    0
        Removed bc of config_default:    0
        Removed bc of named choice:      0
        Removed no match for o(r)source: 0
        Removed optional choice attr:    0
        Removed bool     choice attr:    0
        Removed tristate choice attr:    0
Excel saved: /home/ljd/wsMA_prototyp/transform_projects/transform_px4/PX4_log/results6.xlsx
        Done writting 6 lines in /home/ljd/wsMA_prototyp/transform_projects/transform_px4/PX4_output/src/drivers/sw_crypto/Kconfig


Reader found: 5 lines in /home/ljd/px4/PX4-Autopilot/src/drivers/tap_esc/Kconfig
call _transform_lines(lines from reader, input, configdefault dict info)
start transforming 5 input lines
    FILE LOG --------------------------------------------------------------
    Reader input                5 lines
    -----------------------------------------------------------------------
    All source without glob:    0
    All source using glob:      0
    All osource_keywords:       0
    All rsource_keywords:       0
    All orsource_keywords:      0
    SUM (r/or/o)source lines:   0
    All "option env" attr:      0
    -----------------------------------------------------------------------
    Transformer Output:         5 lines
    -----------------------------------------------------------------------
        Added new bc of def_*:           0
        Added new bc of glob:            0
        Added new bc of config_default:  0
        Added new bc of named choice:    0
        Removed bc of config_default:    0
        Removed bc of named choice:      0
        Removed no match for o(r)source: 0
        Removed optional choice attr:    0
        Removed bool     choice attr:    0
        Removed tristate choice attr:    0
Excel saved: /home/ljd/wsMA_prototyp/transform_projects/transform_px4/PX4_log/results6.xlsx
        Done writting 5 lines in /home/ljd/wsMA_prototyp/transform_projects/transform_px4/PX4_output/src/drivers/tap_esc/Kconfig


Reader found: 5 lines in /home/ljd/px4/PX4-Autopilot/src/drivers/tattu_can/Kconfig
call _transform_lines(lines from reader, input, configdefault dict info)
start transforming 5 input lines
    FILE LOG --------------------------------------------------------------
    Reader input                5 lines
    -----------------------------------------------------------------------
    All source without glob:    0
    All source using glob:      0
    All osource_keywords:       0
    All rsource_keywords:       0
    All orsource_keywords:      0
    SUM (r/or/o)source lines:   0
    All "option env" attr:      0
    -----------------------------------------------------------------------
    Transformer Output:         5 lines
    -----------------------------------------------------------------------
        Added new bc of def_*:           0
        Added new bc of glob:            0
        Added new bc of config_default:  0
        Added new bc of named choice:    0
        Removed bc of config_default:    0
        Removed bc of named choice:      0
        Removed no match for o(r)source: 0
        Removed optional choice attr:    0
        Removed bool     choice attr:    0
        Removed tristate choice attr:    0
Excel saved: /home/ljd/wsMA_prototyp/transform_projects/transform_px4/PX4_log/results6.xlsx
        Done writting 5 lines in /home/ljd/wsMA_prototyp/transform_projects/transform_px4/PX4_output/src/drivers/tattu_can/Kconfig


Reader found: 11 lines in /home/ljd/px4/PX4-Autopilot/src/drivers/telemetry/Kconfig
call _transform_lines(lines from reader, input, configdefault dict info)
start transforming 11 input lines
    GLOB LOG ----------------------------------------------------------------------------
    Resolve rsource: */Kconfig at line 10
      -> src/drivers/telemetry/bst/Kconfig
      -> src/drivers/telemetry/frsky_telemetry/Kconfig
      -> src/drivers/telemetry/hott/Kconfig
      -> src/drivers/telemetry/iridiumsbd/Kconfig
    Files matching: 4 (using rsource)
    FILE LOG --------------------------------------------------------------
    Reader input                11 lines
    -----------------------------------------------------------------------
    All source without glob:    0
    All source using glob:      0
    All osource_keywords:       0
    All rsource_keywords:       1
    All orsource_keywords:      0
    SUM (r/or/o)source lines:   1
    All "option env" attr:      0
    -----------------------------------------------------------------------
    Transformer Output:         14 lines
    -----------------------------------------------------------------------
        Added new bc of def_*:           0
        Added new bc of glob:            3
        Added new bc of config_default:  0
        Added new bc of named choice:    0
        Removed bc of config_default:    0
        Removed bc of named choice:      0
        Removed no match for o(r)source: 0
        Removed optional choice attr:    0
        Removed bool     choice attr:    0
        Removed tristate choice attr:    0
Excel saved: /home/ljd/wsMA_prototyp/transform_projects/transform_px4/PX4_log/results6.xlsx
        Done writting 14 lines in /home/ljd/wsMA_prototyp/transform_projects/transform_px4/PX4_output/src/drivers/telemetry/Kconfig


Reader found: 5 lines in /home/ljd/px4/PX4-Autopilot/src/drivers/telemetry/bst/Kconfig
call _transform_lines(lines from reader, input, configdefault dict info)
start transforming 5 input lines
    FILE LOG --------------------------------------------------------------
    Reader input                5 lines
    -----------------------------------------------------------------------
    All source without glob:    0
    All source using glob:      0
    All osource_keywords:       0
    All rsource_keywords:       0
    All orsource_keywords:      0
    SUM (r/or/o)source lines:   0
    All "option env" attr:      0
    -----------------------------------------------------------------------
    Transformer Output:         5 lines
    -----------------------------------------------------------------------
        Added new bc of def_*:           0
        Added new bc of glob:            0
        Added new bc of config_default:  0
        Added new bc of named choice:    0
        Removed bc of config_default:    0
        Removed bc of named choice:      0
        Removed no match for o(r)source: 0
        Removed optional choice attr:    0
        Removed bool     choice attr:    0
        Removed tristate choice attr:    0
Excel saved: /home/ljd/wsMA_prototyp/transform_projects/transform_px4/PX4_log/results6.xlsx
        Done writting 5 lines in /home/ljd/wsMA_prototyp/transform_projects/transform_px4/PX4_output/src/drivers/telemetry/bst/Kconfig


Reader found: 5 lines in /home/ljd/px4/PX4-Autopilot/src/drivers/telemetry/frsky_telemetry/Kconfig
call _transform_lines(lines from reader, input, configdefault dict info)
start transforming 5 input lines
    FILE LOG --------------------------------------------------------------
    Reader input                5 lines
    -----------------------------------------------------------------------
    All source without glob:    0
    All source using glob:      0
    All osource_keywords:       0
    All rsource_keywords:       0
    All orsource_keywords:      0
    SUM (r/or/o)source lines:   0
    All "option env" attr:      0
    -----------------------------------------------------------------------
    Transformer Output:         5 lines
    -----------------------------------------------------------------------
        Added new bc of def_*:           0
        Added new bc of glob:            0
        Added new bc of config_default:  0
        Added new bc of named choice:    0
        Removed bc of config_default:    0
        Removed bc of named choice:      0
        Removed no match for o(r)source: 0
        Removed optional choice attr:    0
        Removed bool     choice attr:    0
        Removed tristate choice attr:    0
Excel saved: /home/ljd/wsMA_prototyp/transform_projects/transform_px4/PX4_log/results6.xlsx
        Done writting 5 lines in /home/ljd/wsMA_prototyp/transform_projects/transform_px4/PX4_output/src/drivers/telemetry/frsky_telemetry/Kconfig


Reader found: 5 lines in /home/ljd/px4/PX4-Autopilot/src/drivers/telemetry/hott/Kconfig
call _transform_lines(lines from reader, input, configdefault dict info)
start transforming 5 input lines
    FILE LOG --------------------------------------------------------------
    Reader input                5 lines
    -----------------------------------------------------------------------
    All source without glob:    0
    All source using glob:      0
    All osource_keywords:       0
    All rsource_keywords:       0
    All orsource_keywords:      0
    SUM (r/or/o)source lines:   0
    All "option env" attr:      0
    -----------------------------------------------------------------------
    Transformer Output:         5 lines
    -----------------------------------------------------------------------
        Added new bc of def_*:           0
        Added new bc of glob:            0
        Added new bc of config_default:  0
        Added new bc of named choice:    0
        Removed bc of config_default:    0
        Removed bc of named choice:      0
        Removed no match for o(r)source: 0
        Removed optional choice attr:    0
        Removed bool     choice attr:    0
        Removed tristate choice attr:    0
Excel saved: /home/ljd/wsMA_prototyp/transform_projects/transform_px4/PX4_log/results6.xlsx
        Done writting 5 lines in /home/ljd/wsMA_prototyp/transform_projects/transform_px4/PX4_output/src/drivers/telemetry/hott/Kconfig


Reader found: 5 lines in /home/ljd/px4/PX4-Autopilot/src/drivers/telemetry/iridiumsbd/Kconfig
call _transform_lines(lines from reader, input, configdefault dict info)
start transforming 5 input lines
    FILE LOG --------------------------------------------------------------
    Reader input                5 lines
    -----------------------------------------------------------------------
    All source without glob:    0
    All source using glob:      0
    All osource_keywords:       0
    All rsource_keywords:       0
    All orsource_keywords:      0
    SUM (r/or/o)source lines:   0
    All "option env" attr:      0
    -----------------------------------------------------------------------
    Transformer Output:         5 lines
    -----------------------------------------------------------------------
        Added new bc of def_*:           0
        Added new bc of glob:            0
        Added new bc of config_default:  0
        Added new bc of named choice:    0
        Removed bc of config_default:    0
        Removed bc of named choice:      0
        Removed no match for o(r)source: 0
        Removed optional choice attr:    0
        Removed bool     choice attr:    0
        Removed tristate choice attr:    0
Excel saved: /home/ljd/wsMA_prototyp/transform_projects/transform_px4/PX4_log/results6.xlsx
        Done writting 5 lines in /home/ljd/wsMA_prototyp/transform_projects/transform_px4/PX4_output/src/drivers/telemetry/iridiumsbd/Kconfig


Reader found: 3 lines in /home/ljd/px4/PX4-Autopilot/src/drivers/temperature_sensor/Kconfig
call _transform_lines(lines from reader, input, configdefault dict info)
start transforming 3 input lines
    GLOB LOG ----------------------------------------------------------------------------
    Resolve rsource: */Kconfig at line 2
      -> src/drivers/temperature_sensor/mcp9808/Kconfig
    Files matching: 1 (using rsource)
    FILE LOG --------------------------------------------------------------
    Reader input                3 lines
    -----------------------------------------------------------------------
    All source without glob:    0
    All source using glob:      0
    All osource_keywords:       0
    All rsource_keywords:       1
    All orsource_keywords:      0
    SUM (r/or/o)source lines:   1
    All "option env" attr:      0
    -----------------------------------------------------------------------
    Transformer Output:         3 lines
    -----------------------------------------------------------------------
        Added new bc of def_*:           0
        Added new bc of glob:            0
        Added new bc of config_default:  0
        Added new bc of named choice:    0
        Removed bc of config_default:    0
        Removed bc of named choice:      0
        Removed no match for o(r)source: 0
        Removed optional choice attr:    0
        Removed bool     choice attr:    0
        Removed tristate choice attr:    0
Excel saved: /home/ljd/wsMA_prototyp/transform_projects/transform_px4/PX4_log/results6.xlsx
        Done writting 3 lines in /home/ljd/wsMA_prototyp/transform_projects/transform_px4/PX4_output/src/drivers/temperature_sensor/Kconfig


Reader found: 5 lines in /home/ljd/px4/PX4-Autopilot/src/drivers/temperature_sensor/mcp9808/Kconfig
call _transform_lines(lines from reader, input, configdefault dict info)
start transforming 5 input lines
    FILE LOG --------------------------------------------------------------
    Reader input                5 lines
    -----------------------------------------------------------------------
    All source without glob:    0
    All source using glob:      0
    All osource_keywords:       0
    All rsource_keywords:       0
    All orsource_keywords:      0
    SUM (r/or/o)source lines:   0
    All "option env" attr:      0
    -----------------------------------------------------------------------
    Transformer Output:         5 lines
    -----------------------------------------------------------------------
        Added new bc of def_*:           0
        Added new bc of glob:            0
        Added new bc of config_default:  0
        Added new bc of named choice:    0
        Removed bc of config_default:    0
        Removed bc of named choice:      0
        Removed no match for o(r)source: 0
        Removed optional choice attr:    0
        Removed bool     choice attr:    0
        Removed tristate choice attr:    0
Excel saved: /home/ljd/wsMA_prototyp/transform_projects/transform_px4/PX4_log/results6.xlsx
        Done writting 5 lines in /home/ljd/wsMA_prototyp/transform_projects/transform_px4/PX4_output/src/drivers/temperature_sensor/mcp9808/Kconfig


Reader found: 5 lines in /home/ljd/px4/PX4-Autopilot/src/drivers/test_ppm/Kconfig
call _transform_lines(lines from reader, input, configdefault dict info)
start transforming 5 input lines
    FILE LOG --------------------------------------------------------------
    Reader input                5 lines
    -----------------------------------------------------------------------
    All source without glob:    0
    All source using glob:      0
    All osource_keywords:       0
    All rsource_keywords:       0
    All orsource_keywords:      0
    SUM (r/or/o)source lines:   0
    All "option env" attr:      0
    -----------------------------------------------------------------------
    Transformer Output:         5 lines
    -----------------------------------------------------------------------
        Added new bc of def_*:           0
        Added new bc of glob:            0
        Added new bc of config_default:  0
        Added new bc of named choice:    0
        Removed bc of config_default:    0
        Removed bc of named choice:      0
        Removed no match for o(r)source: 0
        Removed optional choice attr:    0
        Removed bool     choice attr:    0
        Removed tristate choice attr:    0
Excel saved: /home/ljd/wsMA_prototyp/transform_projects/transform_px4/PX4_log/results6.xlsx
        Done writting 5 lines in /home/ljd/wsMA_prototyp/transform_projects/transform_px4/PX4_output/src/drivers/test_ppm/Kconfig


Reader found: 5 lines in /home/ljd/px4/PX4-Autopilot/src/drivers/tone_alarm/Kconfig
call _transform_lines(lines from reader, input, configdefault dict info)
start transforming 5 input lines
    FILE LOG --------------------------------------------------------------
    Reader input                5 lines
    -----------------------------------------------------------------------
    All source without glob:    0
    All source using glob:      0
    All osource_keywords:       0
    All rsource_keywords:       0
    All orsource_keywords:      0
    SUM (r/or/o)source lines:   0
    All "option env" attr:      0
    -----------------------------------------------------------------------
    Transformer Output:         5 lines
    -----------------------------------------------------------------------
        Added new bc of def_*:           0
        Added new bc of glob:            0
        Added new bc of config_default:  0
        Added new bc of named choice:    0
        Removed bc of config_default:    0
        Removed bc of named choice:      0
        Removed no match for o(r)source: 0
        Removed optional choice attr:    0
        Removed bool     choice attr:    0
        Removed tristate choice attr:    0
Excel saved: /home/ljd/wsMA_prototyp/transform_projects/transform_px4/PX4_log/results6.xlsx
        Done writting 5 lines in /home/ljd/wsMA_prototyp/transform_projects/transform_px4/PX4_output/src/drivers/tone_alarm/Kconfig


Reader found: 10 lines in /home/ljd/px4/PX4-Autopilot/src/drivers/transponder/Kconfig
call _transform_lines(lines from reader, input, configdefault dict info)
start transforming 10 input lines
    GLOB LOG ----------------------------------------------------------------------------
    Resolve rsource: */Kconfig at line 9
      -> src/drivers/transponder/sagetech_mxs/Kconfig
    Files matching: 1 (using rsource)
    FILE LOG --------------------------------------------------------------
    Reader input                10 lines
    -----------------------------------------------------------------------
    All source without glob:    0
    All source using glob:      0
    All osource_keywords:       0
    All rsource_keywords:       1
    All orsource_keywords:      0
    SUM (r/or/o)source lines:   1
    All "option env" attr:      0
    -----------------------------------------------------------------------
    Transformer Output:         10 lines
    -----------------------------------------------------------------------
        Added new bc of def_*:           0
        Added new bc of glob:            0
        Added new bc of config_default:  0
        Added new bc of named choice:    0
        Removed bc of config_default:    0
        Removed bc of named choice:      0
        Removed no match for o(r)source: 0
        Removed optional choice attr:    0
        Removed bool     choice attr:    0
        Removed tristate choice attr:    0
Excel saved: /home/ljd/wsMA_prototyp/transform_projects/transform_px4/PX4_log/results6.xlsx
        Done writting 10 lines in /home/ljd/wsMA_prototyp/transform_projects/transform_px4/PX4_output/src/drivers/transponder/Kconfig


Reader found: 5 lines in /home/ljd/px4/PX4-Autopilot/src/drivers/transponder/sagetech_mxs/Kconfig
call _transform_lines(lines from reader, input, configdefault dict info)
start transforming 5 input lines
    FILE LOG --------------------------------------------------------------
    Reader input                5 lines
    -----------------------------------------------------------------------
    All source without glob:    0
    All source using glob:      0
    All osource_keywords:       0
    All rsource_keywords:       0
    All orsource_keywords:      0
    SUM (r/or/o)source lines:   0
    All "option env" attr:      0
    -----------------------------------------------------------------------
    Transformer Output:         5 lines
    -----------------------------------------------------------------------
        Added new bc of def_*:           0
        Added new bc of glob:            0
        Added new bc of config_default:  0
        Added new bc of named choice:    0
        Removed bc of config_default:    0
        Removed bc of named choice:      0
        Removed no match for o(r)source: 0
        Removed optional choice attr:    0
        Removed bool     choice attr:    0
        Removed tristate choice attr:    0
Excel saved: /home/ljd/wsMA_prototyp/transform_projects/transform_px4/PX4_log/results6.xlsx
        Done writting 5 lines in /home/ljd/wsMA_prototyp/transform_projects/transform_px4/PX4_output/src/drivers/transponder/sagetech_mxs/Kconfig


Reader found: 112 lines in /home/ljd/px4/PX4-Autopilot/src/drivers/uavcan/Kconfig
call _transform_lines(lines from reader, input, configdefault dict info)
start transforming 112 input lines
    FILE LOG --------------------------------------------------------------
    Reader input                112 lines
    -----------------------------------------------------------------------
    All source without glob:    0
    All source using glob:      0
    All osource_keywords:       0
    All rsource_keywords:       0
    All orsource_keywords:      0
    SUM (r/or/o)source lines:   0
    All "option env" attr:      0
    -----------------------------------------------------------------------
    Transformer Output:         112 lines
    -----------------------------------------------------------------------
        Added new bc of def_*:           0
        Added new bc of glob:            0
        Added new bc of config_default:  0
        Added new bc of named choice:    0
        Removed bc of config_default:    0
        Removed bc of named choice:      0
        Removed no match for o(r)source: 0
        Removed optional choice attr:    0
        Removed bool     choice attr:    0
        Removed tristate choice attr:    0
Excel saved: /home/ljd/wsMA_prototyp/transform_projects/transform_px4/PX4_log/results6.xlsx
        Done writting 112 lines in /home/ljd/wsMA_prototyp/transform_projects/transform_px4/PX4_output/src/drivers/uavcan/Kconfig


Reader found: 85 lines in /home/ljd/px4/PX4-Autopilot/src/drivers/uavcannode/Kconfig
call _transform_lines(lines from reader, input, configdefault dict info)
start transforming 85 input lines
    FILE LOG --------------------------------------------------------------
    Reader input                85 lines
    -----------------------------------------------------------------------
    All source without glob:    0
    All source using glob:      0
    All osource_keywords:       0
    All rsource_keywords:       0
    All orsource_keywords:      0
    SUM (r/or/o)source lines:   0
    All "option env" attr:      0
    -----------------------------------------------------------------------
    Transformer Output:         85 lines
    -----------------------------------------------------------------------
        Added new bc of def_*:           0
        Added new bc of glob:            0
        Added new bc of config_default:  0
        Added new bc of named choice:    0
        Removed bc of config_default:    0
        Removed bc of named choice:      0
        Removed no match for o(r)source: 0
        Removed optional choice attr:    0
        Removed bool     choice attr:    0
        Removed tristate choice attr:    0
Excel saved: /home/ljd/wsMA_prototyp/transform_projects/transform_px4/PX4_log/results6.xlsx
        Done writting 85 lines in /home/ljd/wsMA_prototyp/transform_projects/transform_px4/PX4_output/src/drivers/uavcannode/Kconfig


Reader found: 9 lines in /home/ljd/px4/PX4-Autopilot/src/drivers/uwb/Kconfig
call _transform_lines(lines from reader, input, configdefault dict info)
start transforming 9 input lines
    GLOB LOG ----------------------------------------------------------------------------
    Resolve rsource: */Kconfig at line 8
      -> src/drivers/uwb/uwb_sr150/Kconfig
    Files matching: 1 (using rsource)
    FILE LOG --------------------------------------------------------------
    Reader input                9 lines
    -----------------------------------------------------------------------
    All source without glob:    0
    All source using glob:      0
    All osource_keywords:       0
    All rsource_keywords:       1
    All orsource_keywords:      0
    SUM (r/or/o)source lines:   1
    All "option env" attr:      0
    -----------------------------------------------------------------------
    Transformer Output:         9 lines
    -----------------------------------------------------------------------
        Added new bc of def_*:           0
        Added new bc of glob:            0
        Added new bc of config_default:  0
        Added new bc of named choice:    0
        Removed bc of config_default:    0
        Removed bc of named choice:      0
        Removed no match for o(r)source: 0
        Removed optional choice attr:    0
        Removed bool     choice attr:    0
        Removed tristate choice attr:    0
Excel saved: /home/ljd/wsMA_prototyp/transform_projects/transform_px4/PX4_log/results6.xlsx
        Done writting 9 lines in /home/ljd/wsMA_prototyp/transform_projects/transform_px4/PX4_output/src/drivers/uwb/Kconfig


Reader found: 5 lines in /home/ljd/px4/PX4-Autopilot/src/drivers/uwb/uwb_sr150/Kconfig
call _transform_lines(lines from reader, input, configdefault dict info)
start transforming 5 input lines
    FILE LOG --------------------------------------------------------------
    Reader input                5 lines
    -----------------------------------------------------------------------
    All source without glob:    0
    All source using glob:      0
    All osource_keywords:       0
    All rsource_keywords:       0
    All orsource_keywords:      0
    SUM (r/or/o)source lines:   0
    All "option env" attr:      0
    -----------------------------------------------------------------------
    Transformer Output:         5 lines
    -----------------------------------------------------------------------
        Added new bc of def_*:           0
        Added new bc of glob:            0
        Added new bc of config_default:  0
        Added new bc of named choice:    0
        Removed bc of config_default:    0
        Removed bc of named choice:      0
        Removed no match for o(r)source: 0
        Removed optional choice attr:    0
        Removed bool     choice attr:    0
        Removed tristate choice attr:    0
Excel saved: /home/ljd/wsMA_prototyp/transform_projects/transform_px4/PX4_log/results6.xlsx
        Done writting 5 lines in /home/ljd/wsMA_prototyp/transform_projects/transform_px4/PX4_output/src/drivers/uwb/uwb_sr150/Kconfig


Reader found: 5 lines in /home/ljd/px4/PX4-Autopilot/src/drivers/voxl2_io/Kconfig
call _transform_lines(lines from reader, input, configdefault dict info)
start transforming 5 input lines
    FILE LOG --------------------------------------------------------------
    Reader input                5 lines
    -----------------------------------------------------------------------
    All source without glob:    0
    All source using glob:      0
    All osource_keywords:       0
    All rsource_keywords:       0
    All orsource_keywords:      0
    SUM (r/or/o)source lines:   0
    All "option env" attr:      0
    -----------------------------------------------------------------------
    Transformer Output:         5 lines
    -----------------------------------------------------------------------
        Added new bc of def_*:           0
        Added new bc of glob:            0
        Added new bc of config_default:  0
        Added new bc of named choice:    0
        Removed bc of config_default:    0
        Removed bc of named choice:      0
        Removed no match for o(r)source: 0
        Removed optional choice attr:    0
        Removed bool     choice attr:    0
        Removed tristate choice attr:    0
Excel saved: /home/ljd/wsMA_prototyp/transform_projects/transform_px4/PX4_log/results6.xlsx
        Done writting 5 lines in /home/ljd/wsMA_prototyp/transform_projects/transform_px4/PX4_output/src/drivers/voxl2_io/Kconfig


Reader found: 10 lines in /home/ljd/px4/PX4-Autopilot/src/drivers/wind_sensor/Kconfig
call _transform_lines(lines from reader, input, configdefault dict info)
start transforming 10 input lines
    GLOB LOG ----------------------------------------------------------------------------
    Resolve rsource: */Kconfig at line 9
      -> src/drivers/wind_sensor/ft_technologies/Kconfig
    Files matching: 1 (using rsource)
    FILE LOG --------------------------------------------------------------
    Reader input                10 lines
    -----------------------------------------------------------------------
    All source without glob:    0
    All source using glob:      0
    All osource_keywords:       0
    All rsource_keywords:       1
    All orsource_keywords:      0
    SUM (r/or/o)source lines:   1
    All "option env" attr:      0
    -----------------------------------------------------------------------
    Transformer Output:         10 lines
    -----------------------------------------------------------------------
        Added new bc of def_*:           0
        Added new bc of glob:            0
        Added new bc of config_default:  0
        Added new bc of named choice:    0
        Removed bc of config_default:    0
        Removed bc of named choice:      0
        Removed no match for o(r)source: 0
        Removed optional choice attr:    0
        Removed bool     choice attr:    0
        Removed tristate choice attr:    0
Excel saved: /home/ljd/wsMA_prototyp/transform_projects/transform_px4/PX4_log/results6.xlsx
        Done writting 10 lines in /home/ljd/wsMA_prototyp/transform_projects/transform_px4/PX4_output/src/drivers/wind_sensor/Kconfig


Reader found: 5 lines in /home/ljd/px4/PX4-Autopilot/src/drivers/wind_sensor/ft_technologies/Kconfig
call _transform_lines(lines from reader, input, configdefault dict info)
start transforming 5 input lines
    FILE LOG --------------------------------------------------------------
    Reader input                5 lines
    -----------------------------------------------------------------------
    All source without glob:    0
    All source using glob:      0
    All osource_keywords:       0
    All rsource_keywords:       0
    All orsource_keywords:      0
    SUM (r/or/o)source lines:   0
    All "option env" attr:      0
    -----------------------------------------------------------------------
    Transformer Output:         5 lines
    -----------------------------------------------------------------------
        Added new bc of def_*:           0
        Added new bc of glob:            0
        Added new bc of config_default:  0
        Added new bc of named choice:    0
        Removed bc of config_default:    0
        Removed bc of named choice:      0
        Removed no match for o(r)source: 0
        Removed optional choice attr:    0
        Removed bool     choice attr:    0
        Removed tristate choice attr:    0
Excel saved: /home/ljd/wsMA_prototyp/transform_projects/transform_px4/PX4_log/results6.xlsx
        Done writting 5 lines in /home/ljd/wsMA_prototyp/transform_projects/transform_px4/PX4_output/src/drivers/wind_sensor/ft_technologies/Kconfig


Reader found: 1 lines in /home/ljd/px4/PX4-Autopilot/src/modules/Kconfig
call _transform_lines(lines from reader, input, configdefault dict info)
start transforming 1 input lines
    GLOB LOG ----------------------------------------------------------------------------
    Resolve rsource: */Kconfig at line 1
      -> src/modules/airship_att_control/Kconfig
      -> src/modules/airspeed_selector/Kconfig
      -> src/modules/attitude_estimator_q/Kconfig
      -> src/modules/battery_status/Kconfig
      -> src/modules/camera_feedback/Kconfig
      -> src/modules/commander/Kconfig
      -> src/modules/control_allocator/Kconfig
      -> src/modules/dataman/Kconfig
      -> src/modules/ekf2/Kconfig
      -> src/modules/esc_battery/Kconfig
      -> src/modules/events/Kconfig
      -> src/modules/flight_mode_manager/Kconfig
      -> src/modules/fw_att_control/Kconfig
      -> src/modules/fw_autotune_attitude_control/Kconfig
      -> src/modules/fw_lateral_longitudinal_control/Kconfig
      -> src/modules/fw_mode_manager/Kconfig
      -> src/modules/fw_rate_control/Kconfig
      -> src/modules/gimbal/Kconfig
      -> src/modules/gyro_calibration/Kconfig
      -> src/modules/gyro_fft/Kconfig
      -> src/modules/hardfault_stream/Kconfig
      -> src/modules/internal_combustion_engine_control/Kconfig
      -> src/modules/land_detector/Kconfig
      -> src/modules/landing_target_estimator/Kconfig
      -> src/modules/load_mon/Kconfig
      -> src/modules/local_position_estimator/Kconfig
      -> src/modules/logger/Kconfig
      -> src/modules/mag_bias_estimator/Kconfig
      -> src/modules/manual_control/Kconfig
      -> src/modules/mavlink/Kconfig
      -> src/modules/mc_att_control/Kconfig
      -> src/modules/mc_autotune_attitude_control/Kconfig
      -> src/modules/mc_hover_thrust_estimator/Kconfig
      -> src/modules/mc_nn_control/Kconfig
      -> src/modules/mc_pos_control/Kconfig
      -> src/modules/mc_rate_control/Kconfig
      -> src/modules/muorb/Kconfig
      -> src/modules/navigator/Kconfig
      -> src/modules/payload_deliverer/Kconfig
      -> src/modules/px4iofirmware/Kconfig
      -> src/modules/rc_update/Kconfig
      -> src/modules/replay/Kconfig
      -> src/modules/rover_ackermann/Kconfig
      -> src/modules/rover_differential/Kconfig
      -> src/modules/rover_mecanum/Kconfig
      -> src/modules/sensors/Kconfig
      -> src/modules/simulation/Kconfig
      -> src/modules/spacecraft/Kconfig
      -> src/modules/temperature_compensation/Kconfig
      -> src/modules/time_persistor/Kconfig
      -> src/modules/uuv_att_control/Kconfig
      -> src/modules/uuv_pos_control/Kconfig
      -> src/modules/uxrce_dds_client/Kconfig
      -> src/modules/vtol_att_control/Kconfig
      -> src/modules/zenoh/Kconfig
    Files matching: 55 (using rsource)
    FILE LOG --------------------------------------------------------------
    Reader input                1 lines
    -----------------------------------------------------------------------
    All source without glob:    0
    All source using glob:      0
    All osource_keywords:       0
    All rsource_keywords:       1
    All orsource_keywords:      0
    SUM (r/or/o)source lines:   1
    All "option env" attr:      0
    -----------------------------------------------------------------------
    Transformer Output:         55 lines
    -----------------------------------------------------------------------
        Added new bc of def_*:           0
        Added new bc of glob:            54
        Added new bc of config_default:  0
        Added new bc of named choice:    0
        Removed bc of config_default:    0
        Removed bc of named choice:      0
        Removed no match for o(r)source: 0
        Removed optional choice attr:    0
        Removed bool     choice attr:    0
        Removed tristate choice attr:    0
Excel saved: /home/ljd/wsMA_prototyp/transform_projects/transform_px4/PX4_log/results6.xlsx
        Done writting 55 lines in /home/ljd/wsMA_prototyp/transform_projects/transform_px4/PX4_output/src/modules/Kconfig


Reader found: 12 lines in /home/ljd/px4/PX4-Autopilot/src/modules/airship_att_control/Kconfig
call _transform_lines(lines from reader, input, configdefault dict info)
start transforming 12 input lines
    FILE LOG --------------------------------------------------------------
    Reader input                12 lines
    -----------------------------------------------------------------------
    All source without glob:    0
    All source using glob:      0
    All osource_keywords:       0
    All rsource_keywords:       0
    All orsource_keywords:      0
    SUM (r/or/o)source lines:   0
    All "option env" attr:      0
    -----------------------------------------------------------------------
    Transformer Output:         12 lines
    -----------------------------------------------------------------------
        Added new bc of def_*:           0
        Added new bc of glob:            0
        Added new bc of config_default:  0
        Added new bc of named choice:    0
        Removed bc of config_default:    0
        Removed bc of named choice:      0
        Removed no match for o(r)source: 0
        Removed optional choice attr:    0
        Removed bool     choice attr:    0
        Removed tristate choice attr:    0
Excel saved: /home/ljd/wsMA_prototyp/transform_projects/transform_px4/PX4_log/results6.xlsx
        Done writting 12 lines in /home/ljd/wsMA_prototyp/transform_projects/transform_px4/PX4_output/src/modules/airship_att_control/Kconfig


Reader found: 12 lines in /home/ljd/px4/PX4-Autopilot/src/modules/airspeed_selector/Kconfig
call _transform_lines(lines from reader, input, configdefault dict info)
start transforming 12 input lines
    FILE LOG --------------------------------------------------------------
    Reader input                12 lines
    -----------------------------------------------------------------------
    All source without glob:    0
    All source using glob:      0
    All osource_keywords:       0
    All rsource_keywords:       0
    All orsource_keywords:      0
    SUM (r/or/o)source lines:   0
    All "option env" attr:      0
    -----------------------------------------------------------------------
    Transformer Output:         12 lines
    -----------------------------------------------------------------------
        Added new bc of def_*:           0
        Added new bc of glob:            0
        Added new bc of config_default:  0
        Added new bc of named choice:    0
        Removed bc of config_default:    0
        Removed bc of named choice:      0
        Removed no match for o(r)source: 0
        Removed optional choice attr:    0
        Removed bool     choice attr:    0
        Removed tristate choice attr:    0
Excel saved: /home/ljd/wsMA_prototyp/transform_projects/transform_px4/PX4_log/results6.xlsx
        Done writting 12 lines in /home/ljd/wsMA_prototyp/transform_projects/transform_px4/PX4_output/src/modules/airspeed_selector/Kconfig


Reader found: 12 lines in /home/ljd/px4/PX4-Autopilot/src/modules/attitude_estimator_q/Kconfig
call _transform_lines(lines from reader, input, configdefault dict info)
start transforming 12 input lines
    FILE LOG --------------------------------------------------------------
    Reader input                12 lines
    -----------------------------------------------------------------------
    All source without glob:    0
    All source using glob:      0
    All osource_keywords:       0
    All rsource_keywords:       0
    All orsource_keywords:      0
    SUM (r/or/o)source lines:   0
    All "option env" attr:      0
    -----------------------------------------------------------------------
    Transformer Output:         12 lines
    -----------------------------------------------------------------------
        Added new bc of def_*:           0
        Added new bc of glob:            0
        Added new bc of config_default:  0
        Added new bc of named choice:    0
        Removed bc of config_default:    0
        Removed bc of named choice:      0
        Removed no match for o(r)source: 0
        Removed optional choice attr:    0
        Removed bool     choice attr:    0
        Removed tristate choice attr:    0
Excel saved: /home/ljd/wsMA_prototyp/transform_projects/transform_px4/PX4_log/results6.xlsx
        Done writting 12 lines in /home/ljd/wsMA_prototyp/transform_projects/transform_px4/PX4_output/src/modules/attitude_estimator_q/Kconfig


Reader found: 12 lines in /home/ljd/px4/PX4-Autopilot/src/modules/battery_status/Kconfig
call _transform_lines(lines from reader, input, configdefault dict info)
start transforming 12 input lines
    FILE LOG --------------------------------------------------------------
    Reader input                12 lines
    -----------------------------------------------------------------------
    All source without glob:    0
    All source using glob:      0
    All osource_keywords:       0
    All rsource_keywords:       0
    All orsource_keywords:      0
    SUM (r/or/o)source lines:   0
    All "option env" attr:      0
    -----------------------------------------------------------------------
    Transformer Output:         12 lines
    -----------------------------------------------------------------------
        Added new bc of def_*:           0
        Added new bc of glob:            0
        Added new bc of config_default:  0
        Added new bc of named choice:    0
        Removed bc of config_default:    0
        Removed bc of named choice:      0
        Removed no match for o(r)source: 0
        Removed optional choice attr:    0
        Removed bool     choice attr:    0
        Removed tristate choice attr:    0
Excel saved: /home/ljd/wsMA_prototyp/transform_projects/transform_px4/PX4_log/results6.xlsx
        Done writting 12 lines in /home/ljd/wsMA_prototyp/transform_projects/transform_px4/PX4_output/src/modules/battery_status/Kconfig


Reader found: 12 lines in /home/ljd/px4/PX4-Autopilot/src/modules/camera_feedback/Kconfig
call _transform_lines(lines from reader, input, configdefault dict info)
start transforming 12 input lines
    FILE LOG --------------------------------------------------------------
    Reader input                12 lines
    -----------------------------------------------------------------------
    All source without glob:    0
    All source using glob:      0
    All osource_keywords:       0
    All rsource_keywords:       0
    All orsource_keywords:      0
    SUM (r/or/o)source lines:   0
    All "option env" attr:      0
    -----------------------------------------------------------------------
    Transformer Output:         12 lines
    -----------------------------------------------------------------------
        Added new bc of def_*:           0
        Added new bc of glob:            0
        Added new bc of config_default:  0
        Added new bc of named choice:    0
        Removed bc of config_default:    0
        Removed bc of named choice:      0
        Removed no match for o(r)source: 0
        Removed optional choice attr:    0
        Removed bool     choice attr:    0
        Removed tristate choice attr:    0
Excel saved: /home/ljd/wsMA_prototyp/transform_projects/transform_px4/PX4_log/results6.xlsx
        Done writting 12 lines in /home/ljd/wsMA_prototyp/transform_projects/transform_px4/PX4_output/src/modules/camera_feedback/Kconfig


Reader found: 12 lines in /home/ljd/px4/PX4-Autopilot/src/modules/commander/Kconfig
call _transform_lines(lines from reader, input, configdefault dict info)
start transforming 12 input lines
    FILE LOG --------------------------------------------------------------
    Reader input                12 lines
    -----------------------------------------------------------------------
    All source without glob:    0
    All source using glob:      0
    All osource_keywords:       0
    All rsource_keywords:       0
    All orsource_keywords:      0
    SUM (r/or/o)source lines:   0
    All "option env" attr:      0
    -----------------------------------------------------------------------
    Transformer Output:         12 lines
    -----------------------------------------------------------------------
        Added new bc of def_*:           0
        Added new bc of glob:            0
        Added new bc of config_default:  0
        Added new bc of named choice:    0
        Removed bc of config_default:    0
        Removed bc of named choice:      0
        Removed no match for o(r)source: 0
        Removed optional choice attr:    0
        Removed bool     choice attr:    0
        Removed tristate choice attr:    0
Excel saved: /home/ljd/wsMA_prototyp/transform_projects/transform_px4/PX4_log/results6.xlsx
        Done writting 12 lines in /home/ljd/wsMA_prototyp/transform_projects/transform_px4/PX4_output/src/modules/commander/Kconfig


Reader found: 19 lines in /home/ljd/px4/PX4-Autopilot/src/modules/control_allocator/Kconfig
call _transform_lines(lines from reader, input, configdefault dict info)
start transforming 19 input lines
    FILE LOG --------------------------------------------------------------
    Reader input                19 lines
    -----------------------------------------------------------------------
    All source without glob:    0
    All source using glob:      0
    All osource_keywords:       0
    All rsource_keywords:       0
    All orsource_keywords:      0
    SUM (r/or/o)source lines:   0
    All "option env" attr:      0
    -----------------------------------------------------------------------
    Transformer Output:         19 lines
    -----------------------------------------------------------------------
        Added new bc of def_*:           0
        Added new bc of glob:            0
        Added new bc of config_default:  0
        Added new bc of named choice:    0
        Removed bc of config_default:    0
        Removed bc of named choice:      0
        Removed no match for o(r)source: 0
        Removed optional choice attr:    0
        Removed bool     choice attr:    0
        Removed tristate choice attr:    0
Excel saved: /home/ljd/wsMA_prototyp/transform_projects/transform_px4/PX4_log/results6.xlsx
        Done writting 19 lines in /home/ljd/wsMA_prototyp/transform_projects/transform_px4/PX4_output/src/modules/control_allocator/Kconfig


Reader found: 30 lines in /home/ljd/px4/PX4-Autopilot/src/modules/dataman/Kconfig
call _transform_lines(lines from reader, input, configdefault dict info)
start transforming 30 input lines
    FILE LOG --------------------------------------------------------------
    Reader input                30 lines
    -----------------------------------------------------------------------
    All source without glob:    0
    All source using glob:      0
    All osource_keywords:       0
    All rsource_keywords:       0
    All orsource_keywords:      0
    SUM (r/or/o)source lines:   0
    All "option env" attr:      0
    -----------------------------------------------------------------------
    Transformer Output:         30 lines
    -----------------------------------------------------------------------
        Added new bc of def_*:           0
        Added new bc of glob:            0
        Added new bc of config_default:  0
        Added new bc of named choice:    0
        Removed bc of config_default:    0
        Removed bc of named choice:      0
        Removed no match for o(r)source: 0
        Removed optional choice attr:    0
        Removed bool     choice attr:    0
        Removed tristate choice attr:    0
Excel saved: /home/ljd/wsMA_prototyp/transform_projects/transform_px4/PX4_log/results6.xlsx
        Done writting 30 lines in /home/ljd/wsMA_prototyp/transform_projects/transform_px4/PX4_output/src/modules/dataman/Kconfig


Reader found: 151 lines in /home/ljd/px4/PX4-Autopilot/src/modules/ekf2/Kconfig
call _transform_lines(lines from reader, input, configdefault dict info)
start transforming 151 input lines
    FILE LOG --------------------------------------------------------------
    Reader input                151 lines
    -----------------------------------------------------------------------
    All source without glob:    0
    All source using glob:      0
    All osource_keywords:       0
    All rsource_keywords:       0
    All orsource_keywords:      0
    SUM (r/or/o)source lines:   0
    All "option env" attr:      0
    -----------------------------------------------------------------------
    Transformer Output:         151 lines
    -----------------------------------------------------------------------
        Added new bc of def_*:           0
        Added new bc of glob:            0
        Added new bc of config_default:  0
        Added new bc of named choice:    0
        Removed bc of config_default:    0
        Removed bc of named choice:      0
        Removed no match for o(r)source: 0
        Removed optional choice attr:    0
        Removed bool     choice attr:    0
        Removed tristate choice attr:    0
Excel saved: /home/ljd/wsMA_prototyp/transform_projects/transform_px4/PX4_log/results6.xlsx
        Done writting 151 lines in /home/ljd/wsMA_prototyp/transform_projects/transform_px4/PX4_output/src/modules/ekf2/Kconfig


Reader found: 12 lines in /home/ljd/px4/PX4-Autopilot/src/modules/esc_battery/Kconfig
call _transform_lines(lines from reader, input, configdefault dict info)
start transforming 12 input lines
    FILE LOG --------------------------------------------------------------
    Reader input                12 lines
    -----------------------------------------------------------------------
    All source without glob:    0
    All source using glob:      0
    All osource_keywords:       0
    All rsource_keywords:       0
    All orsource_keywords:      0
    SUM (r/or/o)source lines:   0
    All "option env" attr:      0
    -----------------------------------------------------------------------
    Transformer Output:         12 lines
    -----------------------------------------------------------------------
        Added new bc of def_*:           0
        Added new bc of glob:            0
        Added new bc of config_default:  0
        Added new bc of named choice:    0
        Removed bc of config_default:    0
        Removed bc of named choice:      0
        Removed no match for o(r)source: 0
        Removed optional choice attr:    0
        Removed bool     choice attr:    0
        Removed tristate choice attr:    0
Excel saved: /home/ljd/wsMA_prototyp/transform_projects/transform_px4/PX4_log/results6.xlsx
        Done writting 12 lines in /home/ljd/wsMA_prototyp/transform_projects/transform_px4/PX4_output/src/modules/esc_battery/Kconfig


Reader found: 12 lines in /home/ljd/px4/PX4-Autopilot/src/modules/events/Kconfig
call _transform_lines(lines from reader, input, configdefault dict info)
start transforming 12 input lines
    FILE LOG --------------------------------------------------------------
    Reader input                12 lines
    -----------------------------------------------------------------------
    All source without glob:    0
    All source using glob:      0
    All osource_keywords:       0
    All rsource_keywords:       0
    All orsource_keywords:      0
    SUM (r/or/o)source lines:   0
    All "option env" attr:      0
    -----------------------------------------------------------------------
    Transformer Output:         12 lines
    -----------------------------------------------------------------------
        Added new bc of def_*:           0
        Added new bc of glob:            0
        Added new bc of config_default:  0
        Added new bc of named choice:    0
        Removed bc of config_default:    0
        Removed bc of named choice:      0
        Removed no match for o(r)source: 0
        Removed optional choice attr:    0
        Removed bool     choice attr:    0
        Removed tristate choice attr:    0
Excel saved: /home/ljd/wsMA_prototyp/transform_projects/transform_px4/PX4_log/results6.xlsx
        Done writting 12 lines in /home/ljd/wsMA_prototyp/transform_projects/transform_px4/PX4_output/src/modules/events/Kconfig


Reader found: 12 lines in /home/ljd/px4/PX4-Autopilot/src/modules/flight_mode_manager/Kconfig
call _transform_lines(lines from reader, input, configdefault dict info)
start transforming 12 input lines
    FILE LOG --------------------------------------------------------------
    Reader input                12 lines
    -----------------------------------------------------------------------
    All source without glob:    0
    All source using glob:      0
    All osource_keywords:       0
    All rsource_keywords:       0
    All orsource_keywords:      0
    SUM (r/or/o)source lines:   0
    All "option env" attr:      0
    -----------------------------------------------------------------------
    Transformer Output:         12 lines
    -----------------------------------------------------------------------
        Added new bc of def_*:           0
        Added new bc of glob:            0
        Added new bc of config_default:  0
        Added new bc of named choice:    0
        Removed bc of config_default:    0
        Removed bc of named choice:      0
        Removed no match for o(r)source: 0
        Removed optional choice attr:    0
        Removed bool     choice attr:    0
        Removed tristate choice attr:    0
Excel saved: /home/ljd/wsMA_prototyp/transform_projects/transform_px4/PX4_log/results6.xlsx
        Done writting 12 lines in /home/ljd/wsMA_prototyp/transform_projects/transform_px4/PX4_output/src/modules/flight_mode_manager/Kconfig


Reader found: 12 lines in /home/ljd/px4/PX4-Autopilot/src/modules/fw_att_control/Kconfig
call _transform_lines(lines from reader, input, configdefault dict info)
start transforming 12 input lines
    FILE LOG --------------------------------------------------------------
    Reader input                12 lines
    -----------------------------------------------------------------------
    All source without glob:    0
    All source using glob:      0
    All osource_keywords:       0
    All rsource_keywords:       0
    All orsource_keywords:      0
    SUM (r/or/o)source lines:   0
    All "option env" attr:      0
    -----------------------------------------------------------------------
    Transformer Output:         12 lines
    -----------------------------------------------------------------------
        Added new bc of def_*:           0
        Added new bc of glob:            0
        Added new bc of config_default:  0
        Added new bc of named choice:    0
        Removed bc of config_default:    0
        Removed bc of named choice:      0
        Removed no match for o(r)source: 0
        Removed optional choice attr:    0
        Removed bool     choice attr:    0
        Removed tristate choice attr:    0
Excel saved: /home/ljd/wsMA_prototyp/transform_projects/transform_px4/PX4_log/results6.xlsx
        Done writting 12 lines in /home/ljd/wsMA_prototyp/transform_projects/transform_px4/PX4_output/src/modules/fw_att_control/Kconfig


Reader found: 5 lines in /home/ljd/px4/PX4-Autopilot/src/modules/fw_autotune_attitude_control/Kconfig
call _transform_lines(lines from reader, input, configdefault dict info)
start transforming 5 input lines
    FILE LOG --------------------------------------------------------------
    Reader input                5 lines
    -----------------------------------------------------------------------
    All source without glob:    0
    All source using glob:      0
    All osource_keywords:       0
    All rsource_keywords:       0
    All orsource_keywords:      0
    SUM (r/or/o)source lines:   0
    All "option env" attr:      0
    -----------------------------------------------------------------------
    Transformer Output:         5 lines
    -----------------------------------------------------------------------
        Added new bc of def_*:           0
        Added new bc of glob:            0
        Added new bc of config_default:  0
        Added new bc of named choice:    0
        Removed bc of config_default:    0
        Removed bc of named choice:      0
        Removed no match for o(r)source: 0
        Removed optional choice attr:    0
        Removed bool     choice attr:    0
        Removed tristate choice attr:    0
Excel saved: /home/ljd/wsMA_prototyp/transform_projects/transform_px4/PX4_log/results6.xlsx
        Done writting 5 lines in /home/ljd/wsMA_prototyp/transform_projects/transform_px4/PX4_output/src/modules/fw_autotune_attitude_control/Kconfig


Reader found: 5 lines in /home/ljd/px4/PX4-Autopilot/src/modules/fw_lateral_longitudinal_control/Kconfig
call _transform_lines(lines from reader, input, configdefault dict info)
start transforming 5 input lines
    FILE LOG --------------------------------------------------------------
    Reader input                5 lines
    -----------------------------------------------------------------------
    All source without glob:    0
    All source using glob:      0
    All osource_keywords:       0
    All rsource_keywords:       0
    All orsource_keywords:      0
    SUM (r/or/o)source lines:   0
    All "option env" attr:      0
    -----------------------------------------------------------------------
    Transformer Output:         5 lines
    -----------------------------------------------------------------------
        Added new bc of def_*:           0
        Added new bc of glob:            0
        Added new bc of config_default:  0
        Added new bc of named choice:    0
        Removed bc of config_default:    0
        Removed bc of named choice:      0
        Removed no match for o(r)source: 0
        Removed optional choice attr:    0
        Removed bool     choice attr:    0
        Removed tristate choice attr:    0
Excel saved: /home/ljd/wsMA_prototyp/transform_projects/transform_px4/PX4_log/results6.xlsx
        Done writting 5 lines in /home/ljd/wsMA_prototyp/transform_projects/transform_px4/PX4_output/src/modules/fw_lateral_longitudinal_control/Kconfig


Reader found: 20 lines in /home/ljd/px4/PX4-Autopilot/src/modules/fw_mode_manager/Kconfig
call _transform_lines(lines from reader, input, configdefault dict info)
start transforming 20 input lines
    FILE LOG --------------------------------------------------------------
    Reader input                20 lines
    -----------------------------------------------------------------------
    All source without glob:    0
    All source using glob:      0
    All osource_keywords:       0
    All rsource_keywords:       0
    All orsource_keywords:      0
    SUM (r/or/o)source lines:   0
    All "option env" attr:      0
    -----------------------------------------------------------------------
    Transformer Output:         20 lines
    -----------------------------------------------------------------------
        Added new bc of def_*:           0
        Added new bc of glob:            0
        Added new bc of config_default:  0
        Added new bc of named choice:    0
        Removed bc of config_default:    0
        Removed bc of named choice:      0
        Removed no match for o(r)source: 0
        Removed optional choice attr:    0
        Removed bool     choice attr:    0
        Removed tristate choice attr:    0
Excel saved: /home/ljd/wsMA_prototyp/transform_projects/transform_px4/PX4_log/results6.xlsx
        Done writting 20 lines in /home/ljd/wsMA_prototyp/transform_projects/transform_px4/PX4_output/src/modules/fw_mode_manager/Kconfig


Reader found: 12 lines in /home/ljd/px4/PX4-Autopilot/src/modules/fw_rate_control/Kconfig
call _transform_lines(lines from reader, input, configdefault dict info)
start transforming 12 input lines
    FILE LOG --------------------------------------------------------------
    Reader input                12 lines
    -----------------------------------------------------------------------
    All source without glob:    0
    All source using glob:      0
    All osource_keywords:       0
    All rsource_keywords:       0
    All orsource_keywords:      0
    SUM (r/or/o)source lines:   0
    All "option env" attr:      0
    -----------------------------------------------------------------------
    Transformer Output:         12 lines
    -----------------------------------------------------------------------
        Added new bc of def_*:           0
        Added new bc of glob:            0
        Added new bc of config_default:  0
        Added new bc of named choice:    0
        Removed bc of config_default:    0
        Removed bc of named choice:      0
        Removed no match for o(r)source: 0
        Removed optional choice attr:    0
        Removed bool     choice attr:    0
        Removed tristate choice attr:    0
Excel saved: /home/ljd/wsMA_prototyp/transform_projects/transform_px4/PX4_log/results6.xlsx
        Done writting 12 lines in /home/ljd/wsMA_prototyp/transform_projects/transform_px4/PX4_output/src/modules/fw_rate_control/Kconfig


Reader found: 12 lines in /home/ljd/px4/PX4-Autopilot/src/modules/gimbal/Kconfig
call _transform_lines(lines from reader, input, configdefault dict info)
start transforming 12 input lines
    FILE LOG --------------------------------------------------------------
    Reader input                12 lines
    -----------------------------------------------------------------------
    All source without glob:    0
    All source using glob:      0
    All osource_keywords:       0
    All rsource_keywords:       0
    All orsource_keywords:      0
    SUM (r/or/o)source lines:   0
    All "option env" attr:      0
    -----------------------------------------------------------------------
    Transformer Output:         12 lines
    -----------------------------------------------------------------------
        Added new bc of def_*:           0
        Added new bc of glob:            0
        Added new bc of config_default:  0
        Added new bc of named choice:    0
        Removed bc of config_default:    0
        Removed bc of named choice:      0
        Removed no match for o(r)source: 0
        Removed optional choice attr:    0
        Removed bool     choice attr:    0
        Removed tristate choice attr:    0
Excel saved: /home/ljd/wsMA_prototyp/transform_projects/transform_px4/PX4_log/results6.xlsx
        Done writting 12 lines in /home/ljd/wsMA_prototyp/transform_projects/transform_px4/PX4_output/src/modules/gimbal/Kconfig


Reader found: 12 lines in /home/ljd/px4/PX4-Autopilot/src/modules/gyro_calibration/Kconfig
call _transform_lines(lines from reader, input, configdefault dict info)
start transforming 12 input lines
    FILE LOG --------------------------------------------------------------
    Reader input                12 lines
    -----------------------------------------------------------------------
    All source without glob:    0
    All source using glob:      0
    All osource_keywords:       0
    All rsource_keywords:       0
    All orsource_keywords:      0
    SUM (r/or/o)source lines:   0
    All "option env" attr:      0
    -----------------------------------------------------------------------
    Transformer Output:         12 lines
    -----------------------------------------------------------------------
        Added new bc of def_*:           0
        Added new bc of glob:            0
        Added new bc of config_default:  0
        Added new bc of named choice:    0
        Removed bc of config_default:    0
        Removed bc of named choice:      0
        Removed no match for o(r)source: 0
        Removed optional choice attr:    0
        Removed bool     choice attr:    0
        Removed tristate choice attr:    0
Excel saved: /home/ljd/wsMA_prototyp/transform_projects/transform_px4/PX4_log/results6.xlsx
        Done writting 12 lines in /home/ljd/wsMA_prototyp/transform_projects/transform_px4/PX4_output/src/modules/gyro_calibration/Kconfig


Reader found: 12 lines in /home/ljd/px4/PX4-Autopilot/src/modules/gyro_fft/Kconfig
call _transform_lines(lines from reader, input, configdefault dict info)
start transforming 12 input lines
    FILE LOG --------------------------------------------------------------
    Reader input                12 lines
    -----------------------------------------------------------------------
    All source without glob:    0
    All source using glob:      0
    All osource_keywords:       0
    All rsource_keywords:       0
    All orsource_keywords:      0
    SUM (r/or/o)source lines:   0
    All "option env" attr:      0
    -----------------------------------------------------------------------
    Transformer Output:         12 lines
    -----------------------------------------------------------------------
        Added new bc of def_*:           0
        Added new bc of glob:            0
        Added new bc of config_default:  0
        Added new bc of named choice:    0
        Removed bc of config_default:    0
        Removed bc of named choice:      0
        Removed no match for o(r)source: 0
        Removed optional choice attr:    0
        Removed bool     choice attr:    0
        Removed tristate choice attr:    0
Excel saved: /home/ljd/wsMA_prototyp/transform_projects/transform_px4/PX4_log/results6.xlsx
        Done writting 12 lines in /home/ljd/wsMA_prototyp/transform_projects/transform_px4/PX4_output/src/modules/gyro_fft/Kconfig


Reader found: 6 lines in /home/ljd/px4/PX4-Autopilot/src/modules/hardfault_stream/Kconfig
call _transform_lines(lines from reader, input, configdefault dict info)
start transforming 6 input lines
    FILE LOG --------------------------------------------------------------
    Reader input                6 lines
    -----------------------------------------------------------------------
    All source without glob:    0
    All source using glob:      0
    All osource_keywords:       0
    All rsource_keywords:       0
    All orsource_keywords:      0
    SUM (r/or/o)source lines:   0
    All "option env" attr:      0
    -----------------------------------------------------------------------
    Transformer Output:         6 lines
    -----------------------------------------------------------------------
        Added new bc of def_*:           0
        Added new bc of glob:            0
        Added new bc of config_default:  0
        Added new bc of named choice:    0
        Removed bc of config_default:    0
        Removed bc of named choice:      0
        Removed no match for o(r)source: 0
        Removed optional choice attr:    0
        Removed bool     choice attr:    0
        Removed tristate choice attr:    0
Excel saved: /home/ljd/wsMA_prototyp/transform_projects/transform_px4/PX4_log/results6.xlsx
        Done writting 6 lines in /home/ljd/wsMA_prototyp/transform_projects/transform_px4/PX4_output/src/modules/hardfault_stream/Kconfig


Reader found: 5 lines in /home/ljd/px4/PX4-Autopilot/src/modules/internal_combustion_engine_control/Kconfig
call _transform_lines(lines from reader, input, configdefault dict info)
start transforming 5 input lines
    FILE LOG --------------------------------------------------------------
    Reader input                5 lines
    -----------------------------------------------------------------------
    All source without glob:    0
    All source using glob:      0
    All osource_keywords:       0
    All rsource_keywords:       0
    All orsource_keywords:      0
    SUM (r/or/o)source lines:   0
    All "option env" attr:      0
    -----------------------------------------------------------------------
    Transformer Output:         5 lines
    -----------------------------------------------------------------------
        Added new bc of def_*:           0
        Added new bc of glob:            0
        Added new bc of config_default:  0
        Added new bc of named choice:    0
        Removed bc of config_default:    0
        Removed bc of named choice:      0
        Removed no match for o(r)source: 0
        Removed optional choice attr:    0
        Removed bool     choice attr:    0
        Removed tristate choice attr:    0
Excel saved: /home/ljd/wsMA_prototyp/transform_projects/transform_px4/PX4_log/results6.xlsx
        Done writting 5 lines in /home/ljd/wsMA_prototyp/transform_projects/transform_px4/PX4_output/src/modules/internal_combustion_engine_control/Kconfig


Reader found: 12 lines in /home/ljd/px4/PX4-Autopilot/src/modules/land_detector/Kconfig
call _transform_lines(lines from reader, input, configdefault dict info)
start transforming 12 input lines
    FILE LOG --------------------------------------------------------------
    Reader input                12 lines
    -----------------------------------------------------------------------
    All source without glob:    0
    All source using glob:      0
    All osource_keywords:       0
    All rsource_keywords:       0
    All orsource_keywords:      0
    SUM (r/or/o)source lines:   0
    All "option env" attr:      0
    -----------------------------------------------------------------------
    Transformer Output:         12 lines
    -----------------------------------------------------------------------
        Added new bc of def_*:           0
        Added new bc of glob:            0
        Added new bc of config_default:  0
        Added new bc of named choice:    0
        Removed bc of config_default:    0
        Removed bc of named choice:      0
        Removed no match for o(r)source: 0
        Removed optional choice attr:    0
        Removed bool     choice attr:    0
        Removed tristate choice attr:    0
Excel saved: /home/ljd/wsMA_prototyp/transform_projects/transform_px4/PX4_log/results6.xlsx
        Done writting 12 lines in /home/ljd/wsMA_prototyp/transform_projects/transform_px4/PX4_output/src/modules/land_detector/Kconfig


Reader found: 12 lines in /home/ljd/px4/PX4-Autopilot/src/modules/landing_target_estimator/Kconfig
call _transform_lines(lines from reader, input, configdefault dict info)
start transforming 12 input lines
    FILE LOG --------------------------------------------------------------
    Reader input                12 lines
    -----------------------------------------------------------------------
    All source without glob:    0
    All source using glob:      0
    All osource_keywords:       0
    All rsource_keywords:       0
    All orsource_keywords:      0
    SUM (r/or/o)source lines:   0
    All "option env" attr:      0
    -----------------------------------------------------------------------
    Transformer Output:         12 lines
    -----------------------------------------------------------------------
        Added new bc of def_*:           0
        Added new bc of glob:            0
        Added new bc of config_default:  0
        Added new bc of named choice:    0
        Removed bc of config_default:    0
        Removed bc of named choice:      0
        Removed no match for o(r)source: 0
        Removed optional choice attr:    0
        Removed bool     choice attr:    0
        Removed tristate choice attr:    0
Excel saved: /home/ljd/wsMA_prototyp/transform_projects/transform_px4/PX4_log/results6.xlsx
        Done writting 12 lines in /home/ljd/wsMA_prototyp/transform_projects/transform_px4/PX4_output/src/modules/landing_target_estimator/Kconfig


Reader found: 5 lines in /home/ljd/px4/PX4-Autopilot/src/modules/load_mon/Kconfig
call _transform_lines(lines from reader, input, configdefault dict info)
start transforming 5 input lines
    FILE LOG --------------------------------------------------------------
    Reader input                5 lines
    -----------------------------------------------------------------------
    All source without glob:    0
    All source using glob:      0
    All osource_keywords:       0
    All rsource_keywords:       0
    All orsource_keywords:      0
    SUM (r/or/o)source lines:   0
    All "option env" attr:      0
    -----------------------------------------------------------------------
    Transformer Output:         5 lines
    -----------------------------------------------------------------------
        Added new bc of def_*:           0
        Added new bc of glob:            0
        Added new bc of config_default:  0
        Added new bc of named choice:    0
        Removed bc of config_default:    0
        Removed bc of named choice:      0
        Removed no match for o(r)source: 0
        Removed optional choice attr:    0
        Removed bool     choice attr:    0
        Removed tristate choice attr:    0
Excel saved: /home/ljd/wsMA_prototyp/transform_projects/transform_px4/PX4_log/results6.xlsx
        Done writting 5 lines in /home/ljd/wsMA_prototyp/transform_projects/transform_px4/PX4_output/src/modules/load_mon/Kconfig


Reader found: 12 lines in /home/ljd/px4/PX4-Autopilot/src/modules/local_position_estimator/Kconfig
call _transform_lines(lines from reader, input, configdefault dict info)
start transforming 12 input lines
    FILE LOG --------------------------------------------------------------
    Reader input                12 lines
    -----------------------------------------------------------------------
    All source without glob:    0
    All source using glob:      0
    All osource_keywords:       0
    All rsource_keywords:       0
    All orsource_keywords:      0
    SUM (r/or/o)source lines:   0
    All "option env" attr:      0
    -----------------------------------------------------------------------
    Transformer Output:         12 lines
    -----------------------------------------------------------------------
        Added new bc of def_*:           0
        Added new bc of glob:            0
        Added new bc of config_default:  0
        Added new bc of named choice:    0
        Removed bc of config_default:    0
        Removed bc of named choice:      0
        Removed no match for o(r)source: 0
        Removed optional choice attr:    0
        Removed bool     choice attr:    0
        Removed tristate choice attr:    0
Excel saved: /home/ljd/wsMA_prototyp/transform_projects/transform_px4/PX4_log/results6.xlsx
        Done writting 12 lines in /home/ljd/wsMA_prototyp/transform_projects/transform_px4/PX4_output/src/modules/local_position_estimator/Kconfig


Reader found: 20 lines in /home/ljd/px4/PX4-Autopilot/src/modules/logger/Kconfig
call _transform_lines(lines from reader, input, configdefault dict info)
start transforming 20 input lines
    FILE LOG --------------------------------------------------------------
    Reader input                20 lines
    -----------------------------------------------------------------------
    All source without glob:    0
    All source using glob:      0
    All osource_keywords:       0
    All rsource_keywords:       0
    All orsource_keywords:      0
    SUM (r/or/o)source lines:   0
    All "option env" attr:      0
    -----------------------------------------------------------------------
    Transformer Output:         20 lines
    -----------------------------------------------------------------------
        Added new bc of def_*:           0
        Added new bc of glob:            0
        Added new bc of config_default:  0
        Added new bc of named choice:    0
        Removed bc of config_default:    0
        Removed bc of named choice:      0
        Removed no match for o(r)source: 0
        Removed optional choice attr:    0
        Removed bool     choice attr:    0
        Removed tristate choice attr:    0
Excel saved: /home/ljd/wsMA_prototyp/transform_projects/transform_px4/PX4_log/results6.xlsx
        Done writting 20 lines in /home/ljd/wsMA_prototyp/transform_projects/transform_px4/PX4_output/src/modules/logger/Kconfig


Reader found: 5 lines in /home/ljd/px4/PX4-Autopilot/src/modules/mag_bias_estimator/Kconfig
call _transform_lines(lines from reader, input, configdefault dict info)
start transforming 5 input lines
    FILE LOG --------------------------------------------------------------
    Reader input                5 lines
    -----------------------------------------------------------------------
    All source without glob:    0
    All source using glob:      0
    All osource_keywords:       0
    All rsource_keywords:       0
    All orsource_keywords:      0
    SUM (r/or/o)source lines:   0
    All "option env" attr:      0
    -----------------------------------------------------------------------
    Transformer Output:         5 lines
    -----------------------------------------------------------------------
        Added new bc of def_*:           0
        Added new bc of glob:            0
        Added new bc of config_default:  0
        Added new bc of named choice:    0
        Removed bc of config_default:    0
        Removed bc of named choice:      0
        Removed no match for o(r)source: 0
        Removed optional choice attr:    0
        Removed bool     choice attr:    0
        Removed tristate choice attr:    0
Excel saved: /home/ljd/wsMA_prototyp/transform_projects/transform_px4/PX4_log/results6.xlsx
        Done writting 5 lines in /home/ljd/wsMA_prototyp/transform_projects/transform_px4/PX4_output/src/modules/mag_bias_estimator/Kconfig


Reader found: 5 lines in /home/ljd/px4/PX4-Autopilot/src/modules/manual_control/Kconfig
call _transform_lines(lines from reader, input, configdefault dict info)
start transforming 5 input lines
    FILE LOG --------------------------------------------------------------
    Reader input                5 lines
    -----------------------------------------------------------------------
    All source without glob:    0
    All source using glob:      0
    All osource_keywords:       0
    All rsource_keywords:       0
    All orsource_keywords:      0
    SUM (r/or/o)source lines:   0
    All "option env" attr:      0
    -----------------------------------------------------------------------
    Transformer Output:         5 lines
    -----------------------------------------------------------------------
        Added new bc of def_*:           0
        Added new bc of glob:            0
        Added new bc of config_default:  0
        Added new bc of named choice:    0
        Removed bc of config_default:    0
        Removed bc of named choice:      0
        Removed no match for o(r)source: 0
        Removed optional choice attr:    0
        Removed bool     choice attr:    0
        Removed tristate choice attr:    0
Excel saved: /home/ljd/wsMA_prototyp/transform_projects/transform_px4/PX4_log/results6.xlsx
        Done writting 5 lines in /home/ljd/wsMA_prototyp/transform_projects/transform_px4/PX4_output/src/modules/manual_control/Kconfig


Reader found: 26 lines in /home/ljd/px4/PX4-Autopilot/src/modules/mavlink/Kconfig
call _transform_lines(lines from reader, input, configdefault dict info)
start transforming 26 input lines
    FILE LOG --------------------------------------------------------------
    Reader input                26 lines
    -----------------------------------------------------------------------
    All source without glob:    0
    All source using glob:      0
    All osource_keywords:       0
    All rsource_keywords:       0
    All orsource_keywords:      0
    SUM (r/or/o)source lines:   0
    All "option env" attr:      0
    -----------------------------------------------------------------------
    Transformer Output:         26 lines
    -----------------------------------------------------------------------
        Added new bc of def_*:           0
        Added new bc of glob:            0
        Added new bc of config_default:  0
        Added new bc of named choice:    0
        Removed bc of config_default:    0
        Removed bc of named choice:      0
        Removed no match for o(r)source: 0
        Removed optional choice attr:    0
        Removed bool     choice attr:    0
        Removed tristate choice attr:    0
Excel saved: /home/ljd/wsMA_prototyp/transform_projects/transform_px4/PX4_log/results6.xlsx
        Done writting 26 lines in /home/ljd/wsMA_prototyp/transform_projects/transform_px4/PX4_output/src/modules/mavlink/Kconfig


Reader found: 12 lines in /home/ljd/px4/PX4-Autopilot/src/modules/mc_att_control/Kconfig
call _transform_lines(lines from reader, input, configdefault dict info)
start transforming 12 input lines
    FILE LOG --------------------------------------------------------------
    Reader input                12 lines
    -----------------------------------------------------------------------
    All source without glob:    0
    All source using glob:      0
    All osource_keywords:       0
    All rsource_keywords:       0
    All orsource_keywords:      0
    SUM (r/or/o)source lines:   0
    All "option env" attr:      0
    -----------------------------------------------------------------------
    Transformer Output:         12 lines
    -----------------------------------------------------------------------
        Added new bc of def_*:           0
        Added new bc of glob:            0
        Added new bc of config_default:  0
        Added new bc of named choice:    0
        Removed bc of config_default:    0
        Removed bc of named choice:      0
        Removed no match for o(r)source: 0
        Removed optional choice attr:    0
        Removed bool     choice attr:    0
        Removed tristate choice attr:    0
Excel saved: /home/ljd/wsMA_prototyp/transform_projects/transform_px4/PX4_log/results6.xlsx
        Done writting 12 lines in /home/ljd/wsMA_prototyp/transform_projects/transform_px4/PX4_output/src/modules/mc_att_control/Kconfig


Reader found: 5 lines in /home/ljd/px4/PX4-Autopilot/src/modules/mc_autotune_attitude_control/Kconfig
call _transform_lines(lines from reader, input, configdefault dict info)
start transforming 5 input lines
    FILE LOG --------------------------------------------------------------
    Reader input                5 lines
    -----------------------------------------------------------------------
    All source without glob:    0
    All source using glob:      0
    All osource_keywords:       0
    All rsource_keywords:       0
    All orsource_keywords:      0
    SUM (r/or/o)source lines:   0
    All "option env" attr:      0
    -----------------------------------------------------------------------
    Transformer Output:         5 lines
    -----------------------------------------------------------------------
        Added new bc of def_*:           0
        Added new bc of glob:            0
        Added new bc of config_default:  0
        Added new bc of named choice:    0
        Removed bc of config_default:    0
        Removed bc of named choice:      0
        Removed no match for o(r)source: 0
        Removed optional choice attr:    0
        Removed bool     choice attr:    0
        Removed tristate choice attr:    0
Excel saved: /home/ljd/wsMA_prototyp/transform_projects/transform_px4/PX4_log/results6.xlsx
        Done writting 5 lines in /home/ljd/wsMA_prototyp/transform_projects/transform_px4/PX4_output/src/modules/mc_autotune_attitude_control/Kconfig


Reader found: 12 lines in /home/ljd/px4/PX4-Autopilot/src/modules/mc_hover_thrust_estimator/Kconfig
call _transform_lines(lines from reader, input, configdefault dict info)
start transforming 12 input lines
    FILE LOG --------------------------------------------------------------
    Reader input                12 lines
    -----------------------------------------------------------------------
    All source without glob:    0
    All source using glob:      0
    All osource_keywords:       0
    All rsource_keywords:       0
    All orsource_keywords:      0
    SUM (r/or/o)source lines:   0
    All "option env" attr:      0
    -----------------------------------------------------------------------
    Transformer Output:         12 lines
    -----------------------------------------------------------------------
        Added new bc of def_*:           0
        Added new bc of glob:            0
        Added new bc of config_default:  0
        Added new bc of named choice:    0
        Removed bc of config_default:    0
        Removed bc of named choice:      0
        Removed no match for o(r)source: 0
        Removed optional choice attr:    0
        Removed bool     choice attr:    0
        Removed tristate choice attr:    0
Excel saved: /home/ljd/wsMA_prototyp/transform_projects/transform_px4/PX4_log/results6.xlsx
        Done writting 12 lines in /home/ljd/wsMA_prototyp/transform_projects/transform_px4/PX4_output/src/modules/mc_hover_thrust_estimator/Kconfig


Reader found: 12 lines in /home/ljd/px4/PX4-Autopilot/src/modules/mc_nn_control/Kconfig
call _transform_lines(lines from reader, input, configdefault dict info)
start transforming 12 input lines
    FILE LOG --------------------------------------------------------------
    Reader input                12 lines
    -----------------------------------------------------------------------
    All source without glob:    0
    All source using glob:      0
    All osource_keywords:       0
    All rsource_keywords:       0
    All orsource_keywords:      0
    SUM (r/or/o)source lines:   0
    All "option env" attr:      0
    -----------------------------------------------------------------------
    Transformer Output:         12 lines
    -----------------------------------------------------------------------
        Added new bc of def_*:           0
        Added new bc of glob:            0
        Added new bc of config_default:  0
        Added new bc of named choice:    0
        Removed bc of config_default:    0
        Removed bc of named choice:      0
        Removed no match for o(r)source: 0
        Removed optional choice attr:    0
        Removed bool     choice attr:    0
        Removed tristate choice attr:    0
Excel saved: /home/ljd/wsMA_prototyp/transform_projects/transform_px4/PX4_log/results6.xlsx
        Done writting 12 lines in /home/ljd/wsMA_prototyp/transform_projects/transform_px4/PX4_output/src/modules/mc_nn_control/Kconfig


Reader found: 12 lines in /home/ljd/px4/PX4-Autopilot/src/modules/mc_pos_control/Kconfig
call _transform_lines(lines from reader, input, configdefault dict info)
start transforming 12 input lines
    FILE LOG --------------------------------------------------------------
    Reader input                12 lines
    -----------------------------------------------------------------------
    All source without glob:    0
    All source using glob:      0
    All osource_keywords:       0
    All rsource_keywords:       0
    All orsource_keywords:      0
    SUM (r/or/o)source lines:   0
    All "option env" attr:      0
    -----------------------------------------------------------------------
    Transformer Output:         12 lines
    -----------------------------------------------------------------------
        Added new bc of def_*:           0
        Added new bc of glob:            0
        Added new bc of config_default:  0
        Added new bc of named choice:    0
        Removed bc of config_default:    0
        Removed bc of named choice:      0
        Removed no match for o(r)source: 0
        Removed optional choice attr:    0
        Removed bool     choice attr:    0
        Removed tristate choice attr:    0
Excel saved: /home/ljd/wsMA_prototyp/transform_projects/transform_px4/PX4_log/results6.xlsx
        Done writting 12 lines in /home/ljd/wsMA_prototyp/transform_projects/transform_px4/PX4_output/src/modules/mc_pos_control/Kconfig


Reader found: 12 lines in /home/ljd/px4/PX4-Autopilot/src/modules/mc_rate_control/Kconfig
call _transform_lines(lines from reader, input, configdefault dict info)
start transforming 12 input lines
    FILE LOG --------------------------------------------------------------
    Reader input                12 lines
    -----------------------------------------------------------------------
    All source without glob:    0
    All source using glob:      0
    All osource_keywords:       0
    All rsource_keywords:       0
    All orsource_keywords:      0
    SUM (r/or/o)source lines:   0
    All "option env" attr:      0
    -----------------------------------------------------------------------
    Transformer Output:         12 lines
    -----------------------------------------------------------------------
        Added new bc of def_*:           0
        Added new bc of glob:            0
        Added new bc of config_default:  0
        Added new bc of named choice:    0
        Removed bc of config_default:    0
        Removed bc of named choice:      0
        Removed no match for o(r)source: 0
        Removed optional choice attr:    0
        Removed bool     choice attr:    0
        Removed tristate choice attr:    0
Excel saved: /home/ljd/wsMA_prototyp/transform_projects/transform_px4/PX4_log/results6.xlsx
        Done writting 12 lines in /home/ljd/wsMA_prototyp/transform_projects/transform_px4/PX4_output/src/modules/mc_rate_control/Kconfig


Reader found: 4 lines in /home/ljd/px4/PX4-Autopilot/src/modules/muorb/Kconfig
call _transform_lines(lines from reader, input, configdefault dict info)
start transforming 4 input lines
    GLOB LOG ----------------------------------------------------------------------------
    Resolve rsource: */Kconfig at line 3
      -> src/modules/muorb/apps/Kconfig
      -> src/modules/muorb/slpi/Kconfig
    Files matching: 2 (using rsource)
    FILE LOG --------------------------------------------------------------
    Reader input                4 lines
    -----------------------------------------------------------------------
    All source without glob:    0
    All source using glob:      0
    All osource_keywords:       0
    All rsource_keywords:       1
    All orsource_keywords:      0
    SUM (r/or/o)source lines:   1
    All "option env" attr:      0
    -----------------------------------------------------------------------
    Transformer Output:         5 lines
    -----------------------------------------------------------------------
        Added new bc of def_*:           0
        Added new bc of glob:            1
        Added new bc of config_default:  0
        Added new bc of named choice:    0
        Removed bc of config_default:    0
        Removed bc of named choice:      0
        Removed no match for o(r)source: 0
        Removed optional choice attr:    0
        Removed bool     choice attr:    0
        Removed tristate choice attr:    0
Excel saved: /home/ljd/wsMA_prototyp/transform_projects/transform_px4/PX4_log/results6.xlsx
        Done writting 5 lines in /home/ljd/wsMA_prototyp/transform_projects/transform_px4/PX4_output/src/modules/muorb/Kconfig


Reader found: 14 lines in /home/ljd/px4/PX4-Autopilot/src/modules/muorb/apps/Kconfig
call _transform_lines(lines from reader, input, configdefault dict info)
start transforming 14 input lines
    FILE LOG --------------------------------------------------------------
    Reader input                14 lines
    -----------------------------------------------------------------------
    All source without glob:    0
    All source using glob:      0
    All osource_keywords:       0
    All rsource_keywords:       0
    All orsource_keywords:      0
    SUM (r/or/o)source lines:   0
    All "option env" attr:      0
    -----------------------------------------------------------------------
    Transformer Output:         14 lines
    -----------------------------------------------------------------------
        Added new bc of def_*:           0
        Added new bc of glob:            0
        Added new bc of config_default:  0
        Added new bc of named choice:    0
        Removed bc of config_default:    0
        Removed bc of named choice:      0
        Removed no match for o(r)source: 0
        Removed optional choice attr:    0
        Removed bool     choice attr:    0
        Removed tristate choice attr:    0
Excel saved: /home/ljd/wsMA_prototyp/transform_projects/transform_px4/PX4_log/results6.xlsx
        Done writting 14 lines in /home/ljd/wsMA_prototyp/transform_projects/transform_px4/PX4_output/src/modules/muorb/apps/Kconfig


Reader found: 6 lines in /home/ljd/px4/PX4-Autopilot/src/modules/muorb/slpi/Kconfig
call _transform_lines(lines from reader, input, configdefault dict info)
start transforming 6 input lines
    FILE LOG --------------------------------------------------------------
    Reader input                6 lines
    -----------------------------------------------------------------------
    All source without glob:    0
    All source using glob:      0
    All osource_keywords:       0
    All rsource_keywords:       0
    All orsource_keywords:      0
    SUM (r/or/o)source lines:   0
    All "option env" attr:      0
    -----------------------------------------------------------------------
    Transformer Output:         6 lines
    -----------------------------------------------------------------------
        Added new bc of def_*:           0
        Added new bc of glob:            0
        Added new bc of config_default:  0
        Added new bc of named choice:    0
        Removed bc of config_default:    0
        Removed bc of named choice:      0
        Removed no match for o(r)source: 0
        Removed optional choice attr:    0
        Removed bool     choice attr:    0
        Removed tristate choice attr:    0
Excel saved: /home/ljd/wsMA_prototyp/transform_projects/transform_px4/PX4_log/results6.xlsx
        Done writting 6 lines in /home/ljd/wsMA_prototyp/transform_projects/transform_px4/PX4_output/src/modules/muorb/slpi/Kconfig


Reader found: 29 lines in /home/ljd/px4/PX4-Autopilot/src/modules/navigator/Kconfig
call _transform_lines(lines from reader, input, configdefault dict info)
start transforming 29 input lines
    FILE LOG --------------------------------------------------------------
    Reader input                29 lines
    -----------------------------------------------------------------------
    All source without glob:    0
    All source using glob:      0
    All osource_keywords:       0
    All rsource_keywords:       0
    All orsource_keywords:      0
    SUM (r/or/o)source lines:   0
    All "option env" attr:      0
    -----------------------------------------------------------------------
    Transformer Output:         29 lines
    -----------------------------------------------------------------------
        Added new bc of def_*:           0
        Added new bc of glob:            0
        Added new bc of config_default:  0
        Added new bc of named choice:    0
        Removed bc of config_default:    0
        Removed bc of named choice:      0
        Removed no match for o(r)source: 0
        Removed optional choice attr:    0
        Removed bool     choice attr:    0
        Removed tristate choice attr:    0
Excel saved: /home/ljd/wsMA_prototyp/transform_projects/transform_px4/PX4_log/results6.xlsx
        Done writting 29 lines in /home/ljd/wsMA_prototyp/transform_projects/transform_px4/PX4_output/src/modules/navigator/Kconfig


Reader found: 5 lines in /home/ljd/px4/PX4-Autopilot/src/modules/payload_deliverer/Kconfig
call _transform_lines(lines from reader, input, configdefault dict info)
start transforming 5 input lines
    FILE LOG --------------------------------------------------------------
    Reader input                5 lines
    -----------------------------------------------------------------------
    All source without glob:    0
    All source using glob:      0
    All osource_keywords:       0
    All rsource_keywords:       0
    All orsource_keywords:      0
    SUM (r/or/o)source lines:   0
    All "option env" attr:      0
    -----------------------------------------------------------------------
    Transformer Output:         5 lines
    -----------------------------------------------------------------------
        Added new bc of def_*:           0
        Added new bc of glob:            0
        Added new bc of config_default:  0
        Added new bc of named choice:    0
        Removed bc of config_default:    0
        Removed bc of named choice:      0
        Removed no match for o(r)source: 0
        Removed optional choice attr:    0
        Removed bool     choice attr:    0
        Removed tristate choice attr:    0
Excel saved: /home/ljd/wsMA_prototyp/transform_projects/transform_px4/PX4_log/results6.xlsx
        Done writting 5 lines in /home/ljd/wsMA_prototyp/transform_projects/transform_px4/PX4_output/src/modules/payload_deliverer/Kconfig


Reader found: 5 lines in /home/ljd/px4/PX4-Autopilot/src/modules/px4iofirmware/Kconfig
call _transform_lines(lines from reader, input, configdefault dict info)
start transforming 5 input lines
    FILE LOG --------------------------------------------------------------
    Reader input                5 lines
    -----------------------------------------------------------------------
    All source without glob:    0
    All source using glob:      0
    All osource_keywords:       0
    All rsource_keywords:       0
    All orsource_keywords:      0
    SUM (r/or/o)source lines:   0
    All "option env" attr:      0
    -----------------------------------------------------------------------
    Transformer Output:         5 lines
    -----------------------------------------------------------------------
        Added new bc of def_*:           0
        Added new bc of glob:            0
        Added new bc of config_default:  0
        Added new bc of named choice:    0
        Removed bc of config_default:    0
        Removed bc of named choice:      0
        Removed no match for o(r)source: 0
        Removed optional choice attr:    0
        Removed bool     choice attr:    0
        Removed tristate choice attr:    0
Excel saved: /home/ljd/wsMA_prototyp/transform_projects/transform_px4/PX4_log/results6.xlsx
        Done writting 5 lines in /home/ljd/wsMA_prototyp/transform_projects/transform_px4/PX4_output/src/modules/px4iofirmware/Kconfig


Reader found: 12 lines in /home/ljd/px4/PX4-Autopilot/src/modules/rc_update/Kconfig
call _transform_lines(lines from reader, input, configdefault dict info)
start transforming 12 input lines
    FILE LOG --------------------------------------------------------------
    Reader input                12 lines
    -----------------------------------------------------------------------
    All source without glob:    0
    All source using glob:      0
    All osource_keywords:       0
    All rsource_keywords:       0
    All orsource_keywords:      0
    SUM (r/or/o)source lines:   0
    All "option env" attr:      0
    -----------------------------------------------------------------------
    Transformer Output:         12 lines
    -----------------------------------------------------------------------
        Added new bc of def_*:           0
        Added new bc of glob:            0
        Added new bc of config_default:  0
        Added new bc of named choice:    0
        Removed bc of config_default:    0
        Removed bc of named choice:      0
        Removed no match for o(r)source: 0
        Removed optional choice attr:    0
        Removed bool     choice attr:    0
        Removed tristate choice attr:    0
Excel saved: /home/ljd/wsMA_prototyp/transform_projects/transform_px4/PX4_log/results6.xlsx
        Done writting 12 lines in /home/ljd/wsMA_prototyp/transform_projects/transform_px4/PX4_output/src/modules/rc_update/Kconfig


Reader found: 5 lines in /home/ljd/px4/PX4-Autopilot/src/modules/replay/Kconfig
call _transform_lines(lines from reader, input, configdefault dict info)
start transforming 5 input lines
    FILE LOG --------------------------------------------------------------
    Reader input                5 lines
    -----------------------------------------------------------------------
    All source without glob:    0
    All source using glob:      0
    All osource_keywords:       0
    All rsource_keywords:       0
    All orsource_keywords:      0
    SUM (r/or/o)source lines:   0
    All "option env" attr:      0
    -----------------------------------------------------------------------
    Transformer Output:         5 lines
    -----------------------------------------------------------------------
        Added new bc of def_*:           0
        Added new bc of glob:            0
        Added new bc of config_default:  0
        Added new bc of named choice:    0
        Removed bc of config_default:    0
        Removed bc of named choice:      0
        Removed no match for o(r)source: 0
        Removed optional choice attr:    0
        Removed bool     choice attr:    0
        Removed tristate choice attr:    0
Excel saved: /home/ljd/wsMA_prototyp/transform_projects/transform_px4/PX4_log/results6.xlsx
        Done writting 5 lines in /home/ljd/wsMA_prototyp/transform_projects/transform_px4/PX4_output/src/modules/replay/Kconfig


Reader found: 5 lines in /home/ljd/px4/PX4-Autopilot/src/modules/rover_ackermann/Kconfig
call _transform_lines(lines from reader, input, configdefault dict info)
start transforming 5 input lines
    FILE LOG --------------------------------------------------------------
    Reader input                5 lines
    -----------------------------------------------------------------------
    All source without glob:    0
    All source using glob:      0
    All osource_keywords:       0
    All rsource_keywords:       0
    All orsource_keywords:      0
    SUM (r/or/o)source lines:   0
    All "option env" attr:      0
    -----------------------------------------------------------------------
    Transformer Output:         5 lines
    -----------------------------------------------------------------------
        Added new bc of def_*:           0
        Added new bc of glob:            0
        Added new bc of config_default:  0
        Added new bc of named choice:    0
        Removed bc of config_default:    0
        Removed bc of named choice:      0
        Removed no match for o(r)source: 0
        Removed optional choice attr:    0
        Removed bool     choice attr:    0
        Removed tristate choice attr:    0
Excel saved: /home/ljd/wsMA_prototyp/transform_projects/transform_px4/PX4_log/results6.xlsx
        Done writting 5 lines in /home/ljd/wsMA_prototyp/transform_projects/transform_px4/PX4_output/src/modules/rover_ackermann/Kconfig


Reader found: 5 lines in /home/ljd/px4/PX4-Autopilot/src/modules/rover_differential/Kconfig
call _transform_lines(lines from reader, input, configdefault dict info)
start transforming 5 input lines
    FILE LOG --------------------------------------------------------------
    Reader input                5 lines
    -----------------------------------------------------------------------
    All source without glob:    0
    All source using glob:      0
    All osource_keywords:       0
    All rsource_keywords:       0
    All orsource_keywords:      0
    SUM (r/or/o)source lines:   0
    All "option env" attr:      0
    -----------------------------------------------------------------------
    Transformer Output:         5 lines
    -----------------------------------------------------------------------
        Added new bc of def_*:           0
        Added new bc of glob:            0
        Added new bc of config_default:  0
        Added new bc of named choice:    0
        Removed bc of config_default:    0
        Removed bc of named choice:      0
        Removed no match for o(r)source: 0
        Removed optional choice attr:    0
        Removed bool     choice attr:    0
        Removed tristate choice attr:    0
Excel saved: /home/ljd/wsMA_prototyp/transform_projects/transform_px4/PX4_log/results6.xlsx
        Done writting 5 lines in /home/ljd/wsMA_prototyp/transform_projects/transform_px4/PX4_output/src/modules/rover_differential/Kconfig


Reader found: 5 lines in /home/ljd/px4/PX4-Autopilot/src/modules/rover_mecanum/Kconfig
call _transform_lines(lines from reader, input, configdefault dict info)
start transforming 5 input lines
    FILE LOG --------------------------------------------------------------
    Reader input                5 lines
    -----------------------------------------------------------------------
    All source without glob:    0
    All source using glob:      0
    All osource_keywords:       0
    All rsource_keywords:       0
    All orsource_keywords:      0
    SUM (r/or/o)source lines:   0
    All "option env" attr:      0
    -----------------------------------------------------------------------
    Transformer Output:         5 lines
    -----------------------------------------------------------------------
        Added new bc of def_*:           0
        Added new bc of glob:            0
        Added new bc of config_default:  0
        Added new bc of named choice:    0
        Removed bc of config_default:    0
        Removed bc of named choice:      0
        Removed no match for o(r)source: 0
        Removed optional choice attr:    0
        Removed bool     choice attr:    0
        Removed tristate choice attr:    0
Excel saved: /home/ljd/wsMA_prototyp/transform_projects/transform_px4/PX4_log/results6.xlsx
        Done writting 5 lines in /home/ljd/wsMA_prototyp/transform_projects/transform_px4/PX4_output/src/modules/rover_mecanum/Kconfig


Reader found: 43 lines in /home/ljd/px4/PX4-Autopilot/src/modules/sensors/Kconfig
call _transform_lines(lines from reader, input, configdefault dict info)
start transforming 43 input lines
    FILE LOG --------------------------------------------------------------
    Reader input                43 lines
    -----------------------------------------------------------------------
    All source without glob:    0
    All source using glob:      0
    All osource_keywords:       0
    All rsource_keywords:       0
    All orsource_keywords:      0
    SUM (r/or/o)source lines:   0
    All "option env" attr:      0
    -----------------------------------------------------------------------
    Transformer Output:         43 lines
    -----------------------------------------------------------------------
        Added new bc of def_*:           0
        Added new bc of glob:            0
        Added new bc of config_default:  0
        Added new bc of named choice:    0
        Removed bc of config_default:    0
        Removed bc of named choice:      0
        Removed no match for o(r)source: 0
        Removed optional choice attr:    0
        Removed bool     choice attr:    0
        Removed tristate choice attr:    0
Excel saved: /home/ljd/wsMA_prototyp/transform_projects/transform_px4/PX4_log/results6.xlsx
        Done writting 43 lines in /home/ljd/wsMA_prototyp/transform_projects/transform_px4/PX4_output/src/modules/sensors/Kconfig


Reader found: 18 lines in /home/ljd/px4/PX4-Autopilot/src/modules/simulation/Kconfig
call _transform_lines(lines from reader, input, configdefault dict info)
start transforming 18 input lines
    GLOB LOG ----------------------------------------------------------------------------
    Resolve rsource: */Kconfig at line 17
      -> src/modules/simulation/battery_simulator/Kconfig
      -> src/modules/simulation/gz_bridge/Kconfig
      -> src/modules/simulation/gz_msgs/Kconfig
      -> src/modules/simulation/gz_plugins/Kconfig
      -> src/modules/simulation/pwm_out_sim/Kconfig
      -> src/modules/simulation/sensor_agp_sim/Kconfig
      -> src/modules/simulation/sensor_airspeed_sim/Kconfig
      -> src/modules/simulation/sensor_baro_sim/Kconfig
      -> src/modules/simulation/sensor_gps_sim/Kconfig
      -> src/modules/simulation/sensor_mag_sim/Kconfig
      -> src/modules/simulation/simulator_mavlink/Kconfig
      -> src/modules/simulation/simulator_sih/Kconfig
      -> src/modules/simulation/system_power_simulator/Kconfig
    Files matching: 13 (using rsource)
    FILE LOG --------------------------------------------------------------
    Reader input                18 lines
    -----------------------------------------------------------------------
    All source without glob:    0
    All source using glob:      0
    All osource_keywords:       0
    All rsource_keywords:       1
    All orsource_keywords:      0
    SUM (r/or/o)source lines:   1
    All "option env" attr:      0
    -----------------------------------------------------------------------
    Transformer Output:         30 lines
    -----------------------------------------------------------------------
        Added new bc of def_*:           0
        Added new bc of glob:            12
        Added new bc of config_default:  0
        Added new bc of named choice:    0
        Removed bc of config_default:    0
        Removed bc of named choice:      0
        Removed no match for o(r)source: 0
        Removed optional choice attr:    0
        Removed bool     choice attr:    0
        Removed tristate choice attr:    0
Excel saved: /home/ljd/wsMA_prototyp/transform_projects/transform_px4/PX4_log/results6.xlsx
        Done writting 30 lines in /home/ljd/wsMA_prototyp/transform_projects/transform_px4/PX4_output/src/modules/simulation/Kconfig


Reader found: 5 lines in /home/ljd/px4/PX4-Autopilot/src/modules/simulation/battery_simulator/Kconfig
call _transform_lines(lines from reader, input, configdefault dict info)
start transforming 5 input lines
    FILE LOG --------------------------------------------------------------
    Reader input                5 lines
    -----------------------------------------------------------------------
    All source without glob:    0
    All source using glob:      0
    All osource_keywords:       0
    All rsource_keywords:       0
    All orsource_keywords:      0
    SUM (r/or/o)source lines:   0
    All "option env" attr:      0
    -----------------------------------------------------------------------
    Transformer Output:         5 lines
    -----------------------------------------------------------------------
        Added new bc of def_*:           0
        Added new bc of glob:            0
        Added new bc of config_default:  0
        Added new bc of named choice:    0
        Removed bc of config_default:    0
        Removed bc of named choice:      0
        Removed no match for o(r)source: 0
        Removed optional choice attr:    0
        Removed bool     choice attr:    0
        Removed tristate choice attr:    0
Excel saved: /home/ljd/wsMA_prototyp/transform_projects/transform_px4/PX4_log/results6.xlsx
        Done writting 5 lines in /home/ljd/wsMA_prototyp/transform_projects/transform_px4/PX4_output/src/modules/simulation/battery_simulator/Kconfig


Reader found: 6 lines in /home/ljd/px4/PX4-Autopilot/src/modules/simulation/gz_bridge/Kconfig
call _transform_lines(lines from reader, input, configdefault dict info)
start transforming 6 input lines
    FILE LOG --------------------------------------------------------------
    Reader input                6 lines
    -----------------------------------------------------------------------
    All source without glob:    0
    All source using glob:      0
    All osource_keywords:       0
    All rsource_keywords:       0
    All orsource_keywords:      0
    SUM (r/or/o)source lines:   0
    All "option env" attr:      0
    -----------------------------------------------------------------------
    Transformer Output:         6 lines
    -----------------------------------------------------------------------
        Added new bc of def_*:           0
        Added new bc of glob:            0
        Added new bc of config_default:  0
        Added new bc of named choice:    0
        Removed bc of config_default:    0
        Removed bc of named choice:      0
        Removed no match for o(r)source: 0
        Removed optional choice attr:    0
        Removed bool     choice attr:    0
        Removed tristate choice attr:    0
Excel saved: /home/ljd/wsMA_prototyp/transform_projects/transform_px4/PX4_log/results6.xlsx
        Done writting 6 lines in /home/ljd/wsMA_prototyp/transform_projects/transform_px4/PX4_output/src/modules/simulation/gz_bridge/Kconfig


Reader found: 6 lines in /home/ljd/px4/PX4-Autopilot/src/modules/simulation/gz_msgs/Kconfig
call _transform_lines(lines from reader, input, configdefault dict info)
start transforming 6 input lines
    FILE LOG --------------------------------------------------------------
    Reader input                6 lines
    -----------------------------------------------------------------------
    All source without glob:    0
    All source using glob:      0
    All osource_keywords:       0
    All rsource_keywords:       0
    All orsource_keywords:      0
    SUM (r/or/o)source lines:   0
    All "option env" attr:      0
    -----------------------------------------------------------------------
    Transformer Output:         6 lines
    -----------------------------------------------------------------------
        Added new bc of def_*:           0
        Added new bc of glob:            0
        Added new bc of config_default:  0
        Added new bc of named choice:    0
        Removed bc of config_default:    0
        Removed bc of named choice:      0
        Removed no match for o(r)source: 0
        Removed optional choice attr:    0
        Removed bool     choice attr:    0
        Removed tristate choice attr:    0
Excel saved: /home/ljd/wsMA_prototyp/transform_projects/transform_px4/PX4_log/results6.xlsx
        Done writting 6 lines in /home/ljd/wsMA_prototyp/transform_projects/transform_px4/PX4_output/src/modules/simulation/gz_msgs/Kconfig


Reader found: 6 lines in /home/ljd/px4/PX4-Autopilot/src/modules/simulation/gz_plugins/Kconfig
call _transform_lines(lines from reader, input, configdefault dict info)
start transforming 6 input lines
    FILE LOG --------------------------------------------------------------
    Reader input                6 lines
    -----------------------------------------------------------------------
    All source without glob:    0
    All source using glob:      0
    All osource_keywords:       0
    All rsource_keywords:       0
    All orsource_keywords:      0
    SUM (r/or/o)source lines:   0
    All "option env" attr:      0
    -----------------------------------------------------------------------
    Transformer Output:         6 lines
    -----------------------------------------------------------------------
        Added new bc of def_*:           0
        Added new bc of glob:            0
        Added new bc of config_default:  0
        Added new bc of named choice:    0
        Removed bc of config_default:    0
        Removed bc of named choice:      0
        Removed no match for o(r)source: 0
        Removed optional choice attr:    0
        Removed bool     choice attr:    0
        Removed tristate choice attr:    0
Excel saved: /home/ljd/wsMA_prototyp/transform_projects/transform_px4/PX4_log/results6.xlsx
        Done writting 6 lines in /home/ljd/wsMA_prototyp/transform_projects/transform_px4/PX4_output/src/modules/simulation/gz_plugins/Kconfig


Reader found: 5 lines in /home/ljd/px4/PX4-Autopilot/src/modules/simulation/pwm_out_sim/Kconfig
call _transform_lines(lines from reader, input, configdefault dict info)
start transforming 5 input lines
    FILE LOG --------------------------------------------------------------
    Reader input                5 lines
    -----------------------------------------------------------------------
    All source without glob:    0
    All source using glob:      0
    All osource_keywords:       0
    All rsource_keywords:       0
    All orsource_keywords:      0
    SUM (r/or/o)source lines:   0
    All "option env" attr:      0
    -----------------------------------------------------------------------
    Transformer Output:         5 lines
    -----------------------------------------------------------------------
        Added new bc of def_*:           0
        Added new bc of glob:            0
        Added new bc of config_default:  0
        Added new bc of named choice:    0
        Removed bc of config_default:    0
        Removed bc of named choice:      0
        Removed no match for o(r)source: 0
        Removed optional choice attr:    0
        Removed bool     choice attr:    0
        Removed tristate choice attr:    0
Excel saved: /home/ljd/wsMA_prototyp/transform_projects/transform_px4/PX4_log/results6.xlsx
        Done writting 5 lines in /home/ljd/wsMA_prototyp/transform_projects/transform_px4/PX4_output/src/modules/simulation/pwm_out_sim/Kconfig


Reader found: 5 lines in /home/ljd/px4/PX4-Autopilot/src/modules/simulation/sensor_agp_sim/Kconfig
call _transform_lines(lines from reader, input, configdefault dict info)
start transforming 5 input lines
    FILE LOG --------------------------------------------------------------
    Reader input                5 lines
    -----------------------------------------------------------------------
    All source without glob:    0
    All source using glob:      0
    All osource_keywords:       0
    All rsource_keywords:       0
    All orsource_keywords:      0
    SUM (r/or/o)source lines:   0
    All "option env" attr:      0
    -----------------------------------------------------------------------
    Transformer Output:         5 lines
    -----------------------------------------------------------------------
        Added new bc of def_*:           0
        Added new bc of glob:            0
        Added new bc of config_default:  0
        Added new bc of named choice:    0
        Removed bc of config_default:    0
        Removed bc of named choice:      0
        Removed no match for o(r)source: 0
        Removed optional choice attr:    0
        Removed bool     choice attr:    0
        Removed tristate choice attr:    0
Excel saved: /home/ljd/wsMA_prototyp/transform_projects/transform_px4/PX4_log/results6.xlsx
        Done writting 5 lines in /home/ljd/wsMA_prototyp/transform_projects/transform_px4/PX4_output/src/modules/simulation/sensor_agp_sim/Kconfig


Reader found: 5 lines in /home/ljd/px4/PX4-Autopilot/src/modules/simulation/sensor_airspeed_sim/Kconfig
call _transform_lines(lines from reader, input, configdefault dict info)
start transforming 5 input lines
    FILE LOG --------------------------------------------------------------
    Reader input                5 lines
    -----------------------------------------------------------------------
    All source without glob:    0
    All source using glob:      0
    All osource_keywords:       0
    All rsource_keywords:       0
    All orsource_keywords:      0
    SUM (r/or/o)source lines:   0
    All "option env" attr:      0
    -----------------------------------------------------------------------
    Transformer Output:         5 lines
    -----------------------------------------------------------------------
        Added new bc of def_*:           0
        Added new bc of glob:            0
        Added new bc of config_default:  0
        Added new bc of named choice:    0
        Removed bc of config_default:    0
        Removed bc of named choice:      0
        Removed no match for o(r)source: 0
        Removed optional choice attr:    0
        Removed bool     choice attr:    0
        Removed tristate choice attr:    0
Excel saved: /home/ljd/wsMA_prototyp/transform_projects/transform_px4/PX4_log/results6.xlsx
        Done writting 5 lines in /home/ljd/wsMA_prototyp/transform_projects/transform_px4/PX4_output/src/modules/simulation/sensor_airspeed_sim/Kconfig


Reader found: 5 lines in /home/ljd/px4/PX4-Autopilot/src/modules/simulation/sensor_baro_sim/Kconfig
call _transform_lines(lines from reader, input, configdefault dict info)
start transforming 5 input lines
    FILE LOG --------------------------------------------------------------
    Reader input                5 lines
    -----------------------------------------------------------------------
    All source without glob:    0
    All source using glob:      0
    All osource_keywords:       0
    All rsource_keywords:       0
    All orsource_keywords:      0
    SUM (r/or/o)source lines:   0
    All "option env" attr:      0
    -----------------------------------------------------------------------
    Transformer Output:         5 lines
    -----------------------------------------------------------------------
        Added new bc of def_*:           0
        Added new bc of glob:            0
        Added new bc of config_default:  0
        Added new bc of named choice:    0
        Removed bc of config_default:    0
        Removed bc of named choice:      0
        Removed no match for o(r)source: 0
        Removed optional choice attr:    0
        Removed bool     choice attr:    0
        Removed tristate choice attr:    0
Excel saved: /home/ljd/wsMA_prototyp/transform_projects/transform_px4/PX4_log/results6.xlsx
        Done writting 5 lines in /home/ljd/wsMA_prototyp/transform_projects/transform_px4/PX4_output/src/modules/simulation/sensor_baro_sim/Kconfig


Reader found: 5 lines in /home/ljd/px4/PX4-Autopilot/src/modules/simulation/sensor_gps_sim/Kconfig
call _transform_lines(lines from reader, input, configdefault dict info)
start transforming 5 input lines
    FILE LOG --------------------------------------------------------------
    Reader input                5 lines
    -----------------------------------------------------------------------
    All source without glob:    0
    All source using glob:      0
    All osource_keywords:       0
    All rsource_keywords:       0
    All orsource_keywords:      0
    SUM (r/or/o)source lines:   0
    All "option env" attr:      0
    -----------------------------------------------------------------------
    Transformer Output:         5 lines
    -----------------------------------------------------------------------
        Added new bc of def_*:           0
        Added new bc of glob:            0
        Added new bc of config_default:  0
        Added new bc of named choice:    0
        Removed bc of config_default:    0
        Removed bc of named choice:      0
        Removed no match for o(r)source: 0
        Removed optional choice attr:    0
        Removed bool     choice attr:    0
        Removed tristate choice attr:    0
Excel saved: /home/ljd/wsMA_prototyp/transform_projects/transform_px4/PX4_log/results6.xlsx
        Done writting 5 lines in /home/ljd/wsMA_prototyp/transform_projects/transform_px4/PX4_output/src/modules/simulation/sensor_gps_sim/Kconfig


Reader found: 5 lines in /home/ljd/px4/PX4-Autopilot/src/modules/simulation/sensor_mag_sim/Kconfig
call _transform_lines(lines from reader, input, configdefault dict info)
start transforming 5 input lines
    FILE LOG --------------------------------------------------------------
    Reader input                5 lines
    -----------------------------------------------------------------------
    All source without glob:    0
    All source using glob:      0
    All osource_keywords:       0
    All rsource_keywords:       0
    All orsource_keywords:      0
    SUM (r/or/o)source lines:   0
    All "option env" attr:      0
    -----------------------------------------------------------------------
    Transformer Output:         5 lines
    -----------------------------------------------------------------------
        Added new bc of def_*:           0
        Added new bc of glob:            0
        Added new bc of config_default:  0
        Added new bc of named choice:    0
        Removed bc of config_default:    0
        Removed bc of named choice:      0
        Removed no match for o(r)source: 0
        Removed optional choice attr:    0
        Removed bool     choice attr:    0
        Removed tristate choice attr:    0
Excel saved: /home/ljd/wsMA_prototyp/transform_projects/transform_px4/PX4_log/results6.xlsx
        Done writting 5 lines in /home/ljd/wsMA_prototyp/transform_projects/transform_px4/PX4_output/src/modules/simulation/sensor_mag_sim/Kconfig


Reader found: 7 lines in /home/ljd/px4/PX4-Autopilot/src/modules/simulation/simulator_mavlink/Kconfig
call _transform_lines(lines from reader, input, configdefault dict info)
start transforming 7 input lines
    FILE LOG --------------------------------------------------------------
    Reader input                7 lines
    -----------------------------------------------------------------------
    All source without glob:    0
    All source using glob:      0
    All osource_keywords:       0
    All rsource_keywords:       0
    All orsource_keywords:      0
    SUM (r/or/o)source lines:   0
    All "option env" attr:      0
    -----------------------------------------------------------------------
    Transformer Output:         7 lines
    -----------------------------------------------------------------------
        Added new bc of def_*:           0
        Added new bc of glob:            0
        Added new bc of config_default:  0
        Added new bc of named choice:    0
        Removed bc of config_default:    0
        Removed bc of named choice:      0
        Removed no match for o(r)source: 0
        Removed optional choice attr:    0
        Removed bool     choice attr:    0
        Removed tristate choice attr:    0
Excel saved: /home/ljd/wsMA_prototyp/transform_projects/transform_px4/PX4_log/results6.xlsx
        Done writting 7 lines in /home/ljd/wsMA_prototyp/transform_projects/transform_px4/PX4_output/src/modules/simulation/simulator_mavlink/Kconfig


Reader found: 16 lines in /home/ljd/px4/PX4-Autopilot/src/modules/simulation/simulator_sih/Kconfig
call _transform_lines(lines from reader, input, configdefault dict info)
start transforming 16 input lines
    FILE LOG --------------------------------------------------------------
    Reader input                16 lines
    -----------------------------------------------------------------------
    All source without glob:    0
    All source using glob:      0
    All osource_keywords:       0
    All rsource_keywords:       0
    All orsource_keywords:      0
    SUM (r/or/o)source lines:   0
    All "option env" attr:      0
    -----------------------------------------------------------------------
    Transformer Output:         16 lines
    -----------------------------------------------------------------------
        Added new bc of def_*:           0
        Added new bc of glob:            0
        Added new bc of config_default:  0
        Added new bc of named choice:    0
        Removed bc of config_default:    0
        Removed bc of named choice:      0
        Removed no match for o(r)source: 0
        Removed optional choice attr:    0
        Removed bool     choice attr:    0
        Removed tristate choice attr:    0
Excel saved: /home/ljd/wsMA_prototyp/transform_projects/transform_px4/PX4_log/results6.xlsx
        Done writting 16 lines in /home/ljd/wsMA_prototyp/transform_projects/transform_px4/PX4_output/src/modules/simulation/simulator_sih/Kconfig


Reader found: 5 lines in /home/ljd/px4/PX4-Autopilot/src/modules/simulation/system_power_simulator/Kconfig
call _transform_lines(lines from reader, input, configdefault dict info)
start transforming 5 input lines
    FILE LOG --------------------------------------------------------------
    Reader input                5 lines
    -----------------------------------------------------------------------
    All source without glob:    0
    All source using glob:      0
    All osource_keywords:       0
    All rsource_keywords:       0
    All orsource_keywords:      0
    SUM (r/or/o)source lines:   0
    All "option env" attr:      0
    -----------------------------------------------------------------------
    Transformer Output:         5 lines
    -----------------------------------------------------------------------
        Added new bc of def_*:           0
        Added new bc of glob:            0
        Added new bc of config_default:  0
        Added new bc of named choice:    0
        Removed bc of config_default:    0
        Removed bc of named choice:      0
        Removed no match for o(r)source: 0
        Removed optional choice attr:    0
        Removed bool     choice attr:    0
        Removed tristate choice attr:    0
Excel saved: /home/ljd/wsMA_prototyp/transform_projects/transform_px4/PX4_log/results6.xlsx
        Done writting 5 lines in /home/ljd/wsMA_prototyp/transform_projects/transform_px4/PX4_output/src/modules/simulation/system_power_simulator/Kconfig


Reader found: 12 lines in /home/ljd/px4/PX4-Autopilot/src/modules/spacecraft/Kconfig
call _transform_lines(lines from reader, input, configdefault dict info)
start transforming 12 input lines
    FILE LOG --------------------------------------------------------------
    Reader input                12 lines
    -----------------------------------------------------------------------
    All source without glob:    0
    All source using glob:      0
    All osource_keywords:       0
    All rsource_keywords:       0
    All orsource_keywords:      0
    SUM (r/or/o)source lines:   0
    All "option env" attr:      0
    -----------------------------------------------------------------------
    Transformer Output:         12 lines
    -----------------------------------------------------------------------
        Added new bc of def_*:           0
        Added new bc of glob:            0
        Added new bc of config_default:  0
        Added new bc of named choice:    0
        Removed bc of config_default:    0
        Removed bc of named choice:      0
        Removed no match for o(r)source: 0
        Removed optional choice attr:    0
        Removed bool     choice attr:    0
        Removed tristate choice attr:    0
Excel saved: /home/ljd/wsMA_prototyp/transform_projects/transform_px4/PX4_log/results6.xlsx
        Done writting 12 lines in /home/ljd/wsMA_prototyp/transform_projects/transform_px4/PX4_output/src/modules/spacecraft/Kconfig


Reader found: 12 lines in /home/ljd/px4/PX4-Autopilot/src/modules/temperature_compensation/Kconfig
call _transform_lines(lines from reader, input, configdefault dict info)
start transforming 12 input lines
    FILE LOG --------------------------------------------------------------
    Reader input                12 lines
    -----------------------------------------------------------------------
    All source without glob:    0
    All source using glob:      0
    All osource_keywords:       0
    All rsource_keywords:       0
    All orsource_keywords:      0
    SUM (r/or/o)source lines:   0
    All "option env" attr:      0
    -----------------------------------------------------------------------
    Transformer Output:         12 lines
    -----------------------------------------------------------------------
        Added new bc of def_*:           0
        Added new bc of glob:            0
        Added new bc of config_default:  0
        Added new bc of named choice:    0
        Removed bc of config_default:    0
        Removed bc of named choice:      0
        Removed no match for o(r)source: 0
        Removed optional choice attr:    0
        Removed bool     choice attr:    0
        Removed tristate choice attr:    0
Excel saved: /home/ljd/wsMA_prototyp/transform_projects/transform_px4/PX4_log/results6.xlsx
        Done writting 12 lines in /home/ljd/wsMA_prototyp/transform_projects/transform_px4/PX4_output/src/modules/temperature_compensation/Kconfig


Reader found: 5 lines in /home/ljd/px4/PX4-Autopilot/src/modules/time_persistor/Kconfig
call _transform_lines(lines from reader, input, configdefault dict info)
start transforming 5 input lines
    FILE LOG --------------------------------------------------------------
    Reader input                5 lines
    -----------------------------------------------------------------------
    All source without glob:    0
    All source using glob:      0
    All osource_keywords:       0
    All rsource_keywords:       0
    All orsource_keywords:      0
    SUM (r/or/o)source lines:   0
    All "option env" attr:      0
    -----------------------------------------------------------------------
    Transformer Output:         5 lines
    -----------------------------------------------------------------------
        Added new bc of def_*:           0
        Added new bc of glob:            0
        Added new bc of config_default:  0
        Added new bc of named choice:    0
        Removed bc of config_default:    0
        Removed bc of named choice:      0
        Removed no match for o(r)source: 0
        Removed optional choice attr:    0
        Removed bool     choice attr:    0
        Removed tristate choice attr:    0
Excel saved: /home/ljd/wsMA_prototyp/transform_projects/transform_px4/PX4_log/results6.xlsx
        Done writting 5 lines in /home/ljd/wsMA_prototyp/transform_projects/transform_px4/PX4_output/src/modules/time_persistor/Kconfig


Reader found: 12 lines in /home/ljd/px4/PX4-Autopilot/src/modules/uuv_att_control/Kconfig
call _transform_lines(lines from reader, input, configdefault dict info)
start transforming 12 input lines
    FILE LOG --------------------------------------------------------------
    Reader input                12 lines
    -----------------------------------------------------------------------
    All source without glob:    0
    All source using glob:      0
    All osource_keywords:       0
    All rsource_keywords:       0
    All orsource_keywords:      0
    SUM (r/or/o)source lines:   0
    All "option env" attr:      0
    -----------------------------------------------------------------------
    Transformer Output:         12 lines
    -----------------------------------------------------------------------
        Added new bc of def_*:           0
        Added new bc of glob:            0
        Added new bc of config_default:  0
        Added new bc of named choice:    0
        Removed bc of config_default:    0
        Removed bc of named choice:      0
        Removed no match for o(r)source: 0
        Removed optional choice attr:    0
        Removed bool     choice attr:    0
        Removed tristate choice attr:    0
Excel saved: /home/ljd/wsMA_prototyp/transform_projects/transform_px4/PX4_log/results6.xlsx
        Done writting 12 lines in /home/ljd/wsMA_prototyp/transform_projects/transform_px4/PX4_output/src/modules/uuv_att_control/Kconfig


Reader found: 12 lines in /home/ljd/px4/PX4-Autopilot/src/modules/uuv_pos_control/Kconfig
call _transform_lines(lines from reader, input, configdefault dict info)
start transforming 12 input lines
    FILE LOG --------------------------------------------------------------
    Reader input                12 lines
    -----------------------------------------------------------------------
    All source without glob:    0
    All source using glob:      0
    All osource_keywords:       0
    All rsource_keywords:       0
    All orsource_keywords:      0
    SUM (r/or/o)source lines:   0
    All "option env" attr:      0
    -----------------------------------------------------------------------
    Transformer Output:         12 lines
    -----------------------------------------------------------------------
        Added new bc of def_*:           0
        Added new bc of glob:            0
        Added new bc of config_default:  0
        Added new bc of named choice:    0
        Removed bc of config_default:    0
        Removed bc of named choice:      0
        Removed no match for o(r)source: 0
        Removed optional choice attr:    0
        Removed bool     choice attr:    0
        Removed tristate choice attr:    0
Excel saved: /home/ljd/wsMA_prototyp/transform_projects/transform_px4/PX4_log/results6.xlsx
        Done writting 12 lines in /home/ljd/wsMA_prototyp/transform_projects/transform_px4/PX4_output/src/modules/uuv_pos_control/Kconfig


Reader found: 5 lines in /home/ljd/px4/PX4-Autopilot/src/modules/uxrce_dds_client/Kconfig
call _transform_lines(lines from reader, input, configdefault dict info)
start transforming 5 input lines
    FILE LOG --------------------------------------------------------------
    Reader input                5 lines
    -----------------------------------------------------------------------
    All source without glob:    0
    All source using glob:      0
    All osource_keywords:       0
    All rsource_keywords:       0
    All orsource_keywords:      0
    SUM (r/or/o)source lines:   0
    All "option env" attr:      0
    -----------------------------------------------------------------------
    Transformer Output:         5 lines
    -----------------------------------------------------------------------
        Added new bc of def_*:           0
        Added new bc of glob:            0
        Added new bc of config_default:  0
        Added new bc of named choice:    0
        Removed bc of config_default:    0
        Removed bc of named choice:      0
        Removed no match for o(r)source: 0
        Removed optional choice attr:    0
        Removed bool     choice attr:    0
        Removed tristate choice attr:    0
Excel saved: /home/ljd/wsMA_prototyp/transform_projects/transform_px4/PX4_log/results6.xlsx
        Done writting 5 lines in /home/ljd/wsMA_prototyp/transform_projects/transform_px4/PX4_output/src/modules/uxrce_dds_client/Kconfig


Reader found: 12 lines in /home/ljd/px4/PX4-Autopilot/src/modules/vtol_att_control/Kconfig
call _transform_lines(lines from reader, input, configdefault dict info)
start transforming 12 input lines
    FILE LOG --------------------------------------------------------------
    Reader input                12 lines
    -----------------------------------------------------------------------
    All source without glob:    0
    All source using glob:      0
    All osource_keywords:       0
    All rsource_keywords:       0
    All orsource_keywords:      0
    SUM (r/or/o)source lines:   0
    All "option env" attr:      0
    -----------------------------------------------------------------------
    Transformer Output:         12 lines
    -----------------------------------------------------------------------
        Added new bc of def_*:           0
        Added new bc of glob:            0
        Added new bc of config_default:  0
        Added new bc of named choice:    0
        Removed bc of config_default:    0
        Removed bc of named choice:      0
        Removed no match for o(r)source: 0
        Removed optional choice attr:    0
        Removed bool     choice attr:    0
        Removed tristate choice attr:    0
Excel saved: /home/ljd/wsMA_prototyp/transform_projects/transform_px4/PX4_log/results6.xlsx
        Done writting 12 lines in /home/ljd/wsMA_prototyp/transform_projects/transform_px4/PX4_output/src/modules/vtol_att_control/Kconfig


Reader found: 78 lines in /home/ljd/px4/PX4-Autopilot/src/modules/zenoh/Kconfig
call _transform_lines(lines from reader, input, configdefault dict info)
start transforming 78 input lines
    GLOB LOG ----------------------------------------------------------------------------
    Resolve rsource: Kconfig.topics at line 78
      -> src/modules/zenoh/Kconfig.topics
    Files matching: 1 (using rsource)
    FILE LOG --------------------------------------------------------------
    Reader input                78 lines
    -----------------------------------------------------------------------
    All source without glob:    0
    All source using glob:      0
    All osource_keywords:       0
    All rsource_keywords:       1
    All orsource_keywords:      0
    SUM (r/or/o)source lines:   1
    All "option env" attr:      0
    -----------------------------------------------------------------------
    Transformer Output:         78 lines
    -----------------------------------------------------------------------
        Added new bc of def_*:           0
        Added new bc of glob:            0
        Added new bc of config_default:  0
        Added new bc of named choice:    0
        Removed bc of config_default:    0
        Removed bc of named choice:      0
        Removed no match for o(r)source: 0
        Removed optional choice attr:    0
        Removed bool     choice attr:    0
        Removed tristate choice attr:    0
Excel saved: /home/ljd/wsMA_prototyp/transform_projects/transform_px4/PX4_log/results6.xlsx
        Done writting 78 lines in /home/ljd/wsMA_prototyp/transform_projects/transform_px4/PX4_output/src/modules/zenoh/Kconfig


Reader found: 1190 lines in /home/ljd/px4/PX4-Autopilot/src/modules/zenoh/Kconfig.topics
call _transform_lines(lines from reader, input, configdefault dict info)
start transforming 1190 input lines
    FILE LOG --------------------------------------------------------------
    Reader input                1190 lines
    -----------------------------------------------------------------------
    All source without glob:    0
    All source using glob:      0
    All osource_keywords:       0
    All rsource_keywords:       0
    All orsource_keywords:      0
    SUM (r/or/o)source lines:   0
    All "option env" attr:      0
    -----------------------------------------------------------------------
    Transformer Output:         1190 lines
    -----------------------------------------------------------------------
        Added new bc of def_*:           0
        Added new bc of glob:            0
        Added new bc of config_default:  0
        Added new bc of named choice:    0
        Removed bc of config_default:    0
        Removed bc of named choice:      0
        Removed no match for o(r)source: 0
        Removed optional choice attr:    0
        Removed bool     choice attr:    0
        Removed tristate choice attr:    0
Excel saved: /home/ljd/wsMA_prototyp/transform_projects/transform_px4/PX4_log/results6.xlsx
        Done writting 1190 lines in /home/ljd/wsMA_prototyp/transform_projects/transform_px4/PX4_output/src/modules/zenoh/Kconfig.topics


Reader found: 1 lines in /home/ljd/px4/PX4-Autopilot/src/systemcmds/Kconfig
call _transform_lines(lines from reader, input, configdefault dict info)
start transforming 1 input lines
    GLOB LOG ----------------------------------------------------------------------------
    Resolve rsource: */Kconfig at line 1
      -> src/systemcmds/actuator_test/Kconfig
      -> src/systemcmds/bl_update/Kconfig
      -> src/systemcmds/bsondump/Kconfig
      -> src/systemcmds/dmesg/Kconfig
      -> src/systemcmds/dumpfile/Kconfig
      -> src/systemcmds/dyn/Kconfig
      -> src/systemcmds/failure/Kconfig
      -> src/systemcmds/gpio/Kconfig
      -> src/systemcmds/hardfault_log/Kconfig
      -> src/systemcmds/hist/Kconfig
      -> src/systemcmds/i2c_launcher/Kconfig
      -> src/systemcmds/i2cdetect/Kconfig
      -> src/systemcmds/io_bypass_control/Kconfig
      -> src/systemcmds/launch_kmod/Kconfig
      -> src/systemcmds/led_control/Kconfig
      -> src/systemcmds/mft/Kconfig
      -> src/systemcmds/mft_cfg/Kconfig
      -> src/systemcmds/microbench/Kconfig
      -> src/systemcmds/mtd/Kconfig
      -> src/systemcmds/netman/Kconfig
      -> src/systemcmds/nshterm/Kconfig
      -> src/systemcmds/param/Kconfig
      -> src/systemcmds/perf/Kconfig
      -> src/systemcmds/reboot/Kconfig
      -> src/systemcmds/reflect/Kconfig
      -> src/systemcmds/sd_bench/Kconfig
      -> src/systemcmds/sd_stress/Kconfig
      -> src/systemcmds/serial_passthru/Kconfig
      -> src/systemcmds/serial_test/Kconfig
      -> src/systemcmds/shutdown/Kconfig
      -> src/systemcmds/system_time/Kconfig
      -> src/systemcmds/tests/Kconfig
      -> src/systemcmds/top/Kconfig
      -> src/systemcmds/topic_listener/Kconfig
      -> src/systemcmds/tune_control/Kconfig
      -> src/systemcmds/uorb/Kconfig
      -> src/systemcmds/usb_connected/Kconfig
      -> src/systemcmds/ver/Kconfig
      -> src/systemcmds/work_queue/Kconfig
    Files matching: 39 (using rsource)
    FILE LOG --------------------------------------------------------------
    Reader input                1 lines
    -----------------------------------------------------------------------
    All source without glob:    0
    All source using glob:      0
    All osource_keywords:       0
    All rsource_keywords:       1
    All orsource_keywords:      0
    SUM (r/or/o)source lines:   1
    All "option env" attr:      0
    -----------------------------------------------------------------------
    Transformer Output:         39 lines
    -----------------------------------------------------------------------
        Added new bc of def_*:           0
        Added new bc of glob:            38
        Added new bc of config_default:  0
        Added new bc of named choice:    0
        Removed bc of config_default:    0
        Removed bc of named choice:      0
        Removed no match for o(r)source: 0
        Removed optional choice attr:    0
        Removed bool     choice attr:    0
        Removed tristate choice attr:    0
Excel saved: /home/ljd/wsMA_prototyp/transform_projects/transform_px4/PX4_log/results6.xlsx
        Done writting 39 lines in /home/ljd/wsMA_prototyp/transform_projects/transform_px4/PX4_output/src/systemcmds/Kconfig


Reader found: 5 lines in /home/ljd/px4/PX4-Autopilot/src/systemcmds/actuator_test/Kconfig
call _transform_lines(lines from reader, input, configdefault dict info)
start transforming 5 input lines
    FILE LOG --------------------------------------------------------------
    Reader input                5 lines
    -----------------------------------------------------------------------
    All source without glob:    0
    All source using glob:      0
    All osource_keywords:       0
    All rsource_keywords:       0
    All orsource_keywords:      0
    SUM (r/or/o)source lines:   0
    All "option env" attr:      0
    -----------------------------------------------------------------------
    Transformer Output:         5 lines
    -----------------------------------------------------------------------
        Added new bc of def_*:           0
        Added new bc of glob:            0
        Added new bc of config_default:  0
        Added new bc of named choice:    0
        Removed bc of config_default:    0
        Removed bc of named choice:      0
        Removed no match for o(r)source: 0
        Removed optional choice attr:    0
        Removed bool     choice attr:    0
        Removed tristate choice attr:    0
Excel saved: /home/ljd/wsMA_prototyp/transform_projects/transform_px4/PX4_log/results6.xlsx
        Done writting 5 lines in /home/ljd/wsMA_prototyp/transform_projects/transform_px4/PX4_output/src/systemcmds/actuator_test/Kconfig


Reader found: 13 lines in /home/ljd/px4/PX4-Autopilot/src/systemcmds/bl_update/Kconfig
call _transform_lines(lines from reader, input, configdefault dict info)
start transforming 13 input lines
    FILE LOG --------------------------------------------------------------
    Reader input                13 lines
    -----------------------------------------------------------------------
    All source without glob:    0
    All source using glob:      0
    All osource_keywords:       0
    All rsource_keywords:       0
    All orsource_keywords:      0
    SUM (r/or/o)source lines:   0
    All "option env" attr:      0
    -----------------------------------------------------------------------
    Transformer Output:         13 lines
    -----------------------------------------------------------------------
        Added new bc of def_*:           0
        Added new bc of glob:            0
        Added new bc of config_default:  0
        Added new bc of named choice:    0
        Removed bc of config_default:    0
        Removed bc of named choice:      0
        Removed no match for o(r)source: 0
        Removed optional choice attr:    0
        Removed bool     choice attr:    0
        Removed tristate choice attr:    0
Excel saved: /home/ljd/wsMA_prototyp/transform_projects/transform_px4/PX4_log/results6.xlsx
        Done writting 13 lines in /home/ljd/wsMA_prototyp/transform_projects/transform_px4/PX4_output/src/systemcmds/bl_update/Kconfig


Reader found: 12 lines in /home/ljd/px4/PX4-Autopilot/src/systemcmds/bsondump/Kconfig
call _transform_lines(lines from reader, input, configdefault dict info)
start transforming 12 input lines
    FILE LOG --------------------------------------------------------------
    Reader input                12 lines
    -----------------------------------------------------------------------
    All source without glob:    0
    All source using glob:      0
    All osource_keywords:       0
    All rsource_keywords:       0
    All orsource_keywords:      0
    SUM (r/or/o)source lines:   0
    All "option env" attr:      0
    -----------------------------------------------------------------------
    Transformer Output:         12 lines
    -----------------------------------------------------------------------
        Added new bc of def_*:           0
        Added new bc of glob:            0
        Added new bc of config_default:  0
        Added new bc of named choice:    0
        Removed bc of config_default:    0
        Removed bc of named choice:      0
        Removed no match for o(r)source: 0
        Removed optional choice attr:    0
        Removed bool     choice attr:    0
        Removed tristate choice attr:    0
Excel saved: /home/ljd/wsMA_prototyp/transform_projects/transform_px4/PX4_log/results6.xlsx
        Done writting 12 lines in /home/ljd/wsMA_prototyp/transform_projects/transform_px4/PX4_output/src/systemcmds/bsondump/Kconfig


Reader found: 12 lines in /home/ljd/px4/PX4-Autopilot/src/systemcmds/dmesg/Kconfig
call _transform_lines(lines from reader, input, configdefault dict info)
start transforming 12 input lines
    FILE LOG --------------------------------------------------------------
    Reader input                12 lines
    -----------------------------------------------------------------------
    All source without glob:    0
    All source using glob:      0
    All osource_keywords:       0
    All rsource_keywords:       0
    All orsource_keywords:      0
    SUM (r/or/o)source lines:   0
    All "option env" attr:      0
    -----------------------------------------------------------------------
    Transformer Output:         12 lines
    -----------------------------------------------------------------------
        Added new bc of def_*:           0
        Added new bc of glob:            0
        Added new bc of config_default:  0
        Added new bc of named choice:    0
        Removed bc of config_default:    0
        Removed bc of named choice:      0
        Removed no match for o(r)source: 0
        Removed optional choice attr:    0
        Removed bool     choice attr:    0
        Removed tristate choice attr:    0
Excel saved: /home/ljd/wsMA_prototyp/transform_projects/transform_px4/PX4_log/results6.xlsx
        Done writting 12 lines in /home/ljd/wsMA_prototyp/transform_projects/transform_px4/PX4_output/src/systemcmds/dmesg/Kconfig


Reader found: 12 lines in /home/ljd/px4/PX4-Autopilot/src/systemcmds/dumpfile/Kconfig
call _transform_lines(lines from reader, input, configdefault dict info)
start transforming 12 input lines
    FILE LOG --------------------------------------------------------------
    Reader input                12 lines
    -----------------------------------------------------------------------
    All source without glob:    0
    All source using glob:      0
    All osource_keywords:       0
    All rsource_keywords:       0
    All orsource_keywords:      0
    SUM (r/or/o)source lines:   0
    All "option env" attr:      0
    -----------------------------------------------------------------------
    Transformer Output:         12 lines
    -----------------------------------------------------------------------
        Added new bc of def_*:           0
        Added new bc of glob:            0
        Added new bc of config_default:  0
        Added new bc of named choice:    0
        Removed bc of config_default:    0
        Removed bc of named choice:      0
        Removed no match for o(r)source: 0
        Removed optional choice attr:    0
        Removed bool     choice attr:    0
        Removed tristate choice attr:    0
Excel saved: /home/ljd/wsMA_prototyp/transform_projects/transform_px4/PX4_log/results6.xlsx
        Done writting 12 lines in /home/ljd/wsMA_prototyp/transform_projects/transform_px4/PX4_output/src/systemcmds/dumpfile/Kconfig


Reader found: 12 lines in /home/ljd/px4/PX4-Autopilot/src/systemcmds/dyn/Kconfig
call _transform_lines(lines from reader, input, configdefault dict info)
start transforming 12 input lines
    FILE LOG --------------------------------------------------------------
    Reader input                12 lines
    -----------------------------------------------------------------------
    All source without glob:    0
    All source using glob:      0
    All osource_keywords:       0
    All rsource_keywords:       0
    All orsource_keywords:      0
    SUM (r/or/o)source lines:   0
    All "option env" attr:      0
    -----------------------------------------------------------------------
    Transformer Output:         12 lines
    -----------------------------------------------------------------------
        Added new bc of def_*:           0
        Added new bc of glob:            0
        Added new bc of config_default:  0
        Added new bc of named choice:    0
        Removed bc of config_default:    0
        Removed bc of named choice:      0
        Removed no match for o(r)source: 0
        Removed optional choice attr:    0
        Removed bool     choice attr:    0
        Removed tristate choice attr:    0
Excel saved: /home/ljd/wsMA_prototyp/transform_projects/transform_px4/PX4_log/results6.xlsx
        Done writting 12 lines in /home/ljd/wsMA_prototyp/transform_projects/transform_px4/PX4_output/src/systemcmds/dyn/Kconfig


Reader found: 12 lines in /home/ljd/px4/PX4-Autopilot/src/systemcmds/failure/Kconfig
call _transform_lines(lines from reader, input, configdefault dict info)
start transforming 12 input lines
    FILE LOG --------------------------------------------------------------
    Reader input                12 lines
    -----------------------------------------------------------------------
    All source without glob:    0
    All source using glob:      0
    All osource_keywords:       0
    All rsource_keywords:       0
    All orsource_keywords:      0
    SUM (r/or/o)source lines:   0
    All "option env" attr:      0
    -----------------------------------------------------------------------
    Transformer Output:         12 lines
    -----------------------------------------------------------------------
        Added new bc of def_*:           0
        Added new bc of glob:            0
        Added new bc of config_default:  0
        Added new bc of named choice:    0
        Removed bc of config_default:    0
        Removed bc of named choice:      0
        Removed no match for o(r)source: 0
        Removed optional choice attr:    0
        Removed bool     choice attr:    0
        Removed tristate choice attr:    0
Excel saved: /home/ljd/wsMA_prototyp/transform_projects/transform_px4/PX4_log/results6.xlsx
        Done writting 12 lines in /home/ljd/wsMA_prototyp/transform_projects/transform_px4/PX4_output/src/systemcmds/failure/Kconfig


Reader found: 5 lines in /home/ljd/px4/PX4-Autopilot/src/systemcmds/gpio/Kconfig
call _transform_lines(lines from reader, input, configdefault dict info)
start transforming 5 input lines
    FILE LOG --------------------------------------------------------------
    Reader input                5 lines
    -----------------------------------------------------------------------
    All source without glob:    0
    All source using glob:      0
    All osource_keywords:       0
    All rsource_keywords:       0
    All orsource_keywords:      0
    SUM (r/or/o)source lines:   0
    All "option env" attr:      0
    -----------------------------------------------------------------------
    Transformer Output:         5 lines
    -----------------------------------------------------------------------
        Added new bc of def_*:           0
        Added new bc of glob:            0
        Added new bc of config_default:  0
        Added new bc of named choice:    0
        Removed bc of config_default:    0
        Removed bc of named choice:      0
        Removed no match for o(r)source: 0
        Removed optional choice attr:    0
        Removed bool     choice attr:    0
        Removed tristate choice attr:    0
Excel saved: /home/ljd/wsMA_prototyp/transform_projects/transform_px4/PX4_log/results6.xlsx
        Done writting 5 lines in /home/ljd/wsMA_prototyp/transform_projects/transform_px4/PX4_output/src/systemcmds/gpio/Kconfig


Reader found: 13 lines in /home/ljd/px4/PX4-Autopilot/src/systemcmds/hardfault_log/Kconfig
call _transform_lines(lines from reader, input, configdefault dict info)
start transforming 13 input lines
    FILE LOG --------------------------------------------------------------
    Reader input                13 lines
    -----------------------------------------------------------------------
    All source without glob:    0
    All source using glob:      0
    All osource_keywords:       0
    All rsource_keywords:       0
    All orsource_keywords:      0
    SUM (r/or/o)source lines:   0
    All "option env" attr:      0
    -----------------------------------------------------------------------
    Transformer Output:         13 lines
    -----------------------------------------------------------------------
        Added new bc of def_*:           0
        Added new bc of glob:            0
        Added new bc of config_default:  0
        Added new bc of named choice:    0
        Removed bc of config_default:    0
        Removed bc of named choice:      0
        Removed no match for o(r)source: 0
        Removed optional choice attr:    0
        Removed bool     choice attr:    0
        Removed tristate choice attr:    0
Excel saved: /home/ljd/wsMA_prototyp/transform_projects/transform_px4/PX4_log/results6.xlsx
        Done writting 13 lines in /home/ljd/wsMA_prototyp/transform_projects/transform_px4/PX4_output/src/systemcmds/hardfault_log/Kconfig


Reader found: 5 lines in /home/ljd/px4/PX4-Autopilot/src/systemcmds/hist/Kconfig
call _transform_lines(lines from reader, input, configdefault dict info)
start transforming 5 input lines
    FILE LOG --------------------------------------------------------------
    Reader input                5 lines
    -----------------------------------------------------------------------
    All source without glob:    0
    All source using glob:      0
    All osource_keywords:       0
    All rsource_keywords:       0
    All orsource_keywords:      0
    SUM (r/or/o)source lines:   0
    All "option env" attr:      0
    -----------------------------------------------------------------------
    Transformer Output:         5 lines
    -----------------------------------------------------------------------
        Added new bc of def_*:           0
        Added new bc of glob:            0
        Added new bc of config_default:  0
        Added new bc of named choice:    0
        Removed bc of config_default:    0
        Removed bc of named choice:      0
        Removed no match for o(r)source: 0
        Removed optional choice attr:    0
        Removed bool     choice attr:    0
        Removed tristate choice attr:    0
Excel saved: /home/ljd/wsMA_prototyp/transform_projects/transform_px4/PX4_log/results6.xlsx
        Done writting 5 lines in /home/ljd/wsMA_prototyp/transform_projects/transform_px4/PX4_output/src/systemcmds/hist/Kconfig


Reader found: 10 lines in /home/ljd/px4/PX4-Autopilot/src/systemcmds/i2c_launcher/Kconfig
call _transform_lines(lines from reader, input, configdefault dict info)
start transforming 10 input lines
    FILE LOG --------------------------------------------------------------
    Reader input                10 lines
    -----------------------------------------------------------------------
    All source without glob:    0
    All source using glob:      0
    All osource_keywords:       0
    All rsource_keywords:       0
    All orsource_keywords:      0
    SUM (r/or/o)source lines:   0
    All "option env" attr:      0
    -----------------------------------------------------------------------
    Transformer Output:         10 lines
    -----------------------------------------------------------------------
        Added new bc of def_*:           0
        Added new bc of glob:            0
        Added new bc of config_default:  0
        Added new bc of named choice:    0
        Removed bc of config_default:    0
        Removed bc of named choice:      0
        Removed no match for o(r)source: 0
        Removed optional choice attr:    0
        Removed bool     choice attr:    0
        Removed tristate choice attr:    0
Excel saved: /home/ljd/wsMA_prototyp/transform_projects/transform_px4/PX4_log/results6.xlsx
        Done writting 10 lines in /home/ljd/wsMA_prototyp/transform_projects/transform_px4/PX4_output/src/systemcmds/i2c_launcher/Kconfig


Reader found: 5 lines in /home/ljd/px4/PX4-Autopilot/src/systemcmds/i2cdetect/Kconfig
call _transform_lines(lines from reader, input, configdefault dict info)
start transforming 5 input lines
    FILE LOG --------------------------------------------------------------
    Reader input                5 lines
    -----------------------------------------------------------------------
    All source without glob:    0
    All source using glob:      0
    All osource_keywords:       0
    All rsource_keywords:       0
    All orsource_keywords:      0
    SUM (r/or/o)source lines:   0
    All "option env" attr:      0
    -----------------------------------------------------------------------
    Transformer Output:         5 lines
    -----------------------------------------------------------------------
        Added new bc of def_*:           0
        Added new bc of glob:            0
        Added new bc of config_default:  0
        Added new bc of named choice:    0
        Removed bc of config_default:    0
        Removed bc of named choice:      0
        Removed no match for o(r)source: 0
        Removed optional choice attr:    0
        Removed bool     choice attr:    0
        Removed tristate choice attr:    0
Excel saved: /home/ljd/wsMA_prototyp/transform_projects/transform_px4/PX4_log/results6.xlsx
        Done writting 5 lines in /home/ljd/wsMA_prototyp/transform_projects/transform_px4/PX4_output/src/systemcmds/i2cdetect/Kconfig


Reader found: 15 lines in /home/ljd/px4/PX4-Autopilot/src/systemcmds/io_bypass_control/Kconfig
call _transform_lines(lines from reader, input, configdefault dict info)
start transforming 15 input lines
    FILE LOG --------------------------------------------------------------
    Reader input                15 lines
    -----------------------------------------------------------------------
    All source without glob:    0
    All source using glob:      0
    All osource_keywords:       0
    All rsource_keywords:       0
    All orsource_keywords:      0
    SUM (r/or/o)source lines:   0
    All "option env" attr:      0
    -----------------------------------------------------------------------
    Transformer Output:         15 lines
    -----------------------------------------------------------------------
        Added new bc of def_*:           0
        Added new bc of glob:            0
        Added new bc of config_default:  0
        Added new bc of named choice:    0
        Removed bc of config_default:    0
        Removed bc of named choice:      0
        Removed no match for o(r)source: 0
        Removed optional choice attr:    0
        Removed bool     choice attr:    0
        Removed tristate choice attr:    0
Excel saved: /home/ljd/wsMA_prototyp/transform_projects/transform_px4/PX4_log/results6.xlsx
        Done writting 15 lines in /home/ljd/wsMA_prototyp/transform_projects/transform_px4/PX4_output/src/systemcmds/io_bypass_control/Kconfig


Reader found: 9 lines in /home/ljd/px4/PX4-Autopilot/src/systemcmds/launch_kmod/Kconfig
call _transform_lines(lines from reader, input, configdefault dict info)
start transforming 9 input lines
    FILE LOG --------------------------------------------------------------
    Reader input                9 lines
    -----------------------------------------------------------------------
    All source without glob:    0
    All source using glob:      0
    All osource_keywords:       0
    All rsource_keywords:       0
    All orsource_keywords:      0
    SUM (r/or/o)source lines:   0
    All "option env" attr:      0
    -----------------------------------------------------------------------
    Transformer Output:         9 lines
    -----------------------------------------------------------------------
        Added new bc of def_*:           0
        Added new bc of glob:            0
        Added new bc of config_default:  0
        Added new bc of named choice:    0
        Removed bc of config_default:    0
        Removed bc of named choice:      0
        Removed no match for o(r)source: 0
        Removed optional choice attr:    0
        Removed bool     choice attr:    0
        Removed tristate choice attr:    0
Excel saved: /home/ljd/wsMA_prototyp/transform_projects/transform_px4/PX4_log/results6.xlsx
        Done writting 9 lines in /home/ljd/wsMA_prototyp/transform_projects/transform_px4/PX4_output/src/systemcmds/launch_kmod/Kconfig


Reader found: 12 lines in /home/ljd/px4/PX4-Autopilot/src/systemcmds/led_control/Kconfig
call _transform_lines(lines from reader, input, configdefault dict info)
start transforming 12 input lines
    FILE LOG --------------------------------------------------------------
    Reader input                12 lines
    -----------------------------------------------------------------------
    All source without glob:    0
    All source using glob:      0
    All osource_keywords:       0
    All rsource_keywords:       0
    All orsource_keywords:      0
    SUM (r/or/o)source lines:   0
    All "option env" attr:      0
    -----------------------------------------------------------------------
    Transformer Output:         12 lines
    -----------------------------------------------------------------------
        Added new bc of def_*:           0
        Added new bc of glob:            0
        Added new bc of config_default:  0
        Added new bc of named choice:    0
        Removed bc of config_default:    0
        Removed bc of named choice:      0
        Removed no match for o(r)source: 0
        Removed optional choice attr:    0
        Removed bool     choice attr:    0
        Removed tristate choice attr:    0
Excel saved: /home/ljd/wsMA_prototyp/transform_projects/transform_px4/PX4_log/results6.xlsx
        Done writting 12 lines in /home/ljd/wsMA_prototyp/transform_projects/transform_px4/PX4_output/src/systemcmds/led_control/Kconfig


Reader found: 6 lines in /home/ljd/px4/PX4-Autopilot/src/systemcmds/mft/Kconfig
call _transform_lines(lines from reader, input, configdefault dict info)
start transforming 6 input lines
    FILE LOG --------------------------------------------------------------
    Reader input                6 lines
    -----------------------------------------------------------------------
    All source without glob:    0
    All source using glob:      0
    All osource_keywords:       0
    All rsource_keywords:       0
    All orsource_keywords:      0
    SUM (r/or/o)source lines:   0
    All "option env" attr:      0
    -----------------------------------------------------------------------
    Transformer Output:         6 lines
    -----------------------------------------------------------------------
        Added new bc of def_*:           0
        Added new bc of glob:            0
        Added new bc of config_default:  0
        Added new bc of named choice:    0
        Removed bc of config_default:    0
        Removed bc of named choice:      0
        Removed no match for o(r)source: 0
        Removed optional choice attr:    0
        Removed bool     choice attr:    0
        Removed tristate choice attr:    0
Excel saved: /home/ljd/wsMA_prototyp/transform_projects/transform_px4/PX4_log/results6.xlsx
        Done writting 6 lines in /home/ljd/wsMA_prototyp/transform_projects/transform_px4/PX4_output/src/systemcmds/mft/Kconfig


Reader found: 5 lines in /home/ljd/px4/PX4-Autopilot/src/systemcmds/mft_cfg/Kconfig
call _transform_lines(lines from reader, input, configdefault dict info)
start transforming 5 input lines
    FILE LOG --------------------------------------------------------------
    Reader input                5 lines
    -----------------------------------------------------------------------
    All source without glob:    0
    All source using glob:      0
    All osource_keywords:       0
    All rsource_keywords:       0
    All orsource_keywords:      0
    SUM (r/or/o)source lines:   0
    All "option env" attr:      0
    -----------------------------------------------------------------------
    Transformer Output:         5 lines
    -----------------------------------------------------------------------
        Added new bc of def_*:           0
        Added new bc of glob:            0
        Added new bc of config_default:  0
        Added new bc of named choice:    0
        Removed bc of config_default:    0
        Removed bc of named choice:      0
        Removed no match for o(r)source: 0
        Removed optional choice attr:    0
        Removed bool     choice attr:    0
        Removed tristate choice attr:    0
Excel saved: /home/ljd/wsMA_prototyp/transform_projects/transform_px4/PX4_log/results6.xlsx
        Done writting 5 lines in /home/ljd/wsMA_prototyp/transform_projects/transform_px4/PX4_output/src/systemcmds/mft_cfg/Kconfig


Reader found: 13 lines in /home/ljd/px4/PX4-Autopilot/src/systemcmds/microbench/Kconfig
call _transform_lines(lines from reader, input, configdefault dict info)
start transforming 13 input lines
    FILE LOG --------------------------------------------------------------
    Reader input                13 lines
    -----------------------------------------------------------------------
    All source without glob:    0
    All source using glob:      0
    All osource_keywords:       0
    All rsource_keywords:       0
    All orsource_keywords:      0
    SUM (r/or/o)source lines:   0
    All "option env" attr:      0
    -----------------------------------------------------------------------
    Transformer Output:         13 lines
    -----------------------------------------------------------------------
        Added new bc of def_*:           0
        Added new bc of glob:            0
        Added new bc of config_default:  0
        Added new bc of named choice:    0
        Removed bc of config_default:    0
        Removed bc of named choice:      0
        Removed no match for o(r)source: 0
        Removed optional choice attr:    0
        Removed bool     choice attr:    0
        Removed tristate choice attr:    0
Excel saved: /home/ljd/wsMA_prototyp/transform_projects/transform_px4/PX4_log/results6.xlsx
        Done writting 13 lines in /home/ljd/wsMA_prototyp/transform_projects/transform_px4/PX4_output/src/systemcmds/microbench/Kconfig


Reader found: 13 lines in /home/ljd/px4/PX4-Autopilot/src/systemcmds/mtd/Kconfig
call _transform_lines(lines from reader, input, configdefault dict info)
start transforming 13 input lines
    FILE LOG --------------------------------------------------------------
    Reader input                13 lines
    -----------------------------------------------------------------------
    All source without glob:    0
    All source using glob:      0
    All osource_keywords:       0
    All rsource_keywords:       0
    All orsource_keywords:      0
    SUM (r/or/o)source lines:   0
    All "option env" attr:      0
    -----------------------------------------------------------------------
    Transformer Output:         13 lines
    -----------------------------------------------------------------------
        Added new bc of def_*:           0
        Added new bc of glob:            0
        Added new bc of config_default:  0
        Added new bc of named choice:    0
        Removed bc of config_default:    0
        Removed bc of named choice:      0
        Removed no match for o(r)source: 0
        Removed optional choice attr:    0
        Removed bool     choice attr:    0
        Removed tristate choice attr:    0
Excel saved: /home/ljd/wsMA_prototyp/transform_projects/transform_px4/PX4_log/results6.xlsx
        Done writting 13 lines in /home/ljd/wsMA_prototyp/transform_projects/transform_px4/PX4_output/src/systemcmds/mtd/Kconfig


Reader found: 21 lines in /home/ljd/px4/PX4-Autopilot/src/systemcmds/netman/Kconfig
call _transform_lines(lines from reader, input, configdefault dict info)
start transforming 21 input lines
    FILE LOG --------------------------------------------------------------
    Reader input                21 lines
    -----------------------------------------------------------------------
    All source without glob:    0
    All source using glob:      0
    All osource_keywords:       0
    All rsource_keywords:       0
    All orsource_keywords:      0
    SUM (r/or/o)source lines:   0
    All "option env" attr:      0
    -----------------------------------------------------------------------
    Transformer Output:         21 lines
    -----------------------------------------------------------------------
        Added new bc of def_*:           0
        Added new bc of glob:            0
        Added new bc of config_default:  0
        Added new bc of named choice:    0
        Removed bc of config_default:    0
        Removed bc of named choice:      0
        Removed no match for o(r)source: 0
        Removed optional choice attr:    0
        Removed bool     choice attr:    0
        Removed tristate choice attr:    0
Excel saved: /home/ljd/wsMA_prototyp/transform_projects/transform_px4/PX4_log/results6.xlsx
        Done writting 21 lines in /home/ljd/wsMA_prototyp/transform_projects/transform_px4/PX4_output/src/systemcmds/netman/Kconfig


Reader found: 13 lines in /home/ljd/px4/PX4-Autopilot/src/systemcmds/nshterm/Kconfig
call _transform_lines(lines from reader, input, configdefault dict info)
start transforming 13 input lines
    FILE LOG --------------------------------------------------------------
    Reader input                13 lines
    -----------------------------------------------------------------------
    All source without glob:    0
    All source using glob:      0
    All osource_keywords:       0
    All rsource_keywords:       0
    All orsource_keywords:      0
    SUM (r/or/o)source lines:   0
    All "option env" attr:      0
    -----------------------------------------------------------------------
    Transformer Output:         13 lines
    -----------------------------------------------------------------------
        Added new bc of def_*:           0
        Added new bc of glob:            0
        Added new bc of config_default:  0
        Added new bc of named choice:    0
        Removed bc of config_default:    0
        Removed bc of named choice:      0
        Removed no match for o(r)source: 0
        Removed optional choice attr:    0
        Removed bool     choice attr:    0
        Removed tristate choice attr:    0
Excel saved: /home/ljd/wsMA_prototyp/transform_projects/transform_px4/PX4_log/results6.xlsx
        Done writting 13 lines in /home/ljd/wsMA_prototyp/transform_projects/transform_px4/PX4_output/src/systemcmds/nshterm/Kconfig


Reader found: 5 lines in /home/ljd/px4/PX4-Autopilot/src/systemcmds/param/Kconfig
call _transform_lines(lines from reader, input, configdefault dict info)
start transforming 5 input lines
    FILE LOG --------------------------------------------------------------
    Reader input                5 lines
    -----------------------------------------------------------------------
    All source without glob:    0
    All source using glob:      0
    All osource_keywords:       0
    All rsource_keywords:       0
    All orsource_keywords:      0
    SUM (r/or/o)source lines:   0
    All "option env" attr:      0
    -----------------------------------------------------------------------
    Transformer Output:         5 lines
    -----------------------------------------------------------------------
        Added new bc of def_*:           0
        Added new bc of glob:            0
        Added new bc of config_default:  0
        Added new bc of named choice:    0
        Removed bc of config_default:    0
        Removed bc of named choice:      0
        Removed no match for o(r)source: 0
        Removed optional choice attr:    0
        Removed bool     choice attr:    0
        Removed tristate choice attr:    0
Excel saved: /home/ljd/wsMA_prototyp/transform_projects/transform_px4/PX4_log/results6.xlsx
        Done writting 5 lines in /home/ljd/wsMA_prototyp/transform_projects/transform_px4/PX4_output/src/systemcmds/param/Kconfig


Reader found: 12 lines in /home/ljd/px4/PX4-Autopilot/src/systemcmds/perf/Kconfig
call _transform_lines(lines from reader, input, configdefault dict info)
start transforming 12 input lines
    FILE LOG --------------------------------------------------------------
    Reader input                12 lines
    -----------------------------------------------------------------------
    All source without glob:    0
    All source using glob:      0
    All osource_keywords:       0
    All rsource_keywords:       0
    All orsource_keywords:      0
    SUM (r/or/o)source lines:   0
    All "option env" attr:      0
    -----------------------------------------------------------------------
    Transformer Output:         12 lines
    -----------------------------------------------------------------------
        Added new bc of def_*:           0
        Added new bc of glob:            0
        Added new bc of config_default:  0
        Added new bc of named choice:    0
        Removed bc of config_default:    0
        Removed bc of named choice:      0
        Removed no match for o(r)source: 0
        Removed optional choice attr:    0
        Removed bool     choice attr:    0
        Removed tristate choice attr:    0
Excel saved: /home/ljd/wsMA_prototyp/transform_projects/transform_px4/PX4_log/results6.xlsx
        Done writting 12 lines in /home/ljd/wsMA_prototyp/transform_projects/transform_px4/PX4_output/src/systemcmds/perf/Kconfig


Reader found: 12 lines in /home/ljd/px4/PX4-Autopilot/src/systemcmds/reboot/Kconfig
call _transform_lines(lines from reader, input, configdefault dict info)
start transforming 12 input lines
    FILE LOG --------------------------------------------------------------
    Reader input                12 lines
    -----------------------------------------------------------------------
    All source without glob:    0
    All source using glob:      0
    All osource_keywords:       0
    All rsource_keywords:       0
    All orsource_keywords:      0
    SUM (r/or/o)source lines:   0
    All "option env" attr:      0
    -----------------------------------------------------------------------
    Transformer Output:         12 lines
    -----------------------------------------------------------------------
        Added new bc of def_*:           0
        Added new bc of glob:            0
        Added new bc of config_default:  0
        Added new bc of named choice:    0
        Removed bc of config_default:    0
        Removed bc of named choice:      0
        Removed no match for o(r)source: 0
        Removed optional choice attr:    0
        Removed bool     choice attr:    0
        Removed tristate choice attr:    0
Excel saved: /home/ljd/wsMA_prototyp/transform_projects/transform_px4/PX4_log/results6.xlsx
        Done writting 12 lines in /home/ljd/wsMA_prototyp/transform_projects/transform_px4/PX4_output/src/systemcmds/reboot/Kconfig


Reader found: 12 lines in /home/ljd/px4/PX4-Autopilot/src/systemcmds/reflect/Kconfig
call _transform_lines(lines from reader, input, configdefault dict info)
start transforming 12 input lines
    FILE LOG --------------------------------------------------------------
    Reader input                12 lines
    -----------------------------------------------------------------------
    All source without glob:    0
    All source using glob:      0
    All osource_keywords:       0
    All rsource_keywords:       0
    All orsource_keywords:      0
    SUM (r/or/o)source lines:   0
    All "option env" attr:      0
    -----------------------------------------------------------------------
    Transformer Output:         12 lines
    -----------------------------------------------------------------------
        Added new bc of def_*:           0
        Added new bc of glob:            0
        Added new bc of config_default:  0
        Added new bc of named choice:    0
        Removed bc of config_default:    0
        Removed bc of named choice:      0
        Removed no match for o(r)source: 0
        Removed optional choice attr:    0
        Removed bool     choice attr:    0
        Removed tristate choice attr:    0
Excel saved: /home/ljd/wsMA_prototyp/transform_projects/transform_px4/PX4_log/results6.xlsx
        Done writting 12 lines in /home/ljd/wsMA_prototyp/transform_projects/transform_px4/PX4_output/src/systemcmds/reflect/Kconfig


Reader found: 12 lines in /home/ljd/px4/PX4-Autopilot/src/systemcmds/sd_bench/Kconfig
call _transform_lines(lines from reader, input, configdefault dict info)
start transforming 12 input lines
    FILE LOG --------------------------------------------------------------
    Reader input                12 lines
    -----------------------------------------------------------------------
    All source without glob:    0
    All source using glob:      0
    All osource_keywords:       0
    All rsource_keywords:       0
    All orsource_keywords:      0
    SUM (r/or/o)source lines:   0
    All "option env" attr:      0
    -----------------------------------------------------------------------
    Transformer Output:         12 lines
    -----------------------------------------------------------------------
        Added new bc of def_*:           0
        Added new bc of glob:            0
        Added new bc of config_default:  0
        Added new bc of named choice:    0
        Removed bc of config_default:    0
        Removed bc of named choice:      0
        Removed no match for o(r)source: 0
        Removed optional choice attr:    0
        Removed bool     choice attr:    0
        Removed tristate choice attr:    0
Excel saved: /home/ljd/wsMA_prototyp/transform_projects/transform_px4/PX4_log/results6.xlsx
        Done writting 12 lines in /home/ljd/wsMA_prototyp/transform_projects/transform_px4/PX4_output/src/systemcmds/sd_bench/Kconfig


Reader found: 5 lines in /home/ljd/px4/PX4-Autopilot/src/systemcmds/sd_stress/Kconfig
call _transform_lines(lines from reader, input, configdefault dict info)
start transforming 5 input lines
    FILE LOG --------------------------------------------------------------
    Reader input                5 lines
    -----------------------------------------------------------------------
    All source without glob:    0
    All source using glob:      0
    All osource_keywords:       0
    All rsource_keywords:       0
    All orsource_keywords:      0
    SUM (r/or/o)source lines:   0
    All "option env" attr:      0
    -----------------------------------------------------------------------
    Transformer Output:         5 lines
    -----------------------------------------------------------------------
        Added new bc of def_*:           0
        Added new bc of glob:            0
        Added new bc of config_default:  0
        Added new bc of named choice:    0
        Removed bc of config_default:    0
        Removed bc of named choice:      0
        Removed no match for o(r)source: 0
        Removed optional choice attr:    0
        Removed bool     choice attr:    0
        Removed tristate choice attr:    0
Excel saved: /home/ljd/wsMA_prototyp/transform_projects/transform_px4/PX4_log/results6.xlsx
        Done writting 5 lines in /home/ljd/wsMA_prototyp/transform_projects/transform_px4/PX4_output/src/systemcmds/sd_stress/Kconfig


Reader found: 57 lines in /home/ljd/px4/PX4-Autopilot/src/systemcmds/serial_passthru/Kconfig
call _transform_lines(lines from reader, input, configdefault dict info)
start transforming 57 input lines
    current_indx: 21 - choice_attr_end: 28
    FILE LOG --------------------------------------------------------------
    Reader input                57 lines
    -----------------------------------------------------------------------
    All source without glob:    0
    All source using glob:      0
    All osource_keywords:       0
    All rsource_keywords:       0
    All orsource_keywords:      0
    SUM (r/or/o)source lines:   0
    All "option env" attr:      0
    -----------------------------------------------------------------------
    Transformer Output:         57 lines
    -----------------------------------------------------------------------
        Added new bc of def_*:           0
        Added new bc of glob:            0
        Added new bc of config_default:  0
        Added new bc of named choice:    0
        Removed bc of config_default:    0
        Removed bc of named choice:      0
        Removed no match for o(r)source: 0
        Removed optional choice attr:    0
        Removed bool     choice attr:    0
        Removed tristate choice attr:    0
Excel saved: /home/ljd/wsMA_prototyp/transform_projects/transform_px4/PX4_log/results6.xlsx
        Done writting 57 lines in /home/ljd/wsMA_prototyp/transform_projects/transform_px4/PX4_output/src/systemcmds/serial_passthru/Kconfig


Reader found: 12 lines in /home/ljd/px4/PX4-Autopilot/src/systemcmds/serial_test/Kconfig
call _transform_lines(lines from reader, input, configdefault dict info)
start transforming 12 input lines
    FILE LOG --------------------------------------------------------------
    Reader input                12 lines
    -----------------------------------------------------------------------
    All source without glob:    0
    All source using glob:      0
    All osource_keywords:       0
    All rsource_keywords:       0
    All orsource_keywords:      0
    SUM (r/or/o)source lines:   0
    All "option env" attr:      0
    -----------------------------------------------------------------------
    Transformer Output:         12 lines
    -----------------------------------------------------------------------
        Added new bc of def_*:           0
        Added new bc of glob:            0
        Added new bc of config_default:  0
        Added new bc of named choice:    0
        Removed bc of config_default:    0
        Removed bc of named choice:      0
        Removed no match for o(r)source: 0
        Removed optional choice attr:    0
        Removed bool     choice attr:    0
        Removed tristate choice attr:    0
Excel saved: /home/ljd/wsMA_prototyp/transform_projects/transform_px4/PX4_log/results6.xlsx
        Done writting 12 lines in /home/ljd/wsMA_prototyp/transform_projects/transform_px4/PX4_output/src/systemcmds/serial_test/Kconfig


Reader found: 12 lines in /home/ljd/px4/PX4-Autopilot/src/systemcmds/shutdown/Kconfig
call _transform_lines(lines from reader, input, configdefault dict info)
start transforming 12 input lines
    FILE LOG --------------------------------------------------------------
    Reader input                12 lines
    -----------------------------------------------------------------------
    All source without glob:    0
    All source using glob:      0
    All osource_keywords:       0
    All rsource_keywords:       0
    All orsource_keywords:      0
    SUM (r/or/o)source lines:   0
    All "option env" attr:      0
    -----------------------------------------------------------------------
    Transformer Output:         12 lines
    -----------------------------------------------------------------------
        Added new bc of def_*:           0
        Added new bc of glob:            0
        Added new bc of config_default:  0
        Added new bc of named choice:    0
        Removed bc of config_default:    0
        Removed bc of named choice:      0
        Removed no match for o(r)source: 0
        Removed optional choice attr:    0
        Removed bool     choice attr:    0
        Removed tristate choice attr:    0
Excel saved: /home/ljd/wsMA_prototyp/transform_projects/transform_px4/PX4_log/results6.xlsx
        Done writting 12 lines in /home/ljd/wsMA_prototyp/transform_projects/transform_px4/PX4_output/src/systemcmds/shutdown/Kconfig


Reader found: 12 lines in /home/ljd/px4/PX4-Autopilot/src/systemcmds/system_time/Kconfig
call _transform_lines(lines from reader, input, configdefault dict info)
start transforming 12 input lines
    FILE LOG --------------------------------------------------------------
    Reader input                12 lines
    -----------------------------------------------------------------------
    All source without glob:    0
    All source using glob:      0
    All osource_keywords:       0
    All rsource_keywords:       0
    All orsource_keywords:      0
    SUM (r/or/o)source lines:   0
    All "option env" attr:      0
    -----------------------------------------------------------------------
    Transformer Output:         12 lines
    -----------------------------------------------------------------------
        Added new bc of def_*:           0
        Added new bc of glob:            0
        Added new bc of config_default:  0
        Added new bc of named choice:    0
        Removed bc of config_default:    0
        Removed bc of named choice:      0
        Removed no match for o(r)source: 0
        Removed optional choice attr:    0
        Removed bool     choice attr:    0
        Removed tristate choice attr:    0
Excel saved: /home/ljd/wsMA_prototyp/transform_projects/transform_px4/PX4_log/results6.xlsx
        Done writting 12 lines in /home/ljd/wsMA_prototyp/transform_projects/transform_px4/PX4_output/src/systemcmds/system_time/Kconfig


Reader found: 12 lines in /home/ljd/px4/PX4-Autopilot/src/systemcmds/tests/Kconfig
call _transform_lines(lines from reader, input, configdefault dict info)
start transforming 12 input lines
    FILE LOG --------------------------------------------------------------
    Reader input                12 lines
    -----------------------------------------------------------------------
    All source without glob:    0
    All source using glob:      0
    All osource_keywords:       0
    All rsource_keywords:       0
    All orsource_keywords:      0
    SUM (r/or/o)source lines:   0
    All "option env" attr:      0
    -----------------------------------------------------------------------
    Transformer Output:         12 lines
    -----------------------------------------------------------------------
        Added new bc of def_*:           0
        Added new bc of glob:            0
        Added new bc of config_default:  0
        Added new bc of named choice:    0
        Removed bc of config_default:    0
        Removed bc of named choice:      0
        Removed no match for o(r)source: 0
        Removed optional choice attr:    0
        Removed bool     choice attr:    0
        Removed tristate choice attr:    0
Excel saved: /home/ljd/wsMA_prototyp/transform_projects/transform_px4/PX4_log/results6.xlsx
        Done writting 12 lines in /home/ljd/wsMA_prototyp/transform_projects/transform_px4/PX4_output/src/systemcmds/tests/Kconfig


Reader found: 12 lines in /home/ljd/px4/PX4-Autopilot/src/systemcmds/top/Kconfig
call _transform_lines(lines from reader, input, configdefault dict info)
start transforming 12 input lines
    FILE LOG --------------------------------------------------------------
    Reader input                12 lines
    -----------------------------------------------------------------------
    All source without glob:    0
    All source using glob:      0
    All osource_keywords:       0
    All rsource_keywords:       0
    All orsource_keywords:      0
    SUM (r/or/o)source lines:   0
    All "option env" attr:      0
    -----------------------------------------------------------------------
    Transformer Output:         12 lines
    -----------------------------------------------------------------------
        Added new bc of def_*:           0
        Added new bc of glob:            0
        Added new bc of config_default:  0
        Added new bc of named choice:    0
        Removed bc of config_default:    0
        Removed bc of named choice:      0
        Removed no match for o(r)source: 0
        Removed optional choice attr:    0
        Removed bool     choice attr:    0
        Removed tristate choice attr:    0
Excel saved: /home/ljd/wsMA_prototyp/transform_projects/transform_px4/PX4_log/results6.xlsx
        Done writting 12 lines in /home/ljd/wsMA_prototyp/transform_projects/transform_px4/PX4_output/src/systemcmds/top/Kconfig


Reader found: 12 lines in /home/ljd/px4/PX4-Autopilot/src/systemcmds/topic_listener/Kconfig
call _transform_lines(lines from reader, input, configdefault dict info)
start transforming 12 input lines
    FILE LOG --------------------------------------------------------------
    Reader input                12 lines
    -----------------------------------------------------------------------
    All source without glob:    0
    All source using glob:      0
    All osource_keywords:       0
    All rsource_keywords:       0
    All orsource_keywords:      0
    SUM (r/or/o)source lines:   0
    All "option env" attr:      0
    -----------------------------------------------------------------------
    Transformer Output:         12 lines
    -----------------------------------------------------------------------
        Added new bc of def_*:           0
        Added new bc of glob:            0
        Added new bc of config_default:  0
        Added new bc of named choice:    0
        Removed bc of config_default:    0
        Removed bc of named choice:      0
        Removed no match for o(r)source: 0
        Removed optional choice attr:    0
        Removed bool     choice attr:    0
        Removed tristate choice attr:    0
Excel saved: /home/ljd/wsMA_prototyp/transform_projects/transform_px4/PX4_log/results6.xlsx
        Done writting 12 lines in /home/ljd/wsMA_prototyp/transform_projects/transform_px4/PX4_output/src/systemcmds/topic_listener/Kconfig


Reader found: 12 lines in /home/ljd/px4/PX4-Autopilot/src/systemcmds/tune_control/Kconfig
call _transform_lines(lines from reader, input, configdefault dict info)
start transforming 12 input lines
    FILE LOG --------------------------------------------------------------
    Reader input                12 lines
    -----------------------------------------------------------------------
    All source without glob:    0
    All source using glob:      0
    All osource_keywords:       0
    All rsource_keywords:       0
    All orsource_keywords:      0
    SUM (r/or/o)source lines:   0
    All "option env" attr:      0
    -----------------------------------------------------------------------
    Transformer Output:         12 lines
    -----------------------------------------------------------------------
        Added new bc of def_*:           0
        Added new bc of glob:            0
        Added new bc of config_default:  0
        Added new bc of named choice:    0
        Removed bc of config_default:    0
        Removed bc of named choice:      0
        Removed no match for o(r)source: 0
        Removed optional choice attr:    0
        Removed bool     choice attr:    0
        Removed tristate choice attr:    0
Excel saved: /home/ljd/wsMA_prototyp/transform_projects/transform_px4/PX4_log/results6.xlsx
        Done writting 12 lines in /home/ljd/wsMA_prototyp/transform_projects/transform_px4/PX4_output/src/systemcmds/tune_control/Kconfig


Reader found: 10 lines in /home/ljd/px4/PX4-Autopilot/src/systemcmds/uorb/Kconfig
call _transform_lines(lines from reader, input, configdefault dict info)
start transforming 10 input lines
    FILE LOG --------------------------------------------------------------
    Reader input                10 lines
    -----------------------------------------------------------------------
    All source without glob:    0
    All source using glob:      0
    All osource_keywords:       0
    All rsource_keywords:       0
    All orsource_keywords:      0
    SUM (r/or/o)source lines:   0
    All "option env" attr:      0
    -----------------------------------------------------------------------
    Transformer Output:         10 lines
    -----------------------------------------------------------------------
        Added new bc of def_*:           0
        Added new bc of glob:            0
        Added new bc of config_default:  0
        Added new bc of named choice:    0
        Removed bc of config_default:    0
        Removed bc of named choice:      0
        Removed no match for o(r)source: 0
        Removed optional choice attr:    0
        Removed bool     choice attr:    0
        Removed tristate choice attr:    0
Excel saved: /home/ljd/wsMA_prototyp/transform_projects/transform_px4/PX4_log/results6.xlsx
        Done writting 10 lines in /home/ljd/wsMA_prototyp/transform_projects/transform_px4/PX4_output/src/systemcmds/uorb/Kconfig


Reader found: 12 lines in /home/ljd/px4/PX4-Autopilot/src/systemcmds/usb_connected/Kconfig
call _transform_lines(lines from reader, input, configdefault dict info)
start transforming 12 input lines
    FILE LOG --------------------------------------------------------------
    Reader input                12 lines
    -----------------------------------------------------------------------
    All source without glob:    0
    All source using glob:      0
    All osource_keywords:       0
    All rsource_keywords:       0
    All orsource_keywords:      0
    SUM (r/or/o)source lines:   0
    All "option env" attr:      0
    -----------------------------------------------------------------------
    Transformer Output:         12 lines
    -----------------------------------------------------------------------
        Added new bc of def_*:           0
        Added new bc of glob:            0
        Added new bc of config_default:  0
        Added new bc of named choice:    0
        Removed bc of config_default:    0
        Removed bc of named choice:      0
        Removed no match for o(r)source: 0
        Removed optional choice attr:    0
        Removed bool     choice attr:    0
        Removed tristate choice attr:    0
Excel saved: /home/ljd/wsMA_prototyp/transform_projects/transform_px4/PX4_log/results6.xlsx
        Done writting 12 lines in /home/ljd/wsMA_prototyp/transform_projects/transform_px4/PX4_output/src/systemcmds/usb_connected/Kconfig


Reader found: 12 lines in /home/ljd/px4/PX4-Autopilot/src/systemcmds/ver/Kconfig
call _transform_lines(lines from reader, input, configdefault dict info)
start transforming 12 input lines
    FILE LOG --------------------------------------------------------------
    Reader input                12 lines
    -----------------------------------------------------------------------
    All source without glob:    0
    All source using glob:      0
    All osource_keywords:       0
    All rsource_keywords:       0
    All orsource_keywords:      0
    SUM (r/or/o)source lines:   0
    All "option env" attr:      0
    -----------------------------------------------------------------------
    Transformer Output:         12 lines
    -----------------------------------------------------------------------
        Added new bc of def_*:           0
        Added new bc of glob:            0
        Added new bc of config_default:  0
        Added new bc of named choice:    0
        Removed bc of config_default:    0
        Removed bc of named choice:      0
        Removed no match for o(r)source: 0
        Removed optional choice attr:    0
        Removed bool     choice attr:    0
        Removed tristate choice attr:    0
Excel saved: /home/ljd/wsMA_prototyp/transform_projects/transform_px4/PX4_log/results6.xlsx
        Done writting 12 lines in /home/ljd/wsMA_prototyp/transform_projects/transform_px4/PX4_output/src/systemcmds/ver/Kconfig


Reader found: 12 lines in /home/ljd/px4/PX4-Autopilot/src/systemcmds/work_queue/Kconfig
call _transform_lines(lines from reader, input, configdefault dict info)
start transforming 12 input lines
    FILE LOG --------------------------------------------------------------
    Reader input                12 lines
    -----------------------------------------------------------------------
    All source without glob:    0
    All source using glob:      0
    All osource_keywords:       0
    All rsource_keywords:       0
    All orsource_keywords:      0
    SUM (r/or/o)source lines:   0
    All "option env" attr:      0
    -----------------------------------------------------------------------
    Transformer Output:         12 lines
    -----------------------------------------------------------------------
        Added new bc of def_*:           0
        Added new bc of glob:            0
        Added new bc of config_default:  0
        Added new bc of named choice:    0
        Removed bc of config_default:    0
        Removed bc of named choice:      0
        Removed no match for o(r)source: 0
        Removed optional choice attr:    0
        Removed bool     choice attr:    0
        Removed tristate choice attr:    0
Excel saved: /home/ljd/wsMA_prototyp/transform_projects/transform_px4/PX4_log/results6.xlsx
        Done writting 12 lines in /home/ljd/wsMA_prototyp/transform_projects/transform_px4/PX4_output/src/systemcmds/work_queue/Kconfig


Reader found: 1 lines in /home/ljd/px4/PX4-Autopilot/src/examples/Kconfig
call _transform_lines(lines from reader, input, configdefault dict info)
start transforming 1 input lines
    GLOB LOG ----------------------------------------------------------------------------
    Resolve rsource: */Kconfig at line 1
      -> src/examples/dyn_hello/Kconfig
      -> src/examples/fake_gps/Kconfig
      -> src/examples/fake_imu/Kconfig
      -> src/examples/fake_magnetometer/Kconfig
      -> src/examples/hello/Kconfig
      -> src/examples/matlab_csv_serial/Kconfig
      -> src/examples/px4_mavlink_debug/Kconfig
      -> src/examples/px4_simple_app/Kconfig
      -> src/examples/work_item/Kconfig
    Files matching: 9 (using rsource)
    FILE LOG --------------------------------------------------------------
    Reader input                1 lines
    -----------------------------------------------------------------------
    All source without glob:    0
    All source using glob:      0
    All osource_keywords:       0
    All rsource_keywords:       1
    All orsource_keywords:      0
    SUM (r/or/o)source lines:   1
    All "option env" attr:      0
    -----------------------------------------------------------------------
    Transformer Output:         9 lines
    -----------------------------------------------------------------------
        Added new bc of def_*:           0
        Added new bc of glob:            8
        Added new bc of config_default:  0
        Added new bc of named choice:    0
        Removed bc of config_default:    0
        Removed bc of named choice:      0
        Removed no match for o(r)source: 0
        Removed optional choice attr:    0
        Removed bool     choice attr:    0
        Removed tristate choice attr:    0
Excel saved: /home/ljd/wsMA_prototyp/transform_projects/transform_px4/PX4_log/results6.xlsx
        Done writting 9 lines in /home/ljd/wsMA_prototyp/transform_projects/transform_px4/PX4_output/src/examples/Kconfig


Reader found: 5 lines in /home/ljd/px4/PX4-Autopilot/src/examples/dyn_hello/Kconfig
call _transform_lines(lines from reader, input, configdefault dict info)
start transforming 5 input lines
    FILE LOG --------------------------------------------------------------
    Reader input                5 lines
    -----------------------------------------------------------------------
    All source without glob:    0
    All source using glob:      0
    All osource_keywords:       0
    All rsource_keywords:       0
    All orsource_keywords:      0
    SUM (r/or/o)source lines:   0
    All "option env" attr:      0
    -----------------------------------------------------------------------
    Transformer Output:         5 lines
    -----------------------------------------------------------------------
        Added new bc of def_*:           0
        Added new bc of glob:            0
        Added new bc of config_default:  0
        Added new bc of named choice:    0
        Removed bc of config_default:    0
        Removed bc of named choice:      0
        Removed no match for o(r)source: 0
        Removed optional choice attr:    0
        Removed bool     choice attr:    0
        Removed tristate choice attr:    0
Excel saved: /home/ljd/wsMA_prototyp/transform_projects/transform_px4/PX4_log/results6.xlsx
        Done writting 5 lines in /home/ljd/wsMA_prototyp/transform_projects/transform_px4/PX4_output/src/examples/dyn_hello/Kconfig


Reader found: 5 lines in /home/ljd/px4/PX4-Autopilot/src/examples/fake_gps/Kconfig
call _transform_lines(lines from reader, input, configdefault dict info)
start transforming 5 input lines
    FILE LOG --------------------------------------------------------------
    Reader input                5 lines
    -----------------------------------------------------------------------
    All source without glob:    0
    All source using glob:      0
    All osource_keywords:       0
    All rsource_keywords:       0
    All orsource_keywords:      0
    SUM (r/or/o)source lines:   0
    All "option env" attr:      0
    -----------------------------------------------------------------------
    Transformer Output:         5 lines
    -----------------------------------------------------------------------
        Added new bc of def_*:           0
        Added new bc of glob:            0
        Added new bc of config_default:  0
        Added new bc of named choice:    0
        Removed bc of config_default:    0
        Removed bc of named choice:      0
        Removed no match for o(r)source: 0
        Removed optional choice attr:    0
        Removed bool     choice attr:    0
        Removed tristate choice attr:    0
Excel saved: /home/ljd/wsMA_prototyp/transform_projects/transform_px4/PX4_log/results6.xlsx
        Done writting 5 lines in /home/ljd/wsMA_prototyp/transform_projects/transform_px4/PX4_output/src/examples/fake_gps/Kconfig


Reader found: 5 lines in /home/ljd/px4/PX4-Autopilot/src/examples/fake_imu/Kconfig
call _transform_lines(lines from reader, input, configdefault dict info)
start transforming 5 input lines
    FILE LOG --------------------------------------------------------------
    Reader input                5 lines
    -----------------------------------------------------------------------
    All source without glob:    0
    All source using glob:      0
    All osource_keywords:       0
    All rsource_keywords:       0
    All orsource_keywords:      0
    SUM (r/or/o)source lines:   0
    All "option env" attr:      0
    -----------------------------------------------------------------------
    Transformer Output:         5 lines
    -----------------------------------------------------------------------
        Added new bc of def_*:           0
        Added new bc of glob:            0
        Added new bc of config_default:  0
        Added new bc of named choice:    0
        Removed bc of config_default:    0
        Removed bc of named choice:      0
        Removed no match for o(r)source: 0
        Removed optional choice attr:    0
        Removed bool     choice attr:    0
        Removed tristate choice attr:    0
Excel saved: /home/ljd/wsMA_prototyp/transform_projects/transform_px4/PX4_log/results6.xlsx
        Done writting 5 lines in /home/ljd/wsMA_prototyp/transform_projects/transform_px4/PX4_output/src/examples/fake_imu/Kconfig


Reader found: 5 lines in /home/ljd/px4/PX4-Autopilot/src/examples/fake_magnetometer/Kconfig
call _transform_lines(lines from reader, input, configdefault dict info)
start transforming 5 input lines
    FILE LOG --------------------------------------------------------------
    Reader input                5 lines
    -----------------------------------------------------------------------
    All source without glob:    0
    All source using glob:      0
    All osource_keywords:       0
    All rsource_keywords:       0
    All orsource_keywords:      0
    SUM (r/or/o)source lines:   0
    All "option env" attr:      0
    -----------------------------------------------------------------------
    Transformer Output:         5 lines
    -----------------------------------------------------------------------
        Added new bc of def_*:           0
        Added new bc of glob:            0
        Added new bc of config_default:  0
        Added new bc of named choice:    0
        Removed bc of config_default:    0
        Removed bc of named choice:      0
        Removed no match for o(r)source: 0
        Removed optional choice attr:    0
        Removed bool     choice attr:    0
        Removed tristate choice attr:    0
Excel saved: /home/ljd/wsMA_prototyp/transform_projects/transform_px4/PX4_log/results6.xlsx
        Done writting 5 lines in /home/ljd/wsMA_prototyp/transform_projects/transform_px4/PX4_output/src/examples/fake_magnetometer/Kconfig


Reader found: 5 lines in /home/ljd/px4/PX4-Autopilot/src/examples/hello/Kconfig
call _transform_lines(lines from reader, input, configdefault dict info)
start transforming 5 input lines
    FILE LOG --------------------------------------------------------------
    Reader input                5 lines
    -----------------------------------------------------------------------
    All source without glob:    0
    All source using glob:      0
    All osource_keywords:       0
    All rsource_keywords:       0
    All orsource_keywords:      0
    SUM (r/or/o)source lines:   0
    All "option env" attr:      0
    -----------------------------------------------------------------------
    Transformer Output:         5 lines
    -----------------------------------------------------------------------
        Added new bc of def_*:           0
        Added new bc of glob:            0
        Added new bc of config_default:  0
        Added new bc of named choice:    0
        Removed bc of config_default:    0
        Removed bc of named choice:      0
        Removed no match for o(r)source: 0
        Removed optional choice attr:    0
        Removed bool     choice attr:    0
        Removed tristate choice attr:    0
Excel saved: /home/ljd/wsMA_prototyp/transform_projects/transform_px4/PX4_log/results6.xlsx
        Done writting 5 lines in /home/ljd/wsMA_prototyp/transform_projects/transform_px4/PX4_output/src/examples/hello/Kconfig


Reader found: 5 lines in /home/ljd/px4/PX4-Autopilot/src/examples/matlab_csv_serial/Kconfig
call _transform_lines(lines from reader, input, configdefault dict info)
start transforming 5 input lines
    FILE LOG --------------------------------------------------------------
    Reader input                5 lines
    -----------------------------------------------------------------------
    All source without glob:    0
    All source using glob:      0
    All osource_keywords:       0
    All rsource_keywords:       0
    All orsource_keywords:      0
    SUM (r/or/o)source lines:   0
    All "option env" attr:      0
    -----------------------------------------------------------------------
    Transformer Output:         5 lines
    -----------------------------------------------------------------------
        Added new bc of def_*:           0
        Added new bc of glob:            0
        Added new bc of config_default:  0
        Added new bc of named choice:    0
        Removed bc of config_default:    0
        Removed bc of named choice:      0
        Removed no match for o(r)source: 0
        Removed optional choice attr:    0
        Removed bool     choice attr:    0
        Removed tristate choice attr:    0
Excel saved: /home/ljd/wsMA_prototyp/transform_projects/transform_px4/PX4_log/results6.xlsx
        Done writting 5 lines in /home/ljd/wsMA_prototyp/transform_projects/transform_px4/PX4_output/src/examples/matlab_csv_serial/Kconfig


Reader found: 5 lines in /home/ljd/px4/PX4-Autopilot/src/examples/px4_mavlink_debug/Kconfig
call _transform_lines(lines from reader, input, configdefault dict info)
start transforming 5 input lines
    FILE LOG --------------------------------------------------------------
    Reader input                5 lines
    -----------------------------------------------------------------------
    All source without glob:    0
    All source using glob:      0
    All osource_keywords:       0
    All rsource_keywords:       0
    All orsource_keywords:      0
    SUM (r/or/o)source lines:   0
    All "option env" attr:      0
    -----------------------------------------------------------------------
    Transformer Output:         5 lines
    -----------------------------------------------------------------------
        Added new bc of def_*:           0
        Added new bc of glob:            0
        Added new bc of config_default:  0
        Added new bc of named choice:    0
        Removed bc of config_default:    0
        Removed bc of named choice:      0
        Removed no match for o(r)source: 0
        Removed optional choice attr:    0
        Removed bool     choice attr:    0
        Removed tristate choice attr:    0
Excel saved: /home/ljd/wsMA_prototyp/transform_projects/transform_px4/PX4_log/results6.xlsx
        Done writting 5 lines in /home/ljd/wsMA_prototyp/transform_projects/transform_px4/PX4_output/src/examples/px4_mavlink_debug/Kconfig


Reader found: 5 lines in /home/ljd/px4/PX4-Autopilot/src/examples/px4_simple_app/Kconfig
call _transform_lines(lines from reader, input, configdefault dict info)
start transforming 5 input lines
    FILE LOG --------------------------------------------------------------
    Reader input                5 lines
    -----------------------------------------------------------------------
    All source without glob:    0
    All source using glob:      0
    All osource_keywords:       0
    All rsource_keywords:       0
    All orsource_keywords:      0
    SUM (r/or/o)source lines:   0
    All "option env" attr:      0
    -----------------------------------------------------------------------
    Transformer Output:         5 lines
    -----------------------------------------------------------------------
        Added new bc of def_*:           0
        Added new bc of glob:            0
        Added new bc of config_default:  0
        Added new bc of named choice:    0
        Removed bc of config_default:    0
        Removed bc of named choice:      0
        Removed no match for o(r)source: 0
        Removed optional choice attr:    0
        Removed bool     choice attr:    0
        Removed tristate choice attr:    0
Excel saved: /home/ljd/wsMA_prototyp/transform_projects/transform_px4/PX4_log/results6.xlsx
        Done writting 5 lines in /home/ljd/wsMA_prototyp/transform_projects/transform_px4/PX4_output/src/examples/px4_simple_app/Kconfig


Reader found: 5 lines in /home/ljd/px4/PX4-Autopilot/src/examples/work_item/Kconfig
call _transform_lines(lines from reader, input, configdefault dict info)
start transforming 5 input lines
    FILE LOG --------------------------------------------------------------
    Reader input                5 lines
    -----------------------------------------------------------------------
    All source without glob:    0
    All source using glob:      0
    All osource_keywords:       0
    All rsource_keywords:       0
    All orsource_keywords:      0
    SUM (r/or/o)source lines:   0
    All "option env" attr:      0
    -----------------------------------------------------------------------
    Transformer Output:         5 lines
    -----------------------------------------------------------------------
        Added new bc of def_*:           0
        Added new bc of glob:            0
        Added new bc of config_default:  0
        Added new bc of named choice:    0
        Removed bc of config_default:    0
        Removed bc of named choice:      0
        Removed no match for o(r)source: 0
        Removed optional choice attr:    0
        Removed bool     choice attr:    0
        Removed tristate choice attr:    0
Excel saved: /home/ljd/wsMA_prototyp/transform_projects/transform_px4/PX4_log/results6.xlsx
        Done writting 5 lines in /home/ljd/wsMA_prototyp/transform_projects/transform_px4/PX4_output/src/examples/work_item/Kconfig


Reader found: 5 lines in /home/ljd/px4/PX4-Autopilot/platforms/Kconfig
call _transform_lines(lines from reader, input, configdefault dict info)
start transforming 5 input lines
    GLOB LOG ----------------------------------------------------------------------------
    Resolve rsource: nuttx/Kconfig at line 2
      -> platforms/nuttx/Kconfig
    Files matching: 1 (using rsource)
    GLOB LOG ----------------------------------------------------------------------------
    Resolve rsource: common/Kconfig at line 5
      no files found for the: common/Kconfig
    FILE LOG --------------------------------------------------------------
    Reader input                5 lines
    -----------------------------------------------------------------------
    All source without glob:    0
    All source using glob:      0
    All osource_keywords:       0
    All rsource_keywords:       2
    All orsource_keywords:      0
    SUM (r/or/o)source lines:   2
    All "option env" attr:      0
    -----------------------------------------------------------------------
    Transformer Output:         4 lines
    -----------------------------------------------------------------------
        Added new bc of def_*:           0
        Added new bc of glob:            0
        Added new bc of config_default:  0
        Added new bc of named choice:    0
        Removed bc of config_default:    0
        Removed bc of named choice:      0
        Removed no match for o(r)source: 1
        Removed optional choice attr:    0
        Removed bool     choice attr:    0
        Removed tristate choice attr:    0
Excel saved: /home/ljd/wsMA_prototyp/transform_projects/transform_px4/PX4_log/results6.xlsx
        Done writting 4 lines in /home/ljd/wsMA_prototyp/transform_projects/transform_px4/PX4_output/platforms/Kconfig


Reader found: 26 lines in /home/ljd/px4/PX4-Autopilot/platforms/nuttx/Kconfig
call _transform_lines(lines from reader, input, configdefault dict info)
start transforming 26 input lines
    current_indx: 1 - choice_attr_end: 4
    FILE LOG --------------------------------------------------------------
    Reader input                26 lines
    -----------------------------------------------------------------------
    All source without glob:    0
    All source using glob:      0
    All osource_keywords:       0
    All rsource_keywords:       0
    All orsource_keywords:      0
    SUM (r/or/o)source lines:   0
    All "option env" attr:      0
    -----------------------------------------------------------------------
    Transformer Output:         26 lines
    -----------------------------------------------------------------------
        Added new bc of def_*:           0
        Added new bc of glob:            0
        Added new bc of config_default:  0
        Added new bc of named choice:    0
        Removed bc of config_default:    0
        Removed bc of named choice:      0
        Removed no match for o(r)source: 0
        Removed optional choice attr:    0
        Removed bool     choice attr:    0
        Removed tristate choice attr:    0
Excel saved: /home/ljd/wsMA_prototyp/transform_projects/transform_px4/PX4_log/results6.xlsx
        Done writting 26 lines in /home/ljd/wsMA_prototyp/transform_projects/transform_px4/PX4_output/platforms/nuttx/Kconfig


Reader found: 1 lines in /home/ljd/px4/PX4-Autopilot/platforms/common/Kconfig
call _transform_lines(lines from reader, input, configdefault dict info)
start transforming 1 input lines
    GLOB LOG ----------------------------------------------------------------------------
    Resolve rsource: */Kconfig at line 1
      -> platforms/common/px4_work_queue/Kconfig
      -> platforms/common/uORB/Kconfig
    Files matching: 2 (using rsource)
    FILE LOG --------------------------------------------------------------
    Reader input                1 lines
    -----------------------------------------------------------------------
    All source without glob:    0
    All source using glob:      0
    All osource_keywords:       0
    All rsource_keywords:       1
    All orsource_keywords:      0
    SUM (r/or/o)source lines:   1
    All "option env" attr:      0
    -----------------------------------------------------------------------
    Transformer Output:         2 lines
    -----------------------------------------------------------------------
        Added new bc of def_*:           0
        Added new bc of glob:            1
        Added new bc of config_default:  0
        Added new bc of named choice:    0
        Removed bc of config_default:    0
        Removed bc of named choice:      0
        Removed no match for o(r)source: 0
        Removed optional choice attr:    0
        Removed bool     choice attr:    0
        Removed tristate choice attr:    0
Excel saved: /home/ljd/wsMA_prototyp/transform_projects/transform_px4/PX4_log/results6.xlsx
        Done writting 2 lines in /home/ljd/wsMA_prototyp/transform_projects/transform_px4/PX4_output/platforms/common/Kconfig


Reader found: 317 lines in /home/ljd/px4/PX4-Autopilot/platforms/common/px4_work_queue/Kconfig
call _transform_lines(lines from reader, input, configdefault dict info)
start transforming 317 input lines
    FILE LOG --------------------------------------------------------------
    Reader input                317 lines
    -----------------------------------------------------------------------
    All source without glob:    0
    All source using glob:      0
    All osource_keywords:       0
    All rsource_keywords:       0
    All orsource_keywords:      0
    SUM (r/or/o)source lines:   0
    All "option env" attr:      0
    -----------------------------------------------------------------------
    Transformer Output:         317 lines
    -----------------------------------------------------------------------
        Added new bc of def_*:           0
        Added new bc of glob:            0
        Added new bc of config_default:  0
        Added new bc of named choice:    0
        Removed bc of config_default:    0
        Removed bc of named choice:      0
        Removed no match for o(r)source: 0
        Removed optional choice attr:    0
        Removed bool     choice attr:    0
        Removed tristate choice attr:    0
Excel saved: /home/ljd/wsMA_prototyp/transform_projects/transform_px4/PX4_log/results6.xlsx
        Done writting 317 lines in /home/ljd/wsMA_prototyp/transform_projects/transform_px4/PX4_output/platforms/common/px4_work_queue/Kconfig


Reader found: 6 lines in /home/ljd/px4/PX4-Autopilot/platforms/common/uORB/Kconfig
call _transform_lines(lines from reader, input, configdefault dict info)
start transforming 6 input lines
    FILE LOG --------------------------------------------------------------
    Reader input                6 lines
    -----------------------------------------------------------------------
    All source without glob:    0
    All source using glob:      0
    All osource_keywords:       0
    All rsource_keywords:       0
    All orsource_keywords:      0
    SUM (r/or/o)source lines:   0
    All "option env" attr:      0
    -----------------------------------------------------------------------
    Transformer Output:         6 lines
    -----------------------------------------------------------------------
        Added new bc of def_*:           0
        Added new bc of glob:            0
        Added new bc of config_default:  0
        Added new bc of named choice:    0
        Removed bc of config_default:    0
        Removed bc of named choice:      0
        Removed no match for o(r)source: 0
        Removed optional choice attr:    0
        Removed bool     choice attr:    0
        Removed tristate choice attr:    0
Excel saved: /home/ljd/wsMA_prototyp/transform_projects/transform_px4/PX4_log/results6.xlsx
        Done writting 6 lines in /home/ljd/wsMA_prototyp/transform_projects/transform_px4/PX4_output/platforms/common/uORB/Kconfig


Reader found: 5 lines in /home/ljd/px4/PX4-Autopilot/src/lib/cdrstream/Kconfig
call _transform_lines(lines from reader, input, configdefault dict info)
start transforming 5 input lines
    FILE LOG --------------------------------------------------------------
    Reader input                5 lines
    -----------------------------------------------------------------------
    All source without glob:    0
    All source using glob:      0
    All osource_keywords:       0
    All rsource_keywords:       0
    All orsource_keywords:      0
    SUM (r/or/o)source lines:   0
    All "option env" attr:      0
    -----------------------------------------------------------------------
    Transformer Output:         5 lines
    -----------------------------------------------------------------------
        Added new bc of def_*:           0
        Added new bc of glob:            0
        Added new bc of config_default:  0
        Added new bc of named choice:    0
        Removed bc of config_default:    0
        Removed bc of named choice:      0
        Removed no match for o(r)source: 0
        Removed optional choice attr:    0
        Removed bool     choice attr:    0
        Removed tristate choice attr:    0
Excel saved: /home/ljd/wsMA_prototyp/transform_projects/transform_px4/PX4_log/results6.xlsx
        Done writting 5 lines in /home/ljd/wsMA_prototyp/transform_projects/transform_px4/PX4_output/src/lib/cdrstream/Kconfig


Reader found: 11 lines in /home/ljd/px4/PX4-Autopilot/src/lib/parameters/Kconfig
call _transform_lines(lines from reader, input, configdefault dict info)
start transforming 11 input lines
    FILE LOG --------------------------------------------------------------
    Reader input                11 lines
    -----------------------------------------------------------------------
    All source without glob:    0
    All source using glob:      0
    All osource_keywords:       0
    All rsource_keywords:       0
    All orsource_keywords:      0
    SUM (r/or/o)source lines:   0
    All "option env" attr:      0
    -----------------------------------------------------------------------
    Transformer Output:         11 lines
    -----------------------------------------------------------------------
        Added new bc of def_*:           0
        Added new bc of glob:            0
        Added new bc of config_default:  0
        Added new bc of named choice:    0
        Removed bc of config_default:    0
        Removed bc of named choice:      0
        Removed no match for o(r)source: 0
        Removed optional choice attr:    0
        Removed bool     choice attr:    0
        Removed tristate choice attr:    0
Excel saved: /home/ljd/wsMA_prototyp/transform_projects/transform_px4/PX4_log/results6.xlsx
        Done writting 11 lines in /home/ljd/wsMA_prototyp/transform_projects/transform_px4/PX4_output/src/lib/parameters/Kconfig


Reader found: 7 lines in /home/ljd/px4/PX4-Autopilot/src/lib/tensorflow_lite_micro/Kconfig
call _transform_lines(lines from reader, input, configdefault dict info)
start transforming 7 input lines
    FILE LOG --------------------------------------------------------------
    Reader input                7 lines
    -----------------------------------------------------------------------
    All source without glob:    0
    All source using glob:      0
    All osource_keywords:       0
    All rsource_keywords:       0
    All orsource_keywords:      0
    SUM (r/or/o)source lines:   0
    All "option env" attr:      0
    -----------------------------------------------------------------------
    Transformer Output:         7 lines
    -----------------------------------------------------------------------
        Added new bc of def_*:           0
        Added new bc of glob:            0
        Added new bc of config_default:  0
        Added new bc of named choice:    0
        Removed bc of config_default:    0
        Removed bc of named choice:      0
        Removed no match for o(r)source: 0
        Removed optional choice attr:    0
        Removed bool     choice attr:    0
        Removed tristate choice attr:    0
Excel saved: /home/ljd/wsMA_prototyp/transform_projects/transform_px4/PX4_log/results6.xlsx
        Done writting 7 lines in /home/ljd/wsMA_prototyp/transform_projects/transform_px4/PX4_output/src/lib/tensorflow_lite_micro/Kconfig
----------------------------------------------------------------------
finished transforming: 345 files transformed
----------------------------------------------------------------------
Overall parser info: 
    -> ExParserContext - unique options: 834
    -> ExParserContext - configdefaults: 0 ()
    -> ExParserContext - unique choices: 7
    -> ExParserContext - named choices:  1
----------------------------------------------------------------------
    option modules: 0
----------------------------------------------------------------------
count options/attr that are not transformed: 
    allnoconfig_y:  0
    defconfig_list: 0
    warning:        0
    set:            0
    set default:    0
----------------------------------------------------------------------
count changes that don't affect the output size: 
        Changed inline prompt choice:    0
        Changed typ of choice element:   0

====================================================================================================
TIMER REPORT:
====================================================================================================
    Parser initialization.............................    0.002180s
    Got parser results................................    0.027015s
    Built context from parser results.................    0.003593s
    File transformation and excel log.................    9.412402s
----------------------------------------------------------------------------------------------------
    TOTAL TIME........................................   9.445192s ~ 9.45s
====================================================================================================
